team,kind,name,status,source,reason
Arizona Cardinals,roster,Isaiah Adams,saved,https://a.espncdn.com/i/headshots/nfl/players/full/5084939.png,
Arizona Cardinals,roster,Tyler Allgeier,saved,https://a.espncdn.com/i/headshots/nfl/players/full/4373626.png,
Arizona Cardinals,roster,Carson Beck,saved,https://a.espncdn.com/i/headshots/nfl/players/full/4430841.png,
Arizona Cardinals,roster,Kendrick Bourne,saved,https://a.espncdn.com/i/headshots/nfl/players/full/3045523.png,
Arizona Cardinals,roster,Jacoby Brissett,saved,https://a.espncdn.com/i/headshots/nfl/players/full/2578570.png,
Arizona Cardinals,roster,Jalen Brooks,saved,https://a.espncdn.com/i/headshots/nfl/players/full/4692835.png,
Arizona Cardinals,roster,Hayden Conner,saved,https://a.espncdn.com/i/headshots/nfl/players/full/4431214.png,
Arizona Cardinals,roster,Devin Duvernay,saved,https://a.espncdn.com/i/headshots/nfl/players/full/4039050.png,
Arizona Cardinals,roster,Simi Fehoko,saved,https://a.espncdn.com/i/headshots/nfl/players/full/4360739.png,
Arizona Cardinals,roster,Hjalte Froholdt,saved,https://a.espncdn.com/i/headshots/nfl/players/full/3886633.png,
Arizona Cardinals,roster,Josh Fryar,saved,https://a.espncdn.com/i/headshots/nfl/players/full/4429782.png,
Arizona Cardinals,roster,Jon Gaines II,saved,https://a.espncdn.com/i/headshots/nfl/players/full/4367199.png,
Arizona Cardinals,roster,Marvin Harrison Jr.,saved,https://a.espncdn.com/i/headshots/nfl/players/full/4432708.png,
Arizona Cardinals,roster,Elijah Higgins,saved,https://a.espncdn.com/i/headshots/nfl/players/full/4426844.png,
Arizona Cardinals,roster,Paris Johnson Jr.,saved,https://a.espncdn.com/i/headshots/nfl/players/full/4428991.png,
Arizona Cardinals,roster,Bam Knight,saved,https://a.espncdn.com/i/headshots/nfl/players/full/4427728.png,
Arizona Cardinals,roster,Hunter Long,saved,https://a.espncdn.com/i/headshots/nfl/players/full/4239944.png,
Arizona Cardinals,roster,Jeremiyah Love,saved,https://a.espncdn.com/i/headshots/nfl/players/full/4870808.png,
Arizona Cardinals,roster,Trey McBride,saved,https://a.espncdn.com/i/headshots/nfl/players/full/4361307.png,
Arizona Cardinals,roster,Gardner Minshew II,saved,https://a.espncdn.com/i/headshots/nfl/players/full/4038524.png,
Arizona Cardinals,roster,Isaac Seumalo,saved,https://a.espncdn.com/i/headshots/nfl/players/full/2978247.png,
Arizona Cardinals,roster,Reggie Virgil,saved,https://a.espncdn.com/i/headshots/nfl/players/full/4869132.png,
Arizona Cardinals,roster,Elijah Wilkinson,saved,https://a.espncdn.com/i/headshots/nfl/players/full/3059839.png,
Arizona Cardinals,roster,Jayden Williams,saved,https://a.espncdn.com/i/headshots/nfl/players/full/4709718.png,
Arizona Cardinals,roster,Michael Wilson,saved,https://a.espncdn.com/i/headshots/nfl/players/full/4360761.png,
Arizona Cardinals,roster,Budda Baker,saved,https://a.espncdn.com/i/headshots/nfl/players/full/3127287.png,
Arizona Cardinals,roster,Andrew Billings,saved,https://a.espncdn.com/i/headshots/nfl/players/full/3051775.png,
Arizona Cardinals,roster,Baron Browning,saved,https://a.espncdn.com/i/headshots/nfl/players/full/4241987.png,
Arizona Cardinals,roster,Jordan Burch,saved,https://a.espncdn.com/i/headshots/nfl/players/full/4428996.png,
Arizona Cardinals,roster,Denzel Burke,saved,https://a.espncdn.com/i/headshots/nfl/players/full/4432668.png,
Arizona Cardinals,roster,Kei'Trel Clark,saved,https://a.espncdn.com/i/headshots/nfl/players/full/4426923.png,
Arizona Cardinals,roster,L.J. Collier,saved,https://a.espncdn.com/i/headshots/nfl/players/full/3116449.png,
Arizona Cardinals,roster,Zaven Collins,saved,https://a.espncdn.com/i/headshots/nfl/players/full/4244606.png,
Arizona Cardinals,roster,Jack Gibbens,saved,https://a.espncdn.com/i/headshots/nfl/players/full/4249739.png,
Arizona Cardinals,roster,Will Johnson,saved,https://a.espncdn.com/i/headshots/nfl/players/full/4685408.png,
Arizona Cardinals,roster,Kalen King,saved,https://a.espncdn.com/i/headshots/nfl/players/full/4431433.png,
Arizona Cardinals,roster,Eku Leota,saved,https://a.espncdn.com/i/headshots/nfl/players/full/4361272.png,
Arizona Cardinals,roster,Roy Lopez,saved,https://a.espncdn.com/i/headshots/nfl/players/full/4040805.png,
Arizona Cardinals,roster,Max Melton,saved,https://a.espncdn.com/i/headshots/nfl/players/full/4698113.png,
Arizona Cardinals,roster,Walter Nolen III,saved,https://a.espncdn.com/i/headshots/nfl/players/full/4685503.png,
Arizona Cardinals,roster,Darius Robinson,saved,https://a.espncdn.com/i/headshots/nfl/players/full/4569480.png,
Arizona Cardinals,roster,Karson Sharar,saved,https://a.espncdn.com/i/headshots/nfl/players/full/4709695.png,
Arizona Cardinals,roster,Cody Simon,saved,https://a.espncdn.com/i/headshots/nfl/players/full/4429071.png,
Arizona Cardinals,roster,Dante Stills,saved,https://a.espncdn.com/i/headshots/nfl/players/full/4362225.png,
Arizona Cardinals,roster,Josh Sweat,saved,https://a.espncdn.com/i/headshots/nfl/players/full/3693166.png,
Arizona Cardinals,roster,Dadrion Taylor-Demerson,saved,https://a.espncdn.com/i/headshots/nfl/players/full/4428633.png,
Arizona Cardinals,roster,Garrett Williams,saved,https://a.espncdn.com/i/headshots/nfl/players/full/4568506.png,
Arizona Cardinals,roster,Wydett Williams Jr.,saved,https://a.espncdn.com/i/headshots/nfl/players/full/5099542.png,
Arizona Cardinals,roster,Mack Wilson Sr.,saved,https://a.espncdn.com/i/headshots/nfl/players/full/4040983.png,
Arizona Cardinals,roster,Andrew Wingard,saved,https://a.espncdn.com/i/headshots/nfl/players/full/3918331.png,
Arizona Cardinals,roster,Blake Gillikin,saved,https://a.espncdn.com/i/headshots/nfl/players/full/4045180.png,
Arizona Cardinals,roster,Casey Kreiter,saved,https://a.espncdn.com/i/headshots/nfl/players/full/17304.png,
Arizona Cardinals,roster,Chad Ryland,saved,https://a.espncdn.com/i/headshots/nfl/players/full/4363538.png,
Arizona Cardinals,roster,Trey Benson,saved,https://a.espncdn.com/i/headshots/nfl/players/full/4429275.png,
Arizona Cardinals,roster,Chase Bisontis,saved,https://a.espncdn.com/i/headshots/nfl/players/full/4870596.png,
Arizona Cardinals,roster,Joey Blount,saved,https://a.espncdn.com/i/headshots/nfl/players/full/4240824.png,
Arizona Cardinals,roster,Zachary Carter,saved,https://a.espncdn.com/i/headshots/nfl/players/full/4240619.png,
Arizona Cardinals,roster,James Conner,saved,https://a.espncdn.com/i/headshots/nfl/players/full/3045147.png,
Arizona Cardinals,roster,Kitan Crawford,saved,https://a.espncdn.com/i/headshots/nfl/players/full/4430821.png,
Arizona Cardinals,roster,Jameson Geers,saved,https://a.espncdn.com/i/headshots/nfl/players/full/4588298.png,
Arizona Cardinals,roster,Josh Minkins,saved,https://a.espncdn.com/i/headshots/nfl/players/full/4686338.png,
Arizona Cardinals,roster,Kaleb Proctor,saved,https://a.espncdn.com/i/headshots/nfl/players/full/5084514.png,
Arizona Cardinals,roster,Tip Reiman,saved,https://a.espncdn.com/i/headshots/nfl/players/full/4696700.png,
Arizona Cardinals,roster,Xavier Weaver,saved,https://a.espncdn.com/i/headshots/nfl/players/full/4428811.png,
Arizona Cardinals,roster,Eugene Asante,saved,https://a.espncdn.com/i/headshots/nfl/players/full/4427532.png,
Arizona Cardinals,roster,Shawn Bowman,saved,https://a.espncdn.com/i/headshots/nfl/players/full/4366910.png,
Arizona Cardinals,roster,Art Green,saved,https://a.espncdn.com/i/headshots/nfl/players/full/4689674.png,
Arizona Cardinals,roster,Jared Harrison-Hunte,saved,https://a.espncdn.com/i/headshots/nfl/players/full/4427401.png,
Arizona Cardinals,roster,Cam Horsley,saved,https://a.espncdn.com/i/headshots/nfl/players/full/4431147.png,
Arizona Cardinals,roster,Evan Hull,saved,https://a.espncdn.com/i/headshots/nfl/players/full/4569609.png,
Arizona Cardinals,roster,Demontrey Jacobs,saved,https://a.espncdn.com/i/headshots/nfl/players/full/4250935.png,
Arizona Cardinals,roster,D'Shawn Jamison,saved,https://a.espncdn.com/i/headshots/nfl/players/full/4362082.png,
Arizona Cardinals,roster,Vershon Lee,saved,https://a.espncdn.com/i/headshots/nfl/players/full/4430218.png,
Arizona Cardinals,roster,Matt Pryor,saved,https://a.espncdn.com/i/headshots/nfl/players/full/3055886.png,
Arizona Cardinals,roster,Teagan Quitoriano,saved,https://a.espncdn.com/i/headshots/nfl/players/full/4374045.png,
Arizona Cardinals,roster,Jerrick Reed II,saved,https://a.espncdn.com/i/headshots/nfl/players/full/4570084.png,
Arizona Cardinals,roster,Cameron Robertson,saved,https://a.espncdn.com/i/headshots/nfl/players/full/4900789.png,
Arizona Cardinals,roster,Valentin Senn,saved,https://a.espncdn.com/i/headshots/nfl/players/full/4428458.png,
Arizona Cardinals,roster,Starling Thomas V,saved,https://a.espncdn.com/i/headshots/nfl/players/full/4363408.png,
Arizona Cardinals,roster,Harrison Wallace III,saved,https://a.espncdn.com/i/headshots/nfl/players/full/4699354.png,
Arizona Cardinals,roster,Damonic Williams,saved,https://a.espncdn.com/i/headshots/nfl/players/full/4685582.png,
Arizona Cardinals,staff,Mike LaFleur,saved,https://static.clubs.nfl.com/image/upload/t_headshot_desktop/f_auto/cardinals/oslbhmncmtr07ff5mnwu.jpg,HTTP Error 404: Not Found
Arizona Cardinals,staff,Nick Rallis,saved,https://static.clubs.nfl.com/image/upload/t_headshot_desktop/f_auto/cardinals/ugrljxo7lhbf7veqghbu.jpg,
Arizona Cardinals,staff,Nathaniel Hackett,saved,https://static.clubs.nfl.com/image/upload/t_headshot_desktop/f_auto/cardinals/tchepdqw3hk9q7h6ihya.jpg,
Arizona Cardinals,staff,Michael Ghobrial,saved,https://static.clubs.nfl.com/image/upload/t_headshot_desktop/f_auto/cardinals/uhb5fkc60q2g2mkrmbqi.jpg,
Arizona Cardinals,staff,Chris Cook,saved,https://static.clubs.nfl.com/image/upload/t_headshot_desktop/f_auto/cardinals/espaecbxfhr0inki3g3b.jpg,
Arizona Cardinals,staff,Brett Ekkens,saved,https://static.clubs.nfl.com/image/upload/t_headshot_desktop/f_auto/cardinals/cihwv90ezuu73yvnqs8b.jpg,
Arizona Cardinals,staff,Justin Frye,saved,https://static.clubs.nfl.com/image/upload/t_headshot_desktop/f_auto/cardinals/okcgcgojrvouvcfdoky4.jpg,
Arizona Cardinals,staff,Wendy Laurent,saved,https://static.clubs.nfl.com/image/upload/t_headshot_desktop/f_auto/cardinals/ism0vswdf7kr9rhpk6dx.jpg,
Arizona Cardinals,staff,Matt Merritt,saved,https://static.clubs.nfl.com/image/upload/t_headshot_desktop/f_auto/cardinals/qrs0qkws5fynek8vcfqq.jpg,
Arizona Cardinals,staff,Jake Moreland,saved,https://static.clubs.nfl.com/image/upload/t_headshot_desktop/f_auto/cardinals/nzmfid8kxg5he18l2auq.jpg,
Arizona Cardinals,staff,Matt Schaub,saved,https://static.clubs.nfl.com/image/upload/t_headshot_desktop/f_auto/cardinals/bdisqdp6sjncxumypwpd.jpg,
Arizona Cardinals,staff,Connor Senger,saved,https://static.clubs.nfl.com/image/upload/t_headshot_desktop/f_auto/cardinals/s2aqvjaz0ieokhmfpqvx.jpg,
Arizona Cardinals,staff,Tony Sorrentino,saved,https://static.clubs.nfl.com/image/upload/t_headshot_desktop/f_auto/cardinals/t0y8vu8t7gwmbagmwlac.jpg,
Arizona Cardinals,staff,Teryl Austin,saved,https://static.clubs.nfl.com/image/upload/t_headshot_desktop/f_auto/cardinals/atz3p3xnxodatonzq6kt.jpg,
Arizona Cardinals,staff,Zac Etheridge,saved,https://static.clubs.nfl.com/image/upload/t_headshot_desktop/f_auto/cardinals/bkdh6vtyz6zr5cowh1fc.jpg,
Arizona Cardinals,staff,Matt Feeney,saved,https://static.clubs.nfl.com/image/upload/t_headshot_desktop/f_auto/cardinals/hckkdlcrudsexdhdbxe5.jpg,
Arizona Cardinals,staff,Cristian Garcia,saved,https://static.clubs.nfl.com/image/upload/t_headshot_desktop/f_auto/cardinals/w4rh2himund8opuzx13o.jpg,
Arizona Cardinals,staff,Brent Jackson,saved,https://static.clubs.nfl.com/image/upload/t_headshot_desktop/f_auto/cardinals/ydbphvilbzsf9wxu7kko.jpg,
Arizona Cardinals,staff,Pete Kwiatkowski,saved,https://static.clubs.nfl.com/image/upload/t_headshot_desktop/f_auto/cardinals/cspa5inkfnu5dqce7zwd.jpg,
Arizona Cardinals,staff,Alec Osborne,saved,https://static.clubs.nfl.com/image/upload/t_headshot_desktop/f_auto/cardinals/py82jmey3am7zxbwakjg.jpg,
Arizona Cardinals,staff,Rod Wilson,saved,https://static.clubs.nfl.com/image/upload/t_headshot_desktop/f_auto/cardinals/rstfxxwx6zicxky3ewjy.jpg,
Arizona Cardinals,staff,Sam Sewell,saved,https://static.clubs.nfl.com/image/upload/t_headshot_desktop/f_auto/cardinals/xlqho3difxtsj1ptdqj3.jpg,
Arizona Cardinals,staff,Kyle Sammons,saved,https://static.clubs.nfl.com/image/upload/t_headshot_desktop/f_auto/cardinals/ajkjhinpswaxkilh6vqt.jpg,
Arizona Cardinals,staff,Matt King,saved,https://static.clubs.nfl.com/image/upload/t_headshot_desktop/f_auto/cardinals/al0gm9m0ived2ubpp2kl.jpg,
Arizona Cardinals,staff,Rich Pruett,saved,https://static.clubs.nfl.com/image/upload/t_headshot_desktop/f_auto/cardinals/z0ukuay8z4lxqdt1twsd.jpg,
Arizona Cardinals,staff,Aaron Sanchez,saved,https://static.clubs.nfl.com/image/upload/t_headshot_desktop/f_auto/cardinals/o6la7qq3il0u2tuybnpp.jpg,
Arizona Cardinals,staff,Buddy Morris,saved,https://static.clubs.nfl.com/image/upload/t_headshot_desktop/f_auto/cardinals/esozdrhgx5ja2kvc7o8m.jpg,
Arizona Cardinals,staff,Shea Thompson,saved,https://static.clubs.nfl.com/image/upload/t_headshot_desktop/f_auto/cardinals/rdqc3czrl1pd6efaxy86.jpg,
Arizona Cardinals,staff,Kenny Bell,saved,https://static.clubs.nfl.com/image/upload/t_headshot_desktop/f_auto/cardinals/ofrnsathapyusikydyif.jpg,
Arizona Cardinals,staff,Jay Razzano,saved,https://static.clubs.nfl.com/image/upload/t_headshot_desktop/f_auto/cardinals/rhykbxur6m0nvzvzulii.jpg,
Atlanta Falcons,roster,Matthew Bergeron,saved,https://a.espncdn.com/i/headshots/nfl/players/full/4568510.png,
Atlanta Falcons,roster,Chris Blair,saved,https://a.espncdn.com/i/headshots/nfl/players/full/4369886.png,
Atlanta Falcons,roster,Zachariah Branch,saved,https://a.espncdn.com/i/headshots/nfl/players/full/4870612.png,
Atlanta Falcons,roster,Jahan Dotson,saved,https://a.espncdn.com/i/headshots/nfl/players/full/4361409.png,
Atlanta Falcons,roster,Kyle Hinton,saved,https://a.espncdn.com/i/headshots/nfl/players/full/4682831.png,
Atlanta Falcons,roster,Austin Hooper,saved,https://a.espncdn.com/i/headshots/nfl/players/full/3043275.png,
Atlanta Falcons,roster,Michael Jerrell,saved,https://a.espncdn.com/i/headshots/nfl/players/full/5209093.png,
Atlanta Falcons,roster,Corey Levin,saved,https://a.espncdn.com/i/headshots/nfl/players/full/2973637.png,
Atlanta Falcons,roster,Chris Lindstrom,saved,https://a.espncdn.com/i/headshots/nfl/players/full/3672833.png,
Atlanta Falcons,roster,Drake London,saved,https://a.espncdn.com/i/headshots/nfl/players/full/4426502.png,
Atlanta Falcons,roster,Jake Matthews,saved,https://a.espncdn.com/i/headshots/nfl/players/full/16713.png,
Atlanta Falcons,roster,Nick Muse,saved,https://a.espncdn.com/i/headshots/nfl/players/full/4249624.png,
Atlanta Falcons,roster,Ryan Neuzil,saved,https://a.espncdn.com/i/headshots/nfl/players/full/4036444.png,
Atlanta Falcons,roster,Ethan Onianwa,saved,https://a.espncdn.com/i/headshots/nfl/players/full/4683194.png,
Atlanta Falcons,roster,Michael Penix Jr.,saved,https://a.espncdn.com/i/headshots/nfl/players/full/4360423.png,
Atlanta Falcons,roster,Kyle Pitts Sr.,saved,https://a.espncdn.com/i/headshots/nfl/players/full/4360248.png,
Atlanta Falcons,roster,Bijan Robinson,saved,https://a.espncdn.com/i/headshots/nfl/players/full/4430807.png,
Atlanta Falcons,roster,Brian Robinson Jr.,saved,https://a.espncdn.com/i/headshots/nfl/players/full/4241474.png,
Atlanta Falcons,roster,Cooper Rush,saved,https://a.espncdn.com/i/headshots/nfl/players/full/2972515.png,
Atlanta Falcons,roster,Jack Strand,no ESPN headshot,,
Atlanta Falcons,roster,Tua Tagovailoa,saved,https://a.espncdn.com/i/headshots/nfl/players/full/4241479.png,
Atlanta Falcons,roster,Jawaan Taylor,saved,https://a.espncdn.com/i/headshots/nfl/players/full/4034961.png,
Atlanta Falcons,roster,Charlie Woerner,saved,https://a.espncdn.com/i/headshots/nfl/players/full/4035020.png,
Atlanta Falcons,roster,Olamide Zaccheaus,saved,https://a.espncdn.com/i/headshots/nfl/players/full/3917914.png,
Atlanta Falcons,roster,Yasir Abdullah,saved,https://a.espncdn.com/i/headshots/nfl/players/full/4360807.png,
Atlanta Falcons,roster,Jessie Bates III,saved,https://a.espncdn.com/i/headshots/nfl/players/full/3919512.png,
Atlanta Falcons,roster,Billy Bowman Jr.,saved,https://a.espncdn.com/i/headshots/nfl/players/full/4431194.png,
Atlanta Falcons,roster,Sydney Brown,saved,https://a.espncdn.com/i/headshots/nfl/players/full/4360386.png,
Atlanta Falcons,roster,Kendal Daniels,saved,https://a.espncdn.com/i/headshots/nfl/players/full/4595343.png,
Atlanta Falcons,roster,Divine Deablo,saved,https://a.espncdn.com/i/headshots/nfl/players/full/4037626.png,
Atlanta Falcons,roster,Malcolm DeWalt IV,saved,https://a.espncdn.com/i/headshots/nfl/players/full/5225251.png,
Atlanta Falcons,roster,Gervon Dexter Sr.,saved,https://a.espncdn.com/i/headshots/nfl/players/full/4429014.png,
Atlanta Falcons,roster,Brandon Dorlus,saved,https://a.espncdn.com/i/headshots/nfl/players/full/4427090.png,
Atlanta Falcons,roster,Samson Ebukam,saved,https://a.espncdn.com/i/headshots/nfl/players/full/3045527.png,
Atlanta Falcons,roster,Mike Ford Jr.,saved,https://a.espncdn.com/i/headshots/nfl/players/full/3050916.png,
Atlanta Falcons,roster,Christian Harris,saved,https://a.espncdn.com/i/headshots/nfl/players/full/4567099.png,
Atlanta Falcons,roster,Zach Harrison,saved,https://a.espncdn.com/i/headshots/nfl/players/full/4426412.png,
Atlanta Falcons,roster,DeMarcco Hellams,saved,https://a.espncdn.com/i/headshots/nfl/players/full/4567111.png,
Atlanta Falcons,roster,C.J. Henderson,saved,https://a.espncdn.com/i/headshots/nfl/players/full/4240596.png,
Atlanta Falcons,roster,Mike Hughes,saved,https://a.espncdn.com/i/headshots/nfl/players/full/3895841.png,
Atlanta Falcons,roster,Jared Ivey,saved,https://a.espncdn.com/i/headshots/nfl/players/full/4605478.png,
Atlanta Falcons,roster,LaCale London,saved,https://a.espncdn.com/i/headshots/nfl/players/full/4376288.png,
Atlanta Falcons,roster,James Pearce Jr.,saved,https://a.espncdn.com/i/headshots/nfl/players/full/5081394.png,
Atlanta Falcons,roster,Harold Perkins Jr.,saved,https://a.espncdn.com/i/headshots/nfl/players/full/4685502.png,
Atlanta Falcons,roster,Maason Smith,saved,https://a.espncdn.com/i/headshots/nfl/players/full/4431567.png,
Atlanta Falcons,roster,Za'Darius Smith,saved,https://a.espncdn.com/i/headshots/nfl/players/full/3043168.png,
Atlanta Falcons,roster,Avieon Terrell,saved,https://a.espncdn.com/i/headshots/nfl/players/full/4870988.png,
Atlanta Falcons,roster,Cameron Thomas,saved,https://a.espncdn.com/i/headshots/nfl/players/full/4361510.png,
Atlanta Falcons,roster,Bralen Trice,saved,https://a.espncdn.com/i/headshots/nfl/players/full/4428713.png,
Atlanta Falcons,roster,Xavier Watts,saved,https://a.espncdn.com/i/headshots/nfl/players/full/4431005.png,
Atlanta Falcons,roster,Josh Woods,saved,https://a.espncdn.com/i/headshots/nfl/players/full/3128303.png,
Atlanta Falcons,roster,Jake Bailey,saved,https://a.espncdn.com/i/headshots/nfl/players/full/3931395.png,
Atlanta Falcons,roster,Nick Folk,saved,https://a.espncdn.com/i/headshots/nfl/players/full/10621.png,
Atlanta Falcons,roster,Liam McCullough,saved,https://a.espncdn.com/i/headshots/nfl/players/full/3915528.png,
Atlanta Falcons,roster,Keshawn Banks,saved,https://a.espncdn.com/i/headshots/nfl/players/full/4361508.png,
Atlanta Falcons,roster,JD Bertrand,saved,https://a.espncdn.com/i/headshots/nfl/players/full/4428872.png,
Atlanta Falcons,roster,Beaux Collins,saved,https://a.espncdn.com/i/headshots/nfl/players/full/4431210.png,
Atlanta Falcons,roster,Da'Shawn Hand,saved,https://a.espncdn.com/i/headshots/nfl/players/full/3126352.png,
Atlanta Falcons,roster,DeAngelo Malone,saved,https://a.espncdn.com/i/headshots/nfl/players/full/4243457.png,
Atlanta Falcons,roster,Storm Norton,saved,https://a.espncdn.com/i/headshots/nfl/players/full/2973014.png,
Atlanta Falcons,roster,Trey Sermon,saved,https://a.espncdn.com/i/headshots/nfl/players/full/4241401.png,
Atlanta Falcons,roster,A.J. Terrell Jr.,saved,https://a.espncdn.com/i/headshots/nfl/players/full/4239995.png,
Atlanta Falcons,roster,Anterio Thompson,saved,https://a.espncdn.com/i/headshots/nfl/players/full/5150660.png,
Atlanta Falcons,roster,Cameron Williams,saved,https://a.espncdn.com/i/headshots/nfl/players/full/4685590.png,
Atlanta Falcons,roster,Vinny Anthony II,saved,https://a.espncdn.com/i/headshots/nfl/players/full/4869816.png,
Atlanta Falcons,roster,Kam Dewberry,saved,https://a.espncdn.com/i/headshots/nfl/players/full/4685332.png,
Atlanta Falcons,roster,Dylan Drummond,saved,https://a.espncdn.com/i/headshots/nfl/players/full/4363551.png,
Atlanta Falcons,roster,Khalil Herbert,saved,https://a.espncdn.com/i/headshots/nfl/players/full/4035886.png,
Atlanta Falcons,roster,Darnay Holmes,saved,https://a.espncdn.com/i/headshots/nfl/players/full/4242973.png,
Atlanta Falcons,roster,Drake Jackson,saved,https://a.espncdn.com/i/headshots/nfl/players/full/4569511.png,
Atlanta Falcons,roster,Cash Jones,saved,https://a.espncdn.com/i/headshots/nfl/players/full/4881826.png,
Atlanta Falcons,roster,Riley Mahlman,saved,https://a.espncdn.com/i/headshots/nfl/players/full/4431448.png,
Atlanta Falcons,roster,Zacch Pickens,saved,https://a.espncdn.com/i/headshots/nfl/players/full/4426332.png,
Atlanta Falcons,roster,Jammie Robinson,saved,https://a.espncdn.com/i/headshots/nfl/players/full/4430411.png,
Atlanta Falcons,roster,Colby Sorsdal,saved,https://a.espncdn.com/i/headshots/nfl/players/full/4367775.png,
Atlanta Falcons,roster,Josh Thompson,saved,https://a.espncdn.com/i/headshots/nfl/players/full/4682692.png,
Atlanta Falcons,roster,Jack Velling,saved,https://a.espncdn.com/i/headshots/nfl/players/full/4832827.png,
Atlanta Falcons,roster,Antwane Wells Jr.,saved,https://a.espncdn.com/i/headshots/nfl/players/full/4696062.png,
Atlanta Falcons,staff,Kevin Stefanski,saved,https://static.clubs.nfl.com/image/upload/t_headshot_desktop/f_auto/falcons/hive6yboznqujosi0t6a.jpg,HTTP Error 404: Not Found
Atlanta Falcons,staff,Tommy Rees,saved,https://static.clubs.nfl.com/image/upload/t_headshot_desktop/f_auto/falcons/basdki1ygra8efjkn2dl.jpg,
Atlanta Falcons,staff,Jeff Ulbrich,saved,https://static.clubs.nfl.com/image/upload/t_headshot_desktop/f_auto/falcons/lsbimbddujis4at4mzzp.jpg,
Atlanta Falcons,staff,Craig Aukerman,saved,https://static.clubs.nfl.com/image/upload/t_headshot_desktop/f_auto/falcons/h23chkr6zz4v78amt3iw.jpg,
Atlanta Falcons,staff,Michael Bearden,saved,https://static.clubs.nfl.com/image/upload/t_headshot_desktop/f_auto/falcons/jv3sdmdocif8guub8tm2.jpg,
Atlanta Falcons,staff,Chase Blackburn,saved,https://static.clubs.nfl.com/image/upload/t_headshot_desktop/f_auto/falcons/xvtcw4pcjqajqx4iyhac.jpg,
Atlanta Falcons,staff,Bill Callahan,saved,https://static.clubs.nfl.com/image/upload/t_headshot_desktop/f_png/falcons/fmn8scpjbbdwbzjba9kx.png,
Atlanta Falcons,staff,Tanner Engstrand,saved,https://static.clubs.nfl.com/image/upload/t_headshot_desktop/f_auto/falcons/oq8pzk66azn8mj3geosd.jpg,
Atlanta Falcons,staff,Justin Hood,saved,https://static.clubs.nfl.com/image/upload/t_headshot_desktop/f_auto/falcons/y5lv1ttvynatjj1ahrpt.jpg,
Atlanta Falcons,staff,Dave Huxtable,saved,https://static.clubs.nfl.com/image/upload/t_headshot_desktop/f_auto/falcons/e3j4ranhobas7e62hpqe.jpg,
Atlanta Falcons,staff,Matt Jones,saved,https://static.clubs.nfl.com/image/upload/t_headshot_desktop/f_auto/falcons/asju0hpvaboagw8nat6i.jpg,
Atlanta Falcons,staff,Nick Jones,saved,https://static.clubs.nfl.com/image/upload/t_headshot_desktop/f_auto/falcons/xsi81nryijhlrydp4rov.jpg,
Atlanta Falcons,staff,Kevin Koger,saved,https://static.clubs.nfl.com/image/upload/t_headshot_desktop/f_auto/falcons/ao6vpq3uhvxwniaicbll.jpg,
Atlanta Falcons,staff,Troy Kruchten,saved,https://static.clubs.nfl.com/image/upload/t_headshot_desktop/f_auto/falcons/sxr7cnxeifhpavpcrgra.jpg,
Atlanta Falcons,staff,Ricky Manning,saved,https://static.clubs.nfl.com/image/upload/t_headshot_desktop/f_auto/falcons/ctscdq7iyi3hafgedafo.jpg,
Atlanta Falcons,staff,Nate Ollie,saved,https://static.clubs.nfl.com/image/upload/t_headshot_desktop/f_auto/falcons/omw2t2n59lqyimdwpgw5.jpg,
Atlanta Falcons,staff,Michael Pitre,saved,https://static.clubs.nfl.com/image/upload/t_headshot_desktop/f_auto/falcons/pyiiqk0dagdlr0bcc9ev.jpg,
Atlanta Falcons,staff,Robert Prince,saved,https://static.clubs.nfl.com/image/upload/t_headshot_desktop/f_auto/falcons/sounjq50wkfatqhidofd.jpg,
Atlanta Falcons,staff,Jordan Reid,saved,https://static.clubs.nfl.com/image/upload/t_headshot_desktop/f_auto/falcons/yfmiopoi4tdlsjgahp6v.jpg,
Atlanta Falcons,staff,Barrett Ruud,saved,https://static.clubs.nfl.com/image/upload/t_headshot_desktop/f_auto/falcons/wph0xhlwcmuwhxviabxh.jpg,
Atlanta Falcons,staff,John Timu,saved,https://static.clubs.nfl.com/image/upload/t_headshot_desktop/f_auto/falcons/xi51kjyig4wokjmzpvtd.jpg,
Atlanta Falcons,staff,Patrick Toney,saved,https://static.clubs.nfl.com/image/upload/t_headshot_desktop/f_png/falcons/unp7r8vynonk9rs2nl1r.png,
Atlanta Falcons,staff,Alex Van Pelt,saved,https://static.clubs.nfl.com/image/upload/t_headshot_desktop/f_auto/falcons/qsaopsm34biakbhjmsnd.jpg,
Atlanta Falcons,staff,John Griffin,saved,https://static.clubs.nfl.com/image/upload/t_headshot_desktop/f_auto/falcons/ycjpbiof6bemt8p8hyh4.jpg,
Atlanta Falcons,staff,Erik Jernstrom,saved,https://static.clubs.nfl.com/image/upload/t_headshot_desktop/f_auto/falcons/d27bsgpkbaqg4ll3evjs.jpg,
Atlanta Falcons,staff,Frank Wintrich,saved,https://static.clubs.nfl.com/image/upload/t_headshot_desktop/f_png/falcons/pse3mt3zly0xvkdbfypi.png,
Atlanta Falcons,staff,Josh Nelson,saved,https://static.clubs.nfl.com/image/upload/t_headshot_desktop/f_auto/falcons/z5cvixgrvnarxhedbjau.jpg,
Atlanta Falcons,staff,Robert Torres,saved,https://static.clubs.nfl.com/image/upload/t_headshot_desktop/f_auto/falcons/vhzucdowfpwfzynn8att.jpg,
Atlanta Falcons,staff,Bob Quinn,saved,https://static.clubs.nfl.com/image/upload/t_headshot_desktop/f_auto/falcons/usugssu35n7b9lexft5n.jpg,
Atlanta Falcons,staff,Madison McDoulett,saved,https://static.clubs.nfl.com/image/upload/t_headshot_desktop/f_auto/falcons/fdgvb6wcaujk2jyfp6ne.jpg,
Atlanta Falcons,staff,Jacqueline Roberts,saved,https://static.clubs.nfl.com/image/upload/t_headshot_desktop/f_auto/falcons/tqw4w6xupu2rinann1jr.jpg,
Baltimore Ravens,roster,Rasheen Ali,saved,https://a.espncdn.com/i/headshots/nfl/players/full/4690013.png,
Baltimore Ravens,roster,Mark Andrews,saved,https://a.espncdn.com/i/headshots/nfl/players/full/3116365.png,
Baltimore Ravens,roster,Rashod Bateman,saved,https://a.espncdn.com/i/headshots/nfl/players/full/4360939.png,
Baltimore Ravens,roster,Josh Cuevas,saved,https://a.espncdn.com/i/headshots/nfl/players/full/4876132.png,
Baltimore Ravens,roster,Joe Fagnano,saved,https://a.espncdn.com/i/headshots/nfl/players/full/4429582.png,
Baltimore Ravens,roster,Zay Flowers,saved,https://a.espncdn.com/i/headshots/nfl/players/full/4429615.png,
Baltimore Ravens,roster,Jovaughn Gwyn,saved,https://a.espncdn.com/i/headshots/nfl/players/full/4362845.png,
Baltimore Ravens,roster,Derrick Henry,saved,https://a.espncdn.com/i/headshots/nfl/players/full/3043078.png,
Baltimore Ravens,roster,Matthew Hibner,saved,https://a.espncdn.com/i/headshots/nfl/players/full/4432260.png,
Baltimore Ravens,roster,Justice Hill,saved,https://a.espncdn.com/i/headshots/nfl/players/full/4038441.png,
Baltimore Ravens,roster,Tyler Huntley,saved,https://a.espncdn.com/i/headshots/nfl/players/full/4035671.png,
Baltimore Ravens,roster,Olaivavega Ioane,saved,https://a.espncdn.com/i/headshots/nfl/players/full/4832793.png,
Baltimore Ravens,roster,Lamar Jackson,saved,https://a.espncdn.com/i/headshots/nfl/players/full/3916387.png,
Baltimore Ravens,roster,Emery Jones Jr.,saved,https://a.espncdn.com/i/headshots/nfl/players/full/4685736.png,
Baltimore Ravens,roster,Gerad Lichtenhan,saved,https://a.espncdn.com/i/headshots/nfl/players/full/4686768.png,
Baltimore Ravens,roster,Chris Moore,saved,https://a.espncdn.com/i/headshots/nfl/players/full/2576581.png,
Baltimore Ravens,roster,Ethan Pocic,saved,https://a.espncdn.com/i/headshots/nfl/players/full/3042738.png,
Baltimore Ravens,roster,Roger Rosengarten,saved,https://a.espncdn.com/i/headshots/nfl/players/full/4430876.png,
Baltimore Ravens,roster,Elijah Sarratt,saved,https://a.espncdn.com/i/headshots/nfl/players/full/5088338.png,
Baltimore Ravens,roster,John Simpson,saved,https://a.espncdn.com/i/headshots/nfl/players/full/4035479.png,
Baltimore Ravens,roster,Durham Smythe,saved,https://a.espncdn.com/i/headshots/nfl/players/full/3052897.png,
Baltimore Ravens,roster,Ronnie Stanley,saved,https://a.espncdn.com/i/headshots/nfl/players/full/2980153.png,
Baltimore Ravens,roster,Carson Vinson,saved,https://a.espncdn.com/i/headshots/nfl/players/full/4769895.png,
Baltimore Ravens,roster,Andrew Vorhees,saved,https://a.espncdn.com/i/headshots/nfl/players/full/4243220.png,
Baltimore Ravens,roster,Devontez Walker,saved,https://a.espncdn.com/i/headshots/nfl/players/full/4696882.png,
Baltimore Ravens,roster,LaJohntay Wester,saved,https://a.espncdn.com/i/headshots/nfl/players/full/4690143.png,
Baltimore Ravens,roster,Chidobe Awuzie,saved,https://a.espncdn.com/i/headshots/nfl/players/full/3052101.png,
Baltimore Ravens,roster,Teddye Buchanan,saved,https://a.espncdn.com/i/headshots/nfl/players/full/4698244.png,
Baltimore Ravens,roster,Ethan Burke,saved,https://a.espncdn.com/i/headshots/nfl/players/full/4908867.png,
Baltimore Ravens,roster,Calais Campbell,saved,https://a.espncdn.com/i/headshots/nfl/players/full/11284.png,
Baltimore Ravens,roster,Mike Green,saved,https://a.espncdn.com/i/headshots/nfl/players/full/4683188.png,
Baltimore Ravens,roster,Kyle Hamilton,saved,https://a.espncdn.com/i/headshots/nfl/players/full/4575517.png,
Baltimore Ravens,roster,Jaylinn Hawkins,saved,https://a.espncdn.com/i/headshots/nfl/players/full/3858276.png,
Baltimore Ravens,roster,Trey Hendrickson,saved,https://a.espncdn.com/i/headshots/nfl/players/full/3052743.png,
Baltimore Ravens,roster,Jay Higgins IV,saved,https://a.espncdn.com/i/headshots/nfl/players/full/4565350.png,
Baltimore Ravens,roster,Marlon Humphrey,saved,https://a.espncdn.com/i/headshots/nfl/players/full/3126356.png,
Baltimore Ravens,roster,Keondre Jackson,saved,https://a.espncdn.com/i/headshots/nfl/players/full/4878287.png,
Baltimore Ravens,roster,John Jenkins,saved,https://a.espncdn.com/i/headshots/nfl/players/full/15846.png,
Baltimore Ravens,roster,Carl Jones,saved,https://a.espncdn.com/i/headshots/nfl/players/full/4569428.png,
Baltimore Ravens,roster,Travis Jones,saved,https://a.espncdn.com/i/headshots/nfl/players/full/4362139.png,
Baltimore Ravens,roster,Nnamdi Madubuike,saved,https://a.espncdn.com/i/headshots/nfl/players/full/4035245.png,
Baltimore Ravens,roster,Keyon Martin,saved,https://a.espncdn.com/i/headshots/nfl/players/full/4694334.png,
Baltimore Ravens,roster,Aeneas Peebles,saved,https://a.espncdn.com/i/headshots/nfl/players/full/4565311.png,
Baltimore Ravens,roster,Chandler Rivers,saved,https://a.espncdn.com/i/headshots/nfl/players/full/4702918.png,
Baltimore Ravens,roster,Tavius Robinson,saved,https://a.espncdn.com/i/headshots/nfl/players/full/4690179.png,
Baltimore Ravens,roster,Trenton Simpson,saved,https://a.espncdn.com/i/headshots/nfl/players/full/4430831.png,
Baltimore Ravens,roster,Roquan Smith,saved,https://a.espncdn.com/i/headshots/nfl/players/full/3915189.png,
Baltimore Ravens,roster,Malaki Starks,saved,https://a.espncdn.com/i/headshots/nfl/players/full/4685530.png,
Baltimore Ravens,roster,Broderick Washington Jr.,saved,https://a.espncdn.com/i/headshots/nfl/players/full/3915837.png,
Baltimore Ravens,roster,Nate Wiggins,saved,https://a.espncdn.com/i/headshots/nfl/players/full/4601278.png,
Baltimore Ravens,roster,Zion Young,saved,https://a.espncdn.com/i/headshots/nfl/players/full/4839501.png,
Baltimore Ravens,roster,Ryan Eckley,saved,https://a.espncdn.com/i/headshots/nfl/players/full/5084956.png,
Baltimore Ravens,roster,Tyler Loop,saved,https://a.espncdn.com/i/headshots/nfl/players/full/4697745.png,
Baltimore Ravens,roster,Nick Moore,saved,https://a.espncdn.com/i/headshots/nfl/players/full/3915184.png,
Baltimore Ravens,roster,Bilhal Kone,saved,https://a.espncdn.com/i/headshots/nfl/players/full/5083656.png,
Baltimore Ravens,roster,Ja'Kobi Lane,saved,https://a.espncdn.com/i/headshots/nfl/players/full/4870847.png,
Baltimore Ravens,roster,Danny Pinter,saved,https://a.espncdn.com/i/headshots/nfl/players/full/3915470.png,
Baltimore Ravens,roster,Adam Randall,saved,https://a.espncdn.com/i/headshots/nfl/players/full/4685526.png,
Baltimore Ravens,roster,Jahquez Robinson,saved,https://a.espncdn.com/i/headshots/nfl/players/full/4433887.png,
Baltimore Ravens,roster,T.J. Tampa,saved,https://a.espncdn.com/i/headshots/nfl/players/full/4575483.png,
Baltimore Ravens,roster,Skylar Thompson,saved,https://a.espncdn.com/i/headshots/nfl/players/full/4036419.png,
Baltimore Ravens,roster,AJ Arcuri,saved,https://a.espncdn.com/i/headshots/nfl/players/full/4046707.png,
Baltimore Ravens,roster,Rayshaun Benny,saved,https://a.espncdn.com/i/headshots/nfl/players/full/4432661.png,
Baltimore Ravens,roster,Chuma Edoga,saved,https://a.espncdn.com/i/headshots/nfl/players/full/3701582.png,
Baltimore Ravens,roster,Xavier Guillory,saved,https://a.espncdn.com/i/headshots/nfl/players/full/4695910.png,
Baltimore Ravens,roster,Adisa Isaac,saved,https://a.espncdn.com/i/headshots/nfl/players/full/4426372.png,
Baltimore Ravens,roster,Jamon Johnson,saved,https://a.espncdn.com/i/headshots/nfl/players/full/4569680.png,
Baltimore Ravens,roster,Gage Larvadain,saved,https://a.espncdn.com/i/headshots/nfl/players/full/4877203.png,
Baltimore Ravens,roster,David Olajiga,saved,https://a.espncdn.com/i/headshots/nfl/players/full/5211114.png,
Baltimore Ravens,roster,Amani Oruwariye,saved,https://a.espncdn.com/i/headshots/nfl/players/full/3116175.png,
Baltimore Ravens,roster,Ty Pezza,saved,https://a.espncdn.com/i/headshots/nfl/players/full/5084402.png,
Baltimore Ravens,roster,Kaimon Rucker,saved,https://a.espncdn.com/i/headshots/nfl/players/full/4433904.png,
Baltimore Ravens,roster,Nick Vannett,saved,https://a.espncdn.com/i/headshots/nfl/players/full/2576399.png,
Baltimore Ravens,roster,K'Von Wallace,saved,https://a.espncdn.com/i/headshots/nfl/players/full/4035463.png,
Baltimore Ravens,roster,Jonathan Ward,saved,https://a.espncdn.com/i/headshots/nfl/players/full/4039274.png,
Baltimore Ravens,roster,Lardarius Webb Jr.,saved,https://a.espncdn.com/i/headshots/nfl/players/full/5151144.png,
Baltimore Ravens,staff,Jesse Minter,saved,https://static.clubs.nfl.com/image/upload/t_editorial_landscape_12_desktop/ravens/omofhdjcdppnx8ngmnlh,"<urlopen error [Errno 8] nodename nor servname provided, or not known>"
Baltimore Ravens,staff,Declan Doyle,saved,https://static.clubs.nfl.com/image/upload/t_headshot_desktop/f_auto/ravens/kfl3lvkzgczyqlwohgci.jpg,
Baltimore Ravens,staff,Anthony Levine Sr.,saved,https://static.clubs.nfl.com/image/upload/t_headshot_desktop/f_auto/ravens/k14xp9mnlzh3bepww2am.jpg,
Baltimore Ravens,staff,Anthony Weaver,saved,https://static.clubs.nfl.com/image/upload/t_headshot_desktop/f_auto/ravens/ah2w85u3ixrodlktlchh.jpg,
Baltimore Ravens,staff,Harland Bower,saved,https://static.clubs.nfl.com/image/upload/t_headshot_desktop/f_auto/ravens/uyfgbu5stpfbn74sj6ng.jpg,"<urlopen error [Errno 8] nodename nor servname provided, or not known>"
Baltimore Ravens,staff,Marcus Brady,saved,https://static.clubs.nfl.com/image/upload/t_headshot_desktop/f_auto/ravens/k7aulj1zqtgmmpgirbx1.jpg,"<urlopen error [Errno 8] nodename nor servname provided, or not known>"
Baltimore Ravens,staff,Randy Brown,saved,https://static.clubs.nfl.com/image/private/t_headshot_desktop/f_auto/ravens/okew6mlhlz1d1bljnx7t.jpg,"<urlopen error [Errno 8] nodename nor servname provided, or not known>"
Baltimore Ravens,staff,Kenan Clarke,saved,https://static.clubs.nfl.com/image/upload/t_headshot_desktop/f_auto/ravens/wsl4qxopqkjrph68k4ai.jpg,"<urlopen error [Errno 8] nodename nor servname provided, or not known>"
Baltimore Ravens,staff,Keary Colbert,saved,https://static.clubs.nfl.com/image/upload/t_headshot_desktop/f_auto/ravens/s9puzk0ksmxsbvxanaoc.jpg,"<urlopen error [Errno 8] nodename nor servname provided, or not known>"
Baltimore Ravens,staff,Ben Davis,saved,https://static.clubs.nfl.com/image/upload/t_headshot_desktop/f_auto/ravens/jpbiywuyqd7tlqjx96g5.jpg,
Baltimore Ravens,staff,Christina DeRuyter,saved,https://static.clubs.nfl.com/image/upload/t_headshot_desktop/f_auto/ravens/cej5fhu8uwjytt3fio3k.jpg,"<urlopen error [Errno 8] nodename nor servname provided, or not known>"
Baltimore Ravens,staff,Eliana DeTata,saved,https://static.clubs.nfl.com/image/upload/t_headshot_desktop/f_auto/ravens/bqi4uif09wsqyktrzjoo.jpg,"<urlopen error [Errno 8] nodename nor servname provided, or not known>"
Baltimore Ravens,staff,Lou Esposito,saved,https://static.clubs.nfl.com/image/upload/t_headshot_desktop/f_auto/ravens/kb9dqdg9lso3ixapxnw1.jpg,"<urlopen error [Errno 8] nodename nor servname provided, or not known>"
Baltimore Ravens,staff,Eddie Faulkner,saved,https://static.clubs.nfl.com/image/upload/t_headshot_desktop/f_auto/ravens/hgukczfozkakqu5nfj2j.jpg,"<urlopen error [Errno 8] nodename nor servname provided, or not known>"
Baltimore Ravens,staff,Shawn Flaherty,saved,https://static.clubs.nfl.com/image/upload/t_headshot_desktop/f_auto/ravens/tfjpshjxos6nuxynuvig.jpg,"<urlopen error [Errno 8] nodename nor servname provided, or not known>"
Baltimore Ravens,staff,Charlie Gelman,saved,https://static.clubs.nfl.com/image/upload/t_headshot_desktop/f_auto/ravens/nvxd7vrrsnkxpqxyg7se.jpg,
Baltimore Ravens,staff,Prentice Gill,saved,https://static.clubs.nfl.com/image/upload/t_headshot_desktop/f_auto/ravens/hrdgbsrd1kfd5xfqv6kc.jpg,"<urlopen error [Errno 8] nodename nor servname provided, or not known>"
Baltimore Ravens,staff,Greg Goines,saved,https://static.clubs.nfl.com/image/upload/t_headshot_desktop/f_auto/ravens/w0hgprj7ockewwhzsrtc.jpg,"<urlopen error [Errno 8] nodename nor servname provided, or not known>"
Baltimore Ravens,staff,Zack Grossi,saved,https://static.clubs.nfl.com/image/upload/t_headshot_desktop/f_auto/ravens/kqnfgsqawblhf43undbj.jpg,"<urlopen error [Errno 8] nodename nor servname provided, or not known>"
Baltimore Ravens,staff,Travis Hawkins,saved,https://static.clubs.nfl.com/image/upload/t_headshot_desktop/f_auto/ravens/ul0atauowckzi4tjqapl.jpg,"<urlopen error [Errno 8] nodename nor servname provided, or not known>"
Baltimore Ravens,staff,Ben Kotwica,saved,https://static.clubs.nfl.com/image/upload/t_headshot_desktop/f_auto/ravens/pl1kfggltmppnww8py48.jpg,"<urlopen error [Errno 8] nodename nor servname provided, or not known>"
Baltimore Ravens,staff,Patrick Kramer,saved,https://static.clubs.nfl.com/image/upload/t_headshot_desktop/f_auto/ravens/xgarpkpgzfmrxvkd6oyu.jpg,"<urlopen error [Errno 8] nodename nor servname provided, or not known>"
Baltimore Ravens,staff,Dwayne Ledford,saved,https://static.clubs.nfl.com/image/upload/t_headshot_desktop/f_png/ravens/b4a51wv8m39ddfhqcuge.png,
Baltimore Ravens,staff,Joe Lombardi,saved,https://static.clubs.nfl.com/image/upload/t_headshot_desktop/f_auto/ravens/r7rhwmy5kdmi7lsx25vv.jpg,"<urlopen error [Errno 8] nodename nor servname provided, or not known>"
Baltimore Ravens,staff,Megan McLaughlin,saved,https://static.clubs.nfl.com/image/private/t_headshot_desktop/f_auto/ravens/aryufcmcqmmeedauakdj.jpg,"<urlopen error [Errno 8] nodename nor servname provided, or not known>"
Baltimore Ravens,staff,Tony Michalek,saved,https://static.clubs.nfl.com/image/upload/t_headshot_desktop/f_auto/ravens/ukfv6qvfwvr7eeznuihm.jpg,"<urlopen error [Errno 8] nodename nor servname provided, or not known>"
Baltimore Ravens,staff,Mike Mickens,saved,https://static.clubs.nfl.com/image/upload/t_headshot_desktop/f_auto/ravens/xi9lbk2ihmenm6gefamy.jpg,
Baltimore Ravens,staff,Rick Minter,saved,https://static.clubs.nfl.com/image/upload/t_headshot_desktop/f_auto/ravens/gw6jtyywierbagxzidnp.jpg,"<urlopen error [Errno 8] nodename nor servname provided, or not known>"
Baltimore Ravens,staff,Matt O'Donnell,saved,https://static.clubs.nfl.com/image/upload/t_headshot_desktop/f_auto/ravens/owosuktpau9ce5pnp6va.jpg,"<urlopen error [Errno 8] nodename nor servname provided, or not known>"
Baltimore Ravens,staff,Alex Officer,saved,https://static.clubs.nfl.com/image/upload/t_headshot_desktop/f_auto/ravens/m0jkk3xohxwkzfhtijxn.jpg,"<urlopen error [Errno 8] nodename nor servname provided, or not known>"
Baltimore Ravens,staff,Andrew Rogan,saved,https://static.clubs.nfl.com/image/upload/t_headshot_desktop/f_auto/ravens/oa9s5lse7sac3x4c7bzk.jpg,"<urlopen error [Errno 8] nodename nor servname provided, or not known>"
Baltimore Ravens,staff,Tyler Santucci,saved,https://static.clubs.nfl.com/image/upload/t_headshot_desktop/f_auto/ravens/jjjk3rwpgd4j3qt9eegm.jpg,
Baltimore Ravens,staff,Miles Taylor,saved,https://static.clubs.nfl.com/image/upload/t_headshot_desktop/f_png/ravens/njfujaf4fxq3dpgxnua5.png,"<urlopen error [Errno 8] nodename nor servname provided, or not known>"
Baltimore Ravens,staff,Opetaia Tuiava,saved,https://static.clubs.nfl.com/image/upload/t_headshot_desktop/f_auto/ravens/ry9jkdxb1rczqlg4gukc.jpg,"<urlopen error [Errno 8] nodename nor servname provided, or not known>"
Baltimore Ravens,staff,PJ Volker,saved,https://static.clubs.nfl.com/image/upload/t_headshot_desktop/f_auto/ravens/pxiqk80s3hbohrtaxtb8.jpg,"<urlopen error [Errno 8] nodename nor servname provided, or not known>"
Baltimore Ravens,staff,Israel Woolfork,saved,https://static.clubs.nfl.com/image/upload/t_headshot_desktop/f_auto/ravens/w0myl1ksgpz51xazhyzc.jpg,"<urlopen error [Errno 8] nodename nor servname provided, or not known>"
Buffalo Bills,roster,Josh Allen,saved,https://a.espncdn.com/i/headshots/nfl/players/full/3918298.png,
Buffalo Bills,roster,Kyle Allen,saved,https://a.espncdn.com/i/headshots/nfl/players/full/3115293.png,
Buffalo Bills,roster,Alec Anderson,saved,https://a.espncdn.com/i/headshots/nfl/players/full/4367203.png,
Buffalo Bills,roster,Skyler Bell,saved,https://a.espncdn.com/i/headshots/nfl/players/full/4683153.png,
Buffalo Bills,roster,Jude Bowry,saved,https://a.espncdn.com/i/headshots/nfl/players/full/4869533.png,
Buffalo Bills,roster,Spencer Brown,saved,https://a.espncdn.com/i/headshots/nfl/players/full/4030899.png,
Buffalo Bills,roster,Keon Coleman,saved,https://a.espncdn.com/i/headshots/nfl/players/full/4635008.png,
Buffalo Bills,roster,James Cook III,saved,https://a.espncdn.com/i/headshots/nfl/players/full/4379399.png,
Buffalo Bills,roster,Austin Corbett,saved,https://a.espncdn.com/i/headshots/nfl/players/full/3056608.png,
Buffalo Bills,roster,Lloyd Cushenberry III,saved,https://a.espncdn.com/i/headshots/nfl/players/full/4035448.png,
Buffalo Bills,roster,Ray Davis,saved,https://a.espncdn.com/i/headshots/nfl/players/full/4429501.png,
Buffalo Bills,roster,Dion Dawkins,saved,https://a.espncdn.com/i/headshots/nfl/players/full/3051324.png,
Buffalo Bills,roster,Tylan Grable,saved,https://a.espncdn.com/i/headshots/nfl/players/full/4368828.png,
Buffalo Bills,roster,Jackson Hawes,saved,https://a.espncdn.com/i/headshots/nfl/players/full/4573699.png,
Buffalo Bills,roster,Ty Johnson,saved,https://a.espncdn.com/i/headshots/nfl/players/full/3915411.png,
Buffalo Bills,roster,Dalton Kincaid,saved,https://a.espncdn.com/i/headshots/nfl/players/full/4385690.png,
Buffalo Bills,roster,Dawson Knox,saved,https://a.espncdn.com/i/headshots/nfl/players/full/3930086.png,
Buffalo Bills,roster,Keleki Latu,saved,https://a.espncdn.com/i/headshots/nfl/players/full/4688552.png,
Buffalo Bills,roster,Connor McGovern,saved,https://a.espncdn.com/i/headshots/nfl/players/full/4033748.png,
Buffalo Bills,roster,DJ Moore,saved,https://a.espncdn.com/i/headshots/nfl/players/full/3915416.png,
Buffalo Bills,roster,Joshua Palmer,saved,https://a.espncdn.com/i/headshots/nfl/players/full/4242433.png,
Buffalo Bills,roster,Ar'maj Reed-Adams,saved,https://a.espncdn.com/i/headshots/nfl/players/full/4606712.png,
Buffalo Bills,roster,Khalil Shakir,saved,https://a.espncdn.com/i/headshots/nfl/players/full/4373678.png,
Buffalo Bills,roster,O'Cyrus Torrence,saved,https://a.espncdn.com/i/headshots/nfl/players/full/4428696.png,
Buffalo Bills,roster,Dee Alford,saved,https://a.espncdn.com/i/headshots/nfl/players/full/4401823.png,
Buffalo Bills,roster,Joe Andreessen,saved,https://a.espncdn.com/i/headshots/nfl/players/full/4366349.png,
Buffalo Bills,roster,Christian Benford,saved,https://a.espncdn.com/i/headshots/nfl/players/full/4379778.png,
Buffalo Bills,roster,Terrel Bernard,saved,https://a.espncdn.com/i/headshots/nfl/players/full/4259166.png,
Buffalo Bills,roster,Cole Bishop,saved,https://a.espncdn.com/i/headshots/nfl/players/full/4676004.png,
Buffalo Bills,roster,DeWayne Carter,saved,https://a.espncdn.com/i/headshots/nfl/players/full/4426883.png,
Buffalo Bills,roster,Bradley Chubb,saved,https://a.espncdn.com/i/headshots/nfl/players/full/3116733.png,
Buffalo Bills,roster,Mike Danna,saved,https://a.espncdn.com/i/headshots/nfl/players/full/3915487.png,
Buffalo Bills,roster,Kaleb Elarms-Orr,saved,https://a.espncdn.com/i/headshots/nfl/players/full/4594321.png,
Buffalo Bills,roster,Sam Franklin Jr.,saved,https://a.espncdn.com/i/headshots/nfl/players/full/4044133.png,
Buffalo Bills,roster,Greg Gaines,saved,https://a.espncdn.com/i/headshots/nfl/players/full/3127294.png,
Buffalo Bills,roster,C.J. Gardner-Johnson,saved,https://a.espncdn.com/i/headshots/nfl/players/full/4034953.png,
Buffalo Bills,roster,Maxwell Hairston,saved,https://a.espncdn.com/i/headshots/nfl/players/full/4688931.png,
Buffalo Bills,roster,Damar Hamlin,saved,https://a.espncdn.com/i/headshots/nfl/players/full/4036060.png,
Buffalo Bills,roster,Jordan Hancock,saved,https://a.espncdn.com/i/headshots/nfl/players/full/4596480.png,
Buffalo Bills,roster,Michael Hoecht,saved,https://a.espncdn.com/i/headshots/nfl/players/full/4033234.png,
Buffalo Bills,roster,Davison Igbinosun,saved,https://a.espncdn.com/i/headshots/nfl/players/full/4832035.png,
Buffalo Bills,roster,Landon Jackson,saved,https://a.espncdn.com/i/headshots/nfl/players/full/4432715.png,
Buffalo Bills,roster,Jalon Kilgore,saved,https://a.espncdn.com/i/headshots/nfl/players/full/5076951.png,
Buffalo Bills,roster,Phidarian Mathis,saved,https://a.espncdn.com/i/headshots/nfl/players/full/4241468.png,
Buffalo Bills,roster,Ed Oliver,saved,https://a.espncdn.com/i/headshots/nfl/players/full/4039303.png,
Buffalo Bills,roster,TJ Parker,saved,https://a.espncdn.com/i/headshots/nfl/players/full/4870886.png,
Buffalo Bills,roster,Greg Rousseau,saved,https://a.espncdn.com/i/headshots/nfl/players/full/4362506.png,
Buffalo Bills,roster,T.J. Sanders,saved,https://a.espncdn.com/i/headshots/nfl/players/full/4684527.png,
Buffalo Bills,roster,Javon Solomon,saved,https://a.espncdn.com/i/headshots/nfl/players/full/4428548.png,
Buffalo Bills,roster,Deone Walker,saved,https://a.espncdn.com/i/headshots/nfl/players/full/4831989.png,
Buffalo Bills,roster,Dorian Williams,saved,https://a.espncdn.com/i/headshots/nfl/players/full/4568624.png,
Buffalo Bills,roster,Tyler Bass,saved,https://a.espncdn.com/i/headshots/nfl/players/full/3917232.png,
Buffalo Bills,roster,Tommy Doman Jr.,saved,https://a.espncdn.com/i/headshots/nfl/players/full/4682758.png,
Buffalo Bills,roster,Reid Ferguson,saved,https://a.espncdn.com/i/headshots/nfl/players/full/2976549.png,
Buffalo Bills,roster,Zane Durant,saved,https://a.espncdn.com/i/headshots/nfl/players/full/4685347.png,
Buffalo Bills,roster,Tyrell Shavers,saved,https://a.espncdn.com/i/headshots/nfl/players/full/4241476.png,
Buffalo Bills,roster,Dorian Strong,saved,https://a.espncdn.com/i/headshots/nfl/players/full/4568703.png,
Buffalo Bills,roster,Shane Buechele,saved,https://a.espncdn.com/i/headshots/nfl/players/full/4039034.png,
Buffalo Bills,roster,Travis Clayton,saved,https://a.espncdn.com/i/headshots/nfl/players/full/5209587.png,
Buffalo Bills,roster,Te'Cory Couch,saved,https://a.espncdn.com/i/headshots/nfl/players/full/4427348.png,
Buffalo Bills,roster,Greg Dortch,saved,https://a.espncdn.com/i/headshots/nfl/players/full/4037235.png,
Buffalo Bills,roster,Frank Gore Jr.,saved,https://a.espncdn.com/i/headshots/nfl/players/full/4429805.png,
Buffalo Bills,roster,Stephen Gosnell,saved,https://a.espncdn.com/i/headshots/nfl/players/full/4432215.png,
Buffalo Bills,roster,Keonta Jenkins,saved,https://a.espncdn.com/i/headshots/nfl/players/full/4577066.png,
Buffalo Bills,roster,Andre Jones Jr.,saved,https://a.espncdn.com/i/headshots/nfl/players/full/4249214.png,
Buffalo Bills,roster,Anthony Kendall,saved,https://a.espncdn.com/i/headshots/nfl/players/full/5143279.png,
Buffalo Bills,roster,Brock Lampe,saved,https://a.espncdn.com/i/headshots/nfl/players/full/4875767.png,
Buffalo Bills,roster,Chase Lundt,saved,https://a.espncdn.com/i/headshots/nfl/players/full/4427843.png,
Buffalo Bills,roster,Ja'Mori Maclin,saved,https://a.espncdn.com/i/headshots/nfl/players/full/4430270.png,
Buffalo Bills,roster,Trent Sherfield,saved,https://a.espncdn.com/i/headshots/nfl/players/full/3122168.png,
Buffalo Bills,roster,Geno Stone,saved,https://a.espncdn.com/i/headshots/nfl/players/full/4240575.png,
Buffalo Bills,roster,Shaq Thompson,saved,https://a.espncdn.com/i/headshots/nfl/players/full/2978313.png,
Buffalo Bills,roster,Kani Walker,saved,https://a.espncdn.com/i/headshots/nfl/players/full/4682749.png,
Buffalo Bills,roster,Jedrick Wills Jr.,saved,https://a.espncdn.com/i/headshots/nfl/players/full/4241482.png,
Buffalo Bills,staff,Joe Brady,saved,https://static.clubs.nfl.com/image/upload/t_editorial_landscape_12_desktop/bills/am3magndb9gofrw30jfk,"<urlopen error [Errno 8] nodename nor servname provided, or not known>"
Buffalo Bills,staff,Pete Carmichael,saved,https://static.clubs.nfl.com/image/upload/t_editorial_landscape_6_desktop/f_auto/bills/ylnqoktf4cwsl4zkchdr.jpg,"<urlopen error [Errno 8] nodename nor servname provided, or not known>"
Buffalo Bills,staff,Jim Leonhard,saved,https://static.clubs.nfl.com/image/upload/t_editorial_landscape_6_desktop/f_auto/bills/rlbqbpyskcieb8rzklt7.jpg,"<urlopen error [Errno 8] nodename nor servname provided, or not known>"
Buffalo Bills,staff,Jeff Rodgers,saved,https://static.clubs.nfl.com/image/upload/t_editorial_landscape_6_desktop/f_auto/bills/otdpqfyuqyildinhoqd5.jpg,"<urlopen error [Errno 8] nodename nor servname provided, or not known>"
Buffalo Bills,staff,Bobby April III,saved,https://static.clubs.nfl.com/image/upload/t_headshot_desktop/f_auto/bills/y5h3g9aianhucvtztvjw.jpg,
Buffalo Bills,staff,Rob Boras,saved,https://static.clubs.nfl.com/image/upload/t_headshot_desktop/f_auto/bills/jo5egeaoortbtfkudbk7.jpg,
Buffalo Bills,staff,Joe Danna,saved,https://static.clubs.nfl.com/image/upload/t_headshot_desktop/f_auto/bills/dktbzedi5ek8gzzc4uud.jpg,
Buffalo Bills,staff,John Egorugwu,saved,https://static.clubs.nfl.com/image/upload/t_headshot_desktop/f_auto/bills/tdjrdps2couo2kugim5w.jpg,
Buffalo Bills,staff,John Fox,saved,https://static.clubs.nfl.com/image/upload/t_headshot_desktop/f_auto/bills/gnxkf2b1cy51mwjye9ja.jpg,
Buffalo Bills,staff,Austin Gund,saved,https://static.clubs.nfl.com/image/upload/t_headshot_desktop/f_auto/bills/jxqvdcv0akiqbkqnntq3.jpg,
Buffalo Bills,staff,Bo Hardegree,saved,https://static.clubs.nfl.com/image/upload/t_headshot_desktop/f_auto/bills/hzttiuhvjxleof8exhmb.jpg,
Buffalo Bills,staff,Terrance Jamison,saved,https://static.clubs.nfl.com/image/upload/t_headshot_desktop/f_auto/bills/l6ghbwv6prhrxhxevxwr.jpg,
Buffalo Bills,staff,Marc Lubick,saved,https://static.clubs.nfl.com/image/upload/t_headshot_desktop/f_auto/bills/elhhbwfjh8rsoetdyzyy.jpg,
Buffalo Bills,staff,DJ Mangas,saved,https://static.clubs.nfl.com/image/upload/t_headshot_desktop/f_auto/bills/jayjac0vomobapjxqj0z.jpg,
Buffalo Bills,staff,Trace McSorley,saved,https://static.clubs.nfl.com/image/upload/t_headshot_desktop/f_auto/bills/drte8imyn3thu8wx0gtd.jpg,"<urlopen error [Errno 8] nodename nor servname provided, or not known>"
Buffalo Bills,staff,Pat Meyer,saved,https://static.clubs.nfl.com/image/upload/t_headshot_desktop/f_auto/bills/t6vssx4h4z28xl6cmz3r.jpg,
Buffalo Bills,staff,Conor Raad,saved,https://static.clubs.nfl.com/image/upload/t_headshot_desktop/f_auto/bills/kkb1orzivzmag3nbiifn.jpg,"<urlopen error [Errno 8] nodename nor servname provided, or not known>"
Buffalo Bills,staff,Jason Rebrovich,saved,https://static.clubs.nfl.com/image/upload/t_headshot_desktop/f_auto/bills/l7wzn0xyhqjzsk3bqc6d.jpg,
Buffalo Bills,staff,Craig Robertson,saved,https://static.clubs.nfl.com/image/upload/t_headshot_desktop/f_auto/bills/x6tm1bt9g8yenh0eman1.jpg,"<urlopen error [Errno 8] nodename nor servname provided, or not known>"
Buffalo Bills,staff,Kyle Shurmur,saved,https://static.clubs.nfl.com/image/upload/t_headshot_desktop/f_auto/bills/hez95gxvh5krddgm7xlq.jpg,
Buffalo Bills,staff,Kelly Skipper,saved,https://static.clubs.nfl.com/image/upload/t_headshot_desktop/f_auto/bills/rektffwftx4eizoioxxt.jpg,
Buffalo Bills,staff,Drew Terrell,saved,https://static.clubs.nfl.com/image/upload/t_headshot_desktop/f_auto/bills/pjvuukblbrlwwnx9kxnu.jpg,
Buffalo Bills,staff,Jay Valai,saved,https://static.clubs.nfl.com/image/upload/t_headshot_desktop/f_auto/bills/t4psdidvpbidkygnem6u.jpg,
Buffalo Bills,staff,Alvin Vaughn,saved,https://static.clubs.nfl.com/image/upload/t_headshot_desktop/f_auto/bills/dtx8tmmuthybnhazdvyj.jpg,
Buffalo Bills,staff,Turner West,saved,https://static.clubs.nfl.com/image/upload/t_headshot_desktop/f_auto/bills/zfpobplvtgn8zrzfczrv.jpg,"<urlopen error [Errno 8] nodename nor servname provided, or not known>"
Buffalo Bills,staff,Milli Wilson,saved,https://static.clubs.nfl.com/image/upload/t_headshot_desktop/f_auto/bills/p8edb1flbqkzpaessfus.jpg,
Buffalo Bills,staff,Matt Worswick,saved,https://static.clubs.nfl.com/image/upload/t_headshot_desktop/f_auto/bills/byyki4dxvbsb5vgqt5mw.jpg,
Buffalo Bills,staff,Will Greenberg,saved,https://static.clubs.nfl.com/image/upload/t_headshot_desktop/f_auto/bills/vhy71jkv26rewpstuamh.jpg,
Buffalo Bills,staff,AJ Blue,saved,https://static.clubs.nfl.com/image/upload/t_headshot_desktop/f_auto/bills/maae6hea4yphpphgtul9.jpg,"<urlopen error [Errno 8] nodename nor servname provided, or not known>"
Buffalo Bills,staff,Hal Luther,saved,https://static.clubs.nfl.com/image/upload/t_headshot_desktop/f_auto/bills/be2ngmutfygcqgiqu4ye.jpg,
Buffalo Bills,staff,Nick Lacy,saved,https://static.clubs.nfl.com/image/upload/t_headshot_desktop/f_auto/bills/s8fpokri1jz4vvb4jprz.jpg,
Buffalo Bills,staff,Jason Oszvart,saved,https://static.clubs.nfl.com/image/upload/t_headshot_desktop/f_auto/bills/k6g2yylp3whrwpji550s.jpg,
Carolina Panthers,roster,Jonathon Brooks,saved,https://a.espncdn.com/i/headshots/nfl/players/full/4678008.png,
Carolina Panthers,roster,Corey Bullock,saved,https://a.espncdn.com/i/headshots/nfl/players/full/4576075.png,
Carolina Panthers,roster,Jalen Coker,saved,https://a.espncdn.com/i/headshots/nfl/players/full/4695883.png,
Carolina Panthers,roster,AJ Dillon,saved,https://a.espncdn.com/i/headshots/nfl/players/full/4239934.png,
Carolina Panthers,roster,Mitchell Evans,saved,https://a.espncdn.com/i/headshots/nfl/players/full/4683243.png,
Carolina Panthers,roster,Stone Forsythe,saved,https://a.espncdn.com/i/headshots/nfl/players/full/4034962.png,
Carolina Panthers,roster,Luke Fortner,saved,https://a.espncdn.com/i/headshots/nfl/players/full/4035048.png,
Carolina Panthers,roster,Feleipe Franks,saved,https://a.espncdn.com/i/headshots/nfl/players/full/4034948.png,
Carolina Panthers,roster,Monroe Freeling,saved,https://a.espncdn.com/i/headshots/nfl/players/full/4870694.png,
Carolina Panthers,roster,Sam Hecht,saved,https://a.espncdn.com/i/headshots/nfl/players/full/4874515.png,
Carolina Panthers,roster,Chuba Hubbard,saved,https://a.espncdn.com/i/headshots/nfl/players/full/4241416.png,
Carolina Panthers,roster,Robert Hunt,saved,https://a.espncdn.com/i/headshots/nfl/players/full/3917592.png,
Carolina Panthers,roster,Haynes King,saved,https://a.espncdn.com/i/headshots/nfl/players/full/4428993.png,
Carolina Panthers,roster,Xavier Legette,saved,https://a.espncdn.com/i/headshots/nfl/players/full/4430034.png,
Carolina Panthers,roster,Damien Lewis,saved,https://a.espncdn.com/i/headshots/nfl/players/full/4362647.png,
Carolina Panthers,roster,Tetairoa McMillan,saved,https://a.espncdn.com/i/headshots/nfl/players/full/4685472.png,
Carolina Panthers,roster,John Metchie III,saved,https://a.espncdn.com/i/headshots/nfl/players/full/4567096.png,
Carolina Panthers,roster,Kenny Pickett,saved,https://a.espncdn.com/i/headshots/nfl/players/full/4240703.png,
Carolina Panthers,roster,Albert Reese IV,saved,https://a.espncdn.com/i/headshots/nfl/players/full/4683506.png,
Carolina Panthers,roster,Ja'Tavion Sanders,saved,https://a.espncdn.com/i/headshots/nfl/players/full/4431588.png,
Carolina Panthers,roster,Brycen Tremayne,saved,https://a.espncdn.com/i/headshots/nfl/players/full/4360763.png,
Carolina Panthers,roster,Tommy Tremble,saved,https://a.espncdn.com/i/headshots/nfl/players/full/4372780.png,
Carolina Panthers,roster,Rasheed Walker,saved,https://a.espncdn.com/i/headshots/nfl/players/full/4361429.png,
Carolina Panthers,roster,Darren Waller,saved,https://a.espncdn.com/i/headshots/nfl/players/full/2576925.png,
Carolina Panthers,roster,Bryce Young,saved,https://a.espncdn.com/i/headshots/nfl/players/full/4685720.png,
Carolina Panthers,roster,Derrick Brown,saved,https://a.espncdn.com/i/headshots/nfl/players/full/4035495.png,
Carolina Panthers,roster,Bobby Brown III,saved,https://a.espncdn.com/i/headshots/nfl/players/full/4372518.png,
Carolina Panthers,roster,Claudin Cherelus,saved,https://a.espncdn.com/i/headshots/nfl/players/full/4256224.png,
Carolina Panthers,roster,Tyrel Dodson,saved,https://a.espncdn.com/i/headshots/nfl/players/full/4035232.png,
Carolina Panthers,roster,TeRah Edwards,saved,https://a.espncdn.com/i/headshots/nfl/players/full/4431077.png,
Carolina Panthers,roster,Akayleb Evans,saved,https://a.espncdn.com/i/headshots/nfl/players/full/4244607.png,
Carolina Panthers,roster,Trevis Gipson,saved,https://a.espncdn.com/i/headshots/nfl/players/full/3917016.png,
Carolina Panthers,roster,Aaron Hall,saved,https://a.espncdn.com/i/headshots/nfl/players/full/4602967.png,
Carolina Panthers,roster,Jaycee Horn,saved,https://a.espncdn.com/i/headshots/nfl/players/full/4362847.png,
Carolina Panthers,roster,Lee Hunter,saved,https://a.espncdn.com/i/headshots/nfl/players/full/4431551.png,
Carolina Panthers,roster,Thomas Incoom,saved,https://a.espncdn.com/i/headshots/nfl/players/full/4714157.png,
Carolina Panthers,roster,Cam Jackson,saved,https://a.espncdn.com/i/headshots/nfl/players/full/4687513.png,
Carolina Panthers,roster,Mike Jackson,saved,https://a.espncdn.com/i/headshots/nfl/players/full/3917853.png,
Carolina Panthers,roster,Patrick Jones II,saved,https://a.espncdn.com/i/headshots/nfl/players/full/4036063.png,
Carolina Panthers,roster,Jackson Kuwatch,saved,https://a.espncdn.com/i/headshots/nfl/players/full/4875592.png,
Carolina Panthers,roster,Will Lee III,saved,https://a.espncdn.com/i/headshots/nfl/players/full/5151083.png,
Carolina Panthers,roster,Devin Lloyd,saved,https://a.espncdn.com/i/headshots/nfl/players/full/4243256.png,
Carolina Panthers,roster,Tre'von Moehrig,saved,https://a.espncdn.com/i/headshots/nfl/players/full/4362487.png,
Carolina Panthers,roster,Jeremiah Moon,saved,https://a.espncdn.com/i/headshots/nfl/players/full/4034959.png,
Carolina Panthers,roster,Bobby Okereke,saved,https://a.espncdn.com/i/headshots/nfl/players/full/3117253.png,
Carolina Panthers,roster,Jaelan Phillips,saved,https://a.espncdn.com/i/headshots/nfl/players/full/4242975.png,
Carolina Panthers,roster,Lathan Ransom,saved,https://a.espncdn.com/i/headshots/nfl/players/full/4429110.png,
Carolina Panthers,roster,Nick Scott,saved,https://a.espncdn.com/i/headshots/nfl/players/full/3116179.png,
Carolina Panthers,roster,Isaiah Simmons,saved,https://a.espncdn.com/i/headshots/nfl/players/full/4035462.png,
Carolina Panthers,roster,Chau Smith-Wade,saved,https://a.espncdn.com/i/headshots/nfl/players/full/4697636.png,
Carolina Panthers,roster,Princely Umanmielen,saved,https://a.espncdn.com/i/headshots/nfl/players/full/4429166.png,
Carolina Panthers,roster,Zakee Wheatley,saved,https://a.espncdn.com/i/headshots/nfl/players/full/4566384.png,
Carolina Panthers,roster,Ryan Fitzgerald,saved,https://a.espncdn.com/i/headshots/nfl/players/full/4568263.png,
Carolina Panthers,roster,JJ Jansen,saved,https://a.espncdn.com/i/headshots/nfl/players/full/11759.png,
Carolina Panthers,roster,Sam Martin,saved,https://a.espncdn.com/i/headshots/nfl/players/full/15928.png,
Carolina Panthers,roster,Chris Brazzell II,saved,https://a.espncdn.com/i/headshots/nfl/players/full/5091739.png,
Carolina Panthers,roster,Brady Christensen,saved,https://a.espncdn.com/i/headshots/nfl/players/full/4256062.png,
Carolina Panthers,roster,Ikem Ekwonu,saved,https://a.espncdn.com/i/headshots/nfl/players/full/4427132.png,
Carolina Panthers,roster,Trevor Etienne,saved,https://a.espncdn.com/i/headshots/nfl/players/full/4685350.png,
Carolina Panthers,roster,Bam Martin-Scott,saved,https://a.espncdn.com/i/headshots/nfl/players/full/4880613.png,
Carolina Panthers,roster,Taylor Moton,saved,https://a.espncdn.com/i/headshots/nfl/players/full/2973051.png,
Carolina Panthers,roster,Nic Scourton,saved,https://a.espncdn.com/i/headshots/nfl/players/full/4833355.png,
Carolina Panthers,roster,Tershawn Wharton,saved,https://a.espncdn.com/i/headshots/nfl/players/full/4058925.png,
Carolina Panthers,roster,Zion Childress,saved,https://a.espncdn.com/i/headshots/nfl/players/full/4685841.png,
Carolina Panthers,roster,Jake Curhan,saved,https://a.espncdn.com/i/headshots/nfl/players/full/4035870.png,
Carolina Panthers,roster,Anthony Goodlow,saved,https://a.espncdn.com/i/headshots/nfl/players/full/4372378.png,
Carolina Panthers,roster,Ahmani Marshall,saved,https://a.espncdn.com/i/headshots/nfl/players/full/4432374.png,
Carolina Panthers,roster,David Moore,saved,https://a.espncdn.com/i/headshots/nfl/players/full/4212909.png,
Carolina Panthers,roster,Mapalo Mwansa,saved,https://a.espncdn.com/i/headshots/nfl/players/full/5279357.png,
Carolina Panthers,roster,Parker Petersen,saved,https://a.espncdn.com/i/headshots/nfl/players/full/4875848.png,
Carolina Panthers,roster,Ja'seem Reed,saved,https://a.espncdn.com/i/headshots/nfl/players/full/4876995.png,
Carolina Panthers,roster,Torricelli Simpkins III,saved,https://a.espncdn.com/i/headshots/nfl/players/full/4696902.png,
Carolina Panthers,roster,DeVonta Smith,saved,https://a.espncdn.com/i/headshots/nfl/players/full/4594449.png,
Carolina Panthers,roster,Corey Thornton,saved,https://a.espncdn.com/i/headshots/nfl/players/full/4431426.png,
Carolina Panthers,roster,Anthony Tyus III,saved,https://a.espncdn.com/i/headshots/nfl/players/full/4709392.png,
Carolina Panthers,roster,Casey Washington,saved,https://a.espncdn.com/i/headshots/nfl/players/full/4428796.png,
Carolina Panthers,roster,E.J. Williams Jr.,saved,https://a.espncdn.com/i/headshots/nfl/players/full/4686093.png,
Carolina Panthers,roster,Chandler Zavala,saved,https://a.espncdn.com/i/headshots/nfl/players/full/4710661.png,
Carolina Panthers,staff,Dave Canales,saved,https://static.clubs.nfl.com/image/upload/t_editorial_landscape_12_desktop/panthers/gnjgelxbhaldo4iskf45,"<urlopen error [Errno 8] nodename nor servname provided, or not known>"
Carolina Panthers,staff,Brad Idzik,saved,https://static.clubs.nfl.com/image/upload/t_headshot_desktop/f_auto/panthers/ssrdghpsx2xwa5zffcok.jpg,
Carolina Panthers,staff,Harold Goodwin,saved,https://static.clubs.nfl.com/image/upload/t_headshot_desktop/f_auto/panthers/exde5lu1fi7ta06dvhip.jpg,
Carolina Panthers,staff,Darrell Bevell,saved,https://static.clubs.nfl.com/image/upload/t_headshot_desktop/f_auto/panthers/nrvrjeyribe8qsqbh0v1.jpg,
Carolina Panthers,staff,Joe Gilbert,saved,https://static.clubs.nfl.com/image/upload/t_headshot_desktop/f_auto/panthers/mogmljgvfy2otihzvojq.jpg,
Carolina Panthers,staff,Will Harriger,saved,https://static.clubs.nfl.com/image/upload/t_headshot_desktop/f_auto/panthers/igwrqetipqzhawzzvr8v.jpg,
Carolina Panthers,staff,Mike Bercovici,saved,https://static.clubs.nfl.com/image/upload/t_headshot_desktop/f_auto/panthers/d5rqvgc44xwizsfym7rh.jpg,
Carolina Panthers,staff,Pat McPherson,saved,https://static.clubs.nfl.com/image/upload/t_headshot_desktop/f_auto/panthers/dv0sngje6idzw6biw5xj.jpg,
Carolina Panthers,staff,Rob Moore,saved,https://static.clubs.nfl.com/image/upload/t_headshot_desktop/f_auto/panthers/zu0oljcp4zcywtrb2zz5.jpg,
Carolina Panthers,staff,Bernie Parmalee,saved,https://static.clubs.nfl.com/image/upload/t_headshot_desktop/f_auto/panthers/gjfk6wkog0iepg3hbubt.jpg,
Carolina Panthers,staff,Ejiro Evero,saved,https://static.clubs.nfl.com/image/upload/t_headshot_desktop/f_auto/panthers/v18y7ec8mtaxktcgec4x.jpg,
Carolina Panthers,staff,Peter Hansen,saved,https://static.clubs.nfl.com/image/upload/t_headshot_desktop/f_auto/panthers/otb0jtwexriye0mav6wv.jpg,
Carolina Panthers,staff,Jonathan Cooley,saved,https://static.clubs.nfl.com/image/upload/t_headshot_desktop/f_auto/panthers/v30ugaopmex6l0rrfn75.jpg,
Carolina Panthers,staff,AC Carter,saved,https://static.clubs.nfl.com/image/upload/t_headshot_desktop/f_auto/panthers/jd0ti0hul4mgbxabzbup.jpg,
Carolina Panthers,staff,Renaldo Hill,saved,https://static.clubs.nfl.com/image/upload/t_headshot_desktop/f_auto/panthers/phnicvoa5df07ktfcybz.jpg,
Carolina Panthers,staff,Todd Wash,saved,https://static.clubs.nfl.com/image/upload/t_headshot_desktop/f_auto/panthers/smq1kdqidksdzftpzq99.jpg,
Carolina Panthers,staff,Mayur Chaudhari,saved,https://static.clubs.nfl.com/image/upload/t_headshot_desktop/f_auto/panthers/wg233o92yathqz8mrhsi.jpg,
Carolina Panthers,staff,Tracy Smith,saved,https://static.clubs.nfl.com/image/upload/t_headshot_desktop/f_auto/panthers/zeuqzvylri41qprm7eij.jpg,
Carolina Panthers,staff,Daren Bates,saved,https://static.clubs.nfl.com/image/upload/t_headshot_desktop/f_auto/panthers/lazvzvr6xz47l6dhgsti.jpg,
Carolina Panthers,staff,Jessica Beckenstein,saved,https://static.clubs.nfl.com/image/upload/t_headshot_desktop/f_auto/panthers/o1ocpozu2gn39lmpht9p.jpg,"<urlopen error [Errno 8] nodename nor servname provided, or not known>"
Carolina Panthers,staff,Scott Cooper,saved,https://static.clubs.nfl.com/image/upload/t_headshot_desktop/f_auto/panthers/df5clpauifknk0jviaho.jpg,
Carolina Panthers,staff,George Li,saved,https://static.clubs.nfl.com/image/upload/t_headshot_desktop/f_auto/panthers/qvfb0ret1l5bzgtcfqu9.jpg,
Carolina Panthers,staff,Carl Smith,saved,https://static.clubs.nfl.com/image/upload/t_headshot_desktop/f_auto/panthers/as8muxjxavb314mbhqke.jpg,
Carolina Panthers,staff,Keyshawn Colmon,saved,https://static.clubs.nfl.com/image/upload/t_headshot_desktop/f_auto/panthers/e26h2zpgkvcnvbppkhzl.jpg,
Carolina Panthers,staff,Kevin Peterson,saved,https://static.clubs.nfl.com/image/upload/t_headshot_desktop/f_auto/panthers/ru8oxzojkervd5badbzi.jpg,
Carolina Panthers,staff,Ilir Emini,saved,https://static.clubs.nfl.com/image/upload/t_headshot_desktop/f_auto/panthers/abqzis4fxw13snxmj9vq.jpg,
Carolina Panthers,staff,Dean Petzing,saved,https://static.clubs.nfl.com/image/upload/t_headshot_desktop/f_auto/panthers/jgn17nunzfpilbivvmgb.jpg,
Carolina Panthers,staff,Dwayne Stukes,saved,https://static.clubs.nfl.com/image/upload/t_headshot_desktop/f_auto/panthers/kunkuya06buc2hb9jgiw.jpg,
Chicago Bears,roster,Tyson Bagent,saved,https://a.espncdn.com/i/headshots/nfl/players/full/4434153.png,
Chicago Bears,roster,Theo Benedet,saved,https://a.espncdn.com/i/headshots/nfl/players/full/5125873.png,
Chicago Bears,roster,Garrett Bradbury,saved,https://a.espncdn.com/i/headshots/nfl/players/full/3116729.png,
Chicago Bears,roster,Luther Burden III,saved,https://a.espncdn.com/i/headshots/nfl/players/full/4685278.png,
Chicago Bears,roster,Kaden Davis,saved,https://a.espncdn.com/i/headshots/nfl/players/full/5065495.png,
Chicago Bears,roster,Jonah Jackson,saved,https://a.espncdn.com/i/headshots/nfl/players/full/3930040.png,
Chicago Bears,roster,Roschon Johnson,saved,https://a.espncdn.com/i/headshots/nfl/players/full/4426386.png,
Chicago Bears,roster,Braxton Jones,saved,https://a.espncdn.com/i/headshots/nfl/players/full/4251007.png,
Chicago Bears,roster,Logan Jones,saved,https://a.espncdn.com/i/headshots/nfl/players/full/4686907.png,
Chicago Bears,roster,Case Keenum,saved,https://a.espncdn.com/i/headshots/nfl/players/full/15168.png,
Chicago Bears,roster,Cole Kmet,saved,https://a.espncdn.com/i/headshots/nfl/players/full/4258595.png,
Chicago Bears,roster,Colston Loveland,saved,https://a.espncdn.com/i/headshots/nfl/players/full/4723086.png,
Chicago Bears,roster,Jordan McFadden,saved,https://a.espncdn.com/i/headshots/nfl/players/full/4360319.png,
Chicago Bears,roster,Kyle Monangai,saved,https://a.espncdn.com/i/headshots/nfl/players/full/4608686.png,
Chicago Bears,roster,Miller Moss,saved,https://a.espncdn.com/i/headshots/nfl/players/full/4431580.png,
Chicago Bears,roster,Luke Newman,saved,https://a.espncdn.com/i/headshots/nfl/players/full/4695895.png,
Chicago Bears,roster,Rome Odunze,saved,https://a.espncdn.com/i/headshots/nfl/players/full/4431299.png,
Chicago Bears,roster,Kalif Raymond,saved,https://a.espncdn.com/i/headshots/nfl/players/full/2973405.png,
Chicago Bears,roster,Sam Roush,saved,https://a.espncdn.com/i/headshots/nfl/players/full/4685504.png,
Chicago Bears,roster,D'Andre Swift,saved,https://a.espncdn.com/i/headshots/nfl/players/full/4259545.png,
Chicago Bears,roster,Zavion Thomas,saved,https://a.espncdn.com/i/headshots/nfl/players/full/4869748.png,
Chicago Bears,roster,Joe Thuney,saved,https://a.espncdn.com/i/headshots/nfl/players/full/2577773.png,
Chicago Bears,roster,Ozzy Trapilo,saved,https://a.espncdn.com/i/headshots/nfl/players/full/4432595.png,
Chicago Bears,roster,Jahdae Walker,saved,https://a.espncdn.com/i/headshots/nfl/players/full/5160110.png,
Chicago Bears,roster,Caleb Williams,saved,https://a.espncdn.com/i/headshots/nfl/players/full/4431611.png,
Chicago Bears,roster,Darnell Wright,saved,https://a.espncdn.com/i/headshots/nfl/players/full/4426358.png,
Chicago Bears,roster,Josh Blackwell,saved,https://a.espncdn.com/i/headshots/nfl/players/full/4240459.png,
Chicago Bears,roster,Austin Booker,saved,https://a.espncdn.com/i/headshots/nfl/players/full/4683553.png,
Chicago Bears,roster,Devin Bush,saved,https://a.espncdn.com/i/headshots/nfl/players/full/4036261.png,
Chicago Bears,roster,T.J. Edwards,saved,https://a.espncdn.com/i/headshots/nfl/players/full/3121544.png,
Chicago Bears,roster,Keyshaun Elliott,saved,https://a.espncdn.com/i/headshots/nfl/players/full/4911952.png,
Chicago Bears,roster,Neville Gallimore,saved,https://a.espncdn.com/i/headshots/nfl/players/full/3892883.png,
Chicago Bears,roster,Daniel Hardy,saved,https://a.espncdn.com/i/headshots/nfl/players/full/4365629.png,
Chicago Bears,roster,Elijah Hicks,saved,https://a.espncdn.com/i/headshots/nfl/players/full/4242402.png,
Chicago Bears,roster,D'Marco Jackson,saved,https://a.espncdn.com/i/headshots/nfl/players/full/4241007.png,
Chicago Bears,roster,Grady Jarrett,saved,https://a.espncdn.com/i/headshots/nfl/players/full/2576492.png,
Chicago Bears,roster,Jaylon Johnson,saved,https://a.espncdn.com/i/headshots/nfl/players/full/4243253.png,
Chicago Bears,roster,Jamree Kromah,saved,https://a.espncdn.com/i/headshots/nfl/players/full/4372463.png,
Chicago Bears,roster,Cam Lewis,saved,https://a.espncdn.com/i/headshots/nfl/players/full/3916577.png,
Chicago Bears,roster,Jayden Loving,saved,https://a.espncdn.com/i/headshots/nfl/players/full/4877376.png,
Chicago Bears,roster,James Lynch,saved,https://a.espncdn.com/i/headshots/nfl/players/full/4259181.png,
Chicago Bears,roster,Malik Muhammad II,saved,https://a.espncdn.com/i/headshots/nfl/players/full/4870953.png,
Chicago Bears,roster,Dayo Odeyingbo,saved,https://a.espncdn.com/i/headshots/nfl/players/full/4242659.png,
Chicago Bears,roster,Clark Phillips III,saved,https://a.espncdn.com/i/headshots/nfl/players/full/4429067.png,
Chicago Bears,roster,Jack Sanborn,saved,https://a.espncdn.com/i/headshots/nfl/players/full/4372576.png,
Chicago Bears,roster,Tyrique Stevenson Sr.,saved,https://a.espncdn.com/i/headshots/nfl/players/full/4426374.png,
Chicago Bears,roster,Kentavius Street,saved,https://a.espncdn.com/i/headshots/nfl/players/full/3116726.png,
Chicago Bears,roster,Montez Sweat,saved,https://a.espncdn.com/i/headshots/nfl/players/full/3134690.png,
Chicago Bears,roster,Dillon Thieneman,saved,https://a.espncdn.com/i/headshots/nfl/players/full/4954445.png,
Chicago Bears,roster,Skyler Thomas,saved,https://a.espncdn.com/i/headshots/nfl/players/full/4879561.png,
Chicago Bears,roster,Jordan van den Berg,saved,https://a.espncdn.com/i/headshots/nfl/players/full/4875381.png,
Chicago Bears,roster,Xavier Woods,saved,https://a.espncdn.com/i/headshots/nfl/players/full/3040572.png,
Chicago Bears,roster,Beau Gardner,saved,https://a.espncdn.com/i/headshots/nfl/players/full/4696723.png,
Chicago Bears,roster,Cairo Santos,saved,https://a.espncdn.com/i/headshots/nfl/players/full/17427.png,
Chicago Bears,roster,Tory Taylor,saved,https://a.espncdn.com/i/headshots/nfl/players/full/4686889.png,
Chicago Bears,roster,Brittain Brown,saved,https://a.espncdn.com/i/headshots/nfl/players/full/4036032.png,
Chicago Bears,roster,Coby Bryant,saved,https://a.espncdn.com/i/headshots/nfl/players/full/4239094.png,
Chicago Bears,roster,Tony Fields II,saved,https://a.espncdn.com/i/headshots/nfl/players/full/4245655.png,
Chicago Bears,roster,Dallis Flowers,saved,https://a.espncdn.com/i/headshots/nfl/players/full/4917592.png,
Chicago Bears,roster,Jonathan Garvin,saved,https://a.espncdn.com/i/headshots/nfl/players/full/4240655.png,
Chicago Bears,roster,Kyler Gordon,saved,https://a.espncdn.com/i/headshots/nfl/players/full/4361093.png,
Chicago Bears,roster,Ruben Hyppolite II,saved,https://a.espncdn.com/i/headshots/nfl/players/full/4429970.png,
Chicago Bears,roster,Nikola Kalinic,saved,https://a.espncdn.com/i/headshots/nfl/players/full/4916349.png,
Chicago Bears,roster,Hayden Large,saved,https://a.espncdn.com/i/headshots/nfl/players/full/5150662.png,
Chicago Bears,roster,Nephi Sewell,saved,https://a.espncdn.com/i/headshots/nfl/players/full/4241611.png,
Chicago Bears,roster,Noah Sewell,saved,https://a.espncdn.com/i/headshots/nfl/players/full/4430822.png,
Chicago Bears,roster,Shemar Turner,saved,https://a.espncdn.com/i/headshots/nfl/players/full/4432804.png,
Chicago Bears,roster,Salvon Ahmed,saved,https://a.espncdn.com/i/headshots/nfl/players/full/4243315.png,
Chicago Bears,roster,Caden Barnett,saved,https://a.espncdn.com/i/headshots/nfl/players/full/4709983.png,
Chicago Bears,roster,Stephen Carlson,saved,https://a.espncdn.com/i/headshots/nfl/players/full/3948283.png,
Chicago Bears,roster,Marcus Davenport,saved,https://a.espncdn.com/i/headshots/nfl/players/full/3124058.png,
Chicago Bears,roster,Kyle Hergel,saved,https://a.espncdn.com/i/headshots/nfl/players/full/4384683.png,
Chicago Bears,roster,Qadir Ismail,saved,https://a.espncdn.com/i/headshots/nfl/players/full/4379769.png,
Chicago Bears,roster,Buddy Johnson,saved,https://a.espncdn.com/i/headshots/nfl/players/full/4240900.png,
Chicago Bears,roster,Anthony Johnson Jr.,saved,https://a.espncdn.com/i/headshots/nfl/players/full/4361748.png,
Chicago Bears,roster,Christian Jones,saved,https://a.espncdn.com/i/headshots/nfl/players/full/4362103.png,
Chicago Bears,roster,Wayne Matthews III,saved,https://a.espncdn.com/i/headshots/nfl/players/full/4684963.png,
Chicago Bears,roster,Scotty Miller,saved,https://a.espncdn.com/i/headshots/nfl/players/full/3914397.png,
Chicago Bears,roster,Deantre Prince,saved,https://a.espncdn.com/i/headshots/nfl/players/full/4428283.png,
Chicago Bears,roster,JP Richardson,saved,https://a.espncdn.com/i/headshots/nfl/players/full/4685183.png,
Chicago Bears,roster,Zavier Scott,saved,https://a.espncdn.com/i/headshots/nfl/players/full/4257364.png,
Chicago Bears,roster,Marlen Sewell,saved,https://a.espncdn.com/i/headshots/nfl/players/full/4682641.png,
Chicago Bears,roster,Keidron Smith,saved,https://a.espncdn.com/i/headshots/nfl/players/full/4372418.png,
Chicago Bears,staff,Ben Johnson,saved,https://static.clubs.nfl.com/image/upload/t_editorial_landscape_12_desktop/v1737572263/bears/bexkjvilhtogegqjqfjx,Not an image
Chicago Bears,staff,Dennis Allen,saved,https://static.clubs.nfl.com/image/upload/t_editorial_landscape_6_desktop/f_auto/bears/y5plzlttfzrlr8lrik0f.jpg,"<urlopen error [Errno 8] nodename nor servname provided, or not known>"
Chicago Bears,staff,Press Taylor,saved,https://static.clubs.nfl.com/image/upload/t_editorial_landscape_6_desktop/f_auto/bears/jywxbepne40raawidm6a.jpg,"<urlopen error [Errno 8] nodename nor servname provided, or not known>"
Chicago Bears,staff,Richard Hightower,saved,https://static.clubs.nfl.com/image/private/t_editorial_landscape_6_desktop/f_auto/v1656012655/bears/ec7n5snenis8mps4dqjr.jpg,"<urlopen error [Errno 8] nodename nor servname provided, or not known>"
Chicago Bears,staff,Antwaan Randle El,saved,https://static.clubs.nfl.com/image/upload/t_headshot_desktop/f_auto/bears/rvzsmlurxyijrofjkeo9.jpg,
Chicago Bears,staff,Matt Aponte,saved,https://static.clubs.nfl.com/image/upload/t_headshot_desktop/f_auto/bears/b9zmh6qxcbywa132k7iy.jpg,
Chicago Bears,staff,J.T. Barrett,saved,https://static.clubs.nfl.com/image/upload/t_headshot_desktop/f_auto/bears/pmqyv5cprgqjxos7m5tu.jpg,
Chicago Bears,staff,Anthony Blevins,saved,https://static.clubs.nfl.com/image/upload/t_headshot_desktop/f_auto/bears/q5xtyzwyelgkuzcnjsd4.jpg,
Chicago Bears,staff,Zach Cable,saved,https://static.clubs.nfl.com/image/upload/t_headshot_desktop/f_auto/v1790360241/bears/f7mbsl9jhgfan4xtk9ci.jpg,
Chicago Bears,staff,Kyle DeVan,saved,https://static.clubs.nfl.com/image/upload/t_headshot_desktop/f_auto/bears/glmkdnoubayslph6wye0.jpg,
Chicago Bears,staff,Jim Dray,saved,https://static.clubs.nfl.com/image/private/t_headshot_desktop/f_auto/v1656012528/bears/tahkummplbugnvkpe5rh.jpg,"<urlopen error [Errno 8] nodename nor servname provided, or not known>"
Chicago Bears,staff,Isaiah Ford,saved,https://static.clubs.nfl.com/image/upload/t_headshot_desktop/f_auto/bears/tcn8vpkv2ka5ybyngwck.jpg,
Chicago Bears,staff,Jeremy Garrett,saved,https://static.clubs.nfl.com/image/upload/t_headshot_desktop/f_auto/bears/b3k6wmpcyclyujfcjchu.jpg,
Chicago Bears,staff,Matt Giordano,saved,https://static.clubs.nfl.com/image/upload/t_headshot_desktop/f_auto/bears/piytzqo3cgbczpsl6gon.jpg,
Chicago Bears,staff,Al Harris,saved,https://static.clubs.nfl.com/image/upload/t_headshot_desktop/f_auto/bears/oxzitx7mnh6s2rbtybeo.jpg,
Chicago Bears,staff,Bill Johnson,saved,https://static.clubs.nfl.com/image/upload/t_headshot_desktop/f_auto/bears/aqn5cavieggykncw1fjo.jpg,
Chicago Bears,staff,Kevin Koch,saved,https://static.clubs.nfl.com/image/private/t_headshot_desktop/f_auto/v1656013178/bears/rg3nsbi0eloobmkb2rtr.jpg,"<urlopen error [Errno 8] nodename nor servname provided, or not known>"
Chicago Bears,staff,Will Lawing,saved,https://static.clubs.nfl.com/image/upload/t_headshot_desktop/f_auto/bears/zewqqnb1ohdveswi0gc6.jpg,
Chicago Bears,staff,Cannon Matthews,saved,https://static.clubs.nfl.com/image/upload/t_headshot_desktop/f_auto/bears/rsjax7ignvnllswby5kc.jpg,
Chicago Bears,staff,Kenny Norton III,saved,https://static.clubs.nfl.com/image/upload/t_headshot_desktop/f_auto/v1790360210/bears/rxcemnubf7nzecg8wxin.jpg,
Chicago Bears,staff,Robbie Picazo,saved,https://static.clubs.nfl.com/image/upload/t_headshot_desktop/f_auto/v1790360182/bears/q2tuwzgqzuei08w8tz3b.jpg,
Chicago Bears,staff,Dan Roushar,saved,https://static.clubs.nfl.com/image/upload/t_headshot_desktop/f_auto/bears/gpbynl4jei9b9ozfxyz0.jpg,
Chicago Bears,staff,Richard Smith,saved,https://static.clubs.nfl.com/image/upload/t_headshot_desktop/f_auto/v1752856251/bears/hosmpcr61tgknd7mbqds.jpg,
Chicago Bears,staff,Eric Studesville,saved,https://static.clubs.nfl.com/image/upload/t_headshot_desktop/f_auto/bears/abg0zbknobmvvx4oqug2.jpg,
Chicago Bears,staff,Pierre Ngo,saved,https://static.clubs.nfl.com/image/upload/t_headshot_desktop/f_auto/bears/qai5b7wsv1hltyierwuf.jpg,
Chicago Bears,staff,Allison Haley,saved,https://static.clubs.nfl.com/image/upload/t_headshot_desktop/f_auto/bears/q2kzbzswa9rapq8wmndr.jpg,
Chicago Bears,staff,Noble Landry,saved,https://static.clubs.nfl.com/image/private/t_headshot_desktop/f_auto/v1656013331/bears/d0yif6ysp3hlzgxf2wau.jpg,"<urlopen error [Errno 8] nodename nor servname provided, or not known>"
Chicago Bears,staff,Reshard Langford,saved,https://static.clubs.nfl.com/image/upload/t_headshot_desktop/f_auto/v1742998117/bears/cmsdywbhsv6pwqrp2oj9.jpg,
Chicago Bears,staff,Mark Philippi,saved,https://static.clubs.nfl.com/image/upload/t_headshot_desktop/f_auto/bears/pztkwvm3ktvtqzadu6fa.jpg,
Chicago Bears,staff,Justin Rudd,saved,https://static.clubs.nfl.com/image/upload/t_headshot_desktop/f_auto/bears/cllir7kllmtuaemon317.jpg,
Chicago Bears,staff,Chavis Cook,saved,https://static.clubs.nfl.com/image/upload/t_headshot_desktop/f_auto/bears/ffzomfdlsyb9jhlrqayp.jpg,
Chicago Bears,staff,Harrison Freid,saved,https://static.clubs.nfl.com/image/private/t_headshot_desktop/f_auto/v1688074974/bears/t9wpxqmgiykecezvpwvl.jpg,"<urlopen error [Errno 8] nodename nor servname provided, or not known>"
Cincinnati Bengals,roster,Erick All Jr.,saved,https://a.espncdn.com/i/headshots/nfl/players/full/4427834.png,
Cincinnati Bengals,roster,Jacob Bayer,saved,https://a.espncdn.com/i/headshots/nfl/players/full/4879478.png,
Cincinnati Bengals,roster,Tahj Brooks,saved,https://a.espncdn.com/i/headshots/nfl/players/full/4429299.png,
Cincinnati Bengals,roster,Chase Brown,saved,https://a.espncdn.com/i/headshots/nfl/players/full/4362238.png,
Cincinnati Bengals,roster,Orlando Brown Jr.,saved,https://a.espncdn.com/i/headshots/nfl/players/full/3116370.png,
Cincinnati Bengals,roster,Joe Burrow,saved,https://a.espncdn.com/i/headshots/nfl/players/full/3915511.png,
Cincinnati Bengals,roster,Ja'Marr Chase,saved,https://a.espncdn.com/i/headshots/nfl/players/full/4362628.png,
Cincinnati Bengals,roster,Jack Endries,saved,https://a.espncdn.com/i/headshots/nfl/players/full/5085189.png,
Cincinnati Bengals,roster,Dylan Fairchild,saved,https://a.espncdn.com/i/headshots/nfl/players/full/4646773.png,
Cincinnati Bengals,roster,Joe Flacco,saved,https://a.espncdn.com/i/headshots/nfl/players/full/11252.png,
Cincinnati Bengals,roster,Javon Foster,saved,https://a.espncdn.com/i/headshots/nfl/players/full/4362769.png,
Cincinnati Bengals,roster,Mike Gesicki,saved,https://a.espncdn.com/i/headshots/nfl/players/full/3116164.png,
Cincinnati Bengals,roster,Tee Higgins,saved,https://a.espncdn.com/i/headshots/nfl/players/full/4239993.png,
Cincinnati Bengals,roster,Myles Hinton,saved,https://a.espncdn.com/i/headshots/nfl/players/full/4429000.png,
Cincinnati Bengals,roster,Tanner Hudson,saved,https://a.espncdn.com/i/headshots/nfl/players/full/3050481.png,
Cincinnati Bengals,roster,Andrei Iosivas,saved,https://a.espncdn.com/i/headshots/nfl/players/full/4368003.png,
Cincinnati Bengals,roster,Josh Johnson,saved,https://a.espncdn.com/i/headshots/nfl/players/full/11394.png,
Cincinnati Bengals,roster,Ted Karras,saved,https://a.espncdn.com/i/headshots/nfl/players/full/2576188.png,
Cincinnati Bengals,roster,Connor Lew,saved,https://a.espncdn.com/i/headshots/nfl/players/full/4870866.png,
Cincinnati Bengals,roster,Dohnte Meyers,saved,https://a.espncdn.com/i/headshots/nfl/players/full/4384852.png,
Cincinnati Bengals,roster,Amarius Mims,saved,https://a.espncdn.com/i/headshots/nfl/players/full/4431571.png,
Cincinnati Bengals,roster,Samaje Perine,saved,https://a.espncdn.com/i/headshots/nfl/players/full/3116389.png,
Cincinnati Bengals,roster,Dalton Risner,saved,https://a.espncdn.com/i/headshots/nfl/players/full/3125082.png,
Cincinnati Bengals,roster,Jalen Rivers,saved,https://a.espncdn.com/i/headshots/nfl/players/full/4429010.png,
Cincinnati Bengals,roster,Drew Sample,saved,https://a.espncdn.com/i/headshots/nfl/players/full/3127310.png,
Cincinnati Bengals,roster,Ke'Shawn Williams,saved,https://a.espncdn.com/i/headshots/nfl/players/full/4570738.png,
Cincinnati Bengals,roster,Colbie Young,saved,https://a.espncdn.com/i/headshots/nfl/players/full/5092508.png,
Cincinnati Bengals,roster,Jonathan Allen,saved,https://a.espncdn.com/i/headshots/nfl/players/full/3054840.png,
Cincinnati Bengals,roster,Jordan Battle,saved,https://a.espncdn.com/i/headshots/nfl/players/full/4567098.png,
Cincinnati Bengals,roster,Swayze Bozeman,saved,https://a.espncdn.com/i/headshots/nfl/players/full/4570546.png,
Cincinnati Bengals,roster,Oren Burks,saved,https://a.espncdn.com/i/headshots/nfl/players/full/3051746.png,
Cincinnati Bengals,roster,Barrett Carter,saved,https://a.espncdn.com/i/headshots/nfl/players/full/4431519.png,
Cincinnati Bengals,roster,Bryan Cook,saved,https://a.espncdn.com/i/headshots/nfl/players/full/4247726.png,
Cincinnati Bengals,roster,Jalen Davis,saved,https://a.espncdn.com/i/headshots/nfl/players/full/3125356.png,
Cincinnati Bengals,roster,Tacario Davis,saved,https://a.espncdn.com/i/headshots/nfl/players/full/4726127.png,
Cincinnati Bengals,roster,Kyle Dugger,saved,https://a.espncdn.com/i/headshots/nfl/players/full/4401811.png,
Cincinnati Bengals,roster,Joe Giles-Harris,saved,https://a.espncdn.com/i/headshots/nfl/players/full/3917797.png,
Cincinnati Bengals,roster,B.J. Hill,saved,https://a.espncdn.com/i/headshots/nfl/players/full/3116748.png,
Cincinnati Bengals,roster,Dax Hill,saved,https://a.espncdn.com/i/headshots/nfl/players/full/4426422.png,
Cincinnati Bengals,roster,Cashius Howell,saved,https://a.espncdn.com/i/headshots/nfl/players/full/4710752.png,
Cincinnati Bengals,roster,DJ Ivey,saved,https://a.espncdn.com/i/headshots/nfl/players/full/4362502.png,
Cincinnati Bengals,roster,Kris Jenkins Jr.,saved,https://a.espncdn.com/i/headshots/nfl/players/full/4432301.png,
Cincinnati Bengals,roster,Cedric Johnson,saved,https://a.espncdn.com/i/headshots/nfl/players/full/4430065.png,
Cincinnati Bengals,roster,PJ Jules,saved,https://a.espncdn.com/i/headshots/nfl/players/full/4429946.png,
Cincinnati Bengals,roster,Demetrius Knight Jr.,saved,https://a.espncdn.com/i/headshots/nfl/players/full/4427729.png,
Cincinnati Bengals,roster,Dexter Lawrence II,saved,https://a.espncdn.com/i/headshots/nfl/players/full/4035483.png,
Cincinnati Bengals,roster,Boye Mafe,saved,https://a.espncdn.com/i/headshots/nfl/players/full/4240754.png,
Cincinnati Bengals,roster,Myles Murphy,saved,https://a.espncdn.com/i/headshots/nfl/players/full/4428985.png,
Cincinnati Bengals,roster,Josh Newton,saved,https://a.espncdn.com/i/headshots/nfl/players/full/4365319.png,
Cincinnati Bengals,roster,Landon Robinson,saved,https://a.espncdn.com/i/headshots/nfl/players/full/5081542.png,
Cincinnati Bengals,roster,T.J. Slaton Jr.,saved,https://a.espncdn.com/i/headshots/nfl/players/full/4240612.png,
Cincinnati Bengals,roster,Shemar Stewart,saved,https://a.espncdn.com/i/headshots/nfl/players/full/4685562.png,
Cincinnati Bengals,roster,DJ Turner II,saved,https://a.espncdn.com/i/headshots/nfl/players/full/4572036.png,
Cincinnati Bengals,roster,Evan McPherson,saved,https://a.espncdn.com/i/headshots/nfl/players/full/4360234.png,
Cincinnati Bengals,roster,Ryan Rehkow,saved,https://a.espncdn.com/i/headshots/nfl/players/full/4608820.png,
Cincinnati Bengals,roster,William Wagner,saved,https://a.espncdn.com/i/headshots/nfl/players/full/4572051.png,
Cincinnati Bengals,roster,Brian Parker II,saved,https://a.espncdn.com/i/headshots/nfl/players/full/4689117.png,
Cincinnati Bengals,roster,Ja'Sir Taylor,saved,https://a.espncdn.com/i/headshots/nfl/players/full/4240434.png,
Cincinnati Bengals,roster,Trikweze Bridges,saved,https://a.espncdn.com/i/headshots/nfl/players/full/4426513.png,
Cincinnati Bengals,roster,Kentrel Bullock,saved,https://a.espncdn.com/i/headshots/nfl/players/full/4430992.png,
Cincinnati Bengals,roster,Sean Clifford,saved,https://a.espncdn.com/i/headshots/nfl/players/full/4259592.png,
Cincinnati Bengals,roster,Howard Cross III,saved,https://a.espncdn.com/i/headshots/nfl/players/full/4426992.png,
Cincinnati Bengals,roster,Isaiah Foskey,saved,https://a.espncdn.com/i/headshots/nfl/players/full/4426457.png,
Cincinnati Bengals,roster,Blake Freeland,saved,https://a.espncdn.com/i/headshots/nfl/players/full/4429636.png,
Cincinnati Bengals,roster,Shaka Heyward,saved,https://a.espncdn.com/i/headshots/nfl/players/full/4360413.png,
Cincinnati Bengals,roster,Bralyn Lux,saved,https://a.espncdn.com/i/headshots/nfl/players/full/4575559.png,
Cincinnati Bengals,roster,Kendall Milton,saved,https://a.espncdn.com/i/headshots/nfl/players/full/4429012.png,
Cincinnati Bengals,roster,Jordan Moore,saved,https://a.espncdn.com/i/headshots/nfl/players/full/4594444.png,
Cincinnati Bengals,roster,Garmon Randolph,saved,https://a.espncdn.com/i/headshots/nfl/players/full/4428304.png,
Cincinnati Bengals,roster,Noah Thomas,saved,https://a.espncdn.com/i/headshots/nfl/players/full/4718457.png,
Cincinnati Bengals,roster,Russ Yeast,saved,https://a.espncdn.com/i/headshots/nfl/players/full/4240071.png,
Cincinnati Bengals,staff,Zac Taylor,saved,https://a.espncdn.com/i/headshots/nfl/coaches/65/2184471.jpg,
Cincinnati Bengals,staff,Dan Pitcher,saved,https://static.clubs.nfl.com/image/upload/t_editorial_landscape_6_desktop/f_auto/bengals/nykqeor33cg0ik44iabv.jpg,"<urlopen error [Errno 8] nodename nor servname provided, or not known>"
Cincinnati Bengals,staff,James Casey,saved,https://static.clubs.nfl.com/image/upload/t_headshot_desktop/f_auto/bengals/cdmp1olywqaklvhuycho.jpg,
Cincinnati Bengals,staff,Justin Hill,saved,https://static.clubs.nfl.com/image/upload/t_headshot_desktop/f_auto/bengals/mx4zuc4qvix5ckavustc.jpg,
Cincinnati Bengals,staff,Davis Koetter,saved,https://static.clubs.nfl.com/image/upload/t_headshot_desktop/f_auto/bengals/dkbog1czsm5cd1nvvug4.jpg,
Cincinnati Bengals,staff,Brad Kragthorpe,saved,https://static.clubs.nfl.com/image/upload/t_headshot_desktop/f_auto/bengals/yzl1euwk4byok5fbtbaz.jpg,
Cincinnati Bengals,staff,Michael McCarthy,saved,https://static.clubs.nfl.com/image/upload/t_headshot_desktop/f_auto/bengals/hizxao7hqmqigiazrqwz.jpg,
Cincinnati Bengals,staff,Scott Peters,saved,https://static.clubs.nfl.com/image/upload/t_headshot_desktop/f_auto/bengals/pj0vzsyomv7lkyrdeztf.jpg,
Cincinnati Bengals,staff,Justin Rascati,saved,https://static.clubs.nfl.com/image/upload/t_headshot_desktop/f_auto/bengals/ciau9dxctwsen8ie4dbm.jpg,
Cincinnati Bengals,staff,Jordan Salkin,saved,https://static.clubs.nfl.com/image/upload/t_headshot_desktop/f_auto/bengals/flx64lf3rhugihivwluu.jpg,
Cincinnati Bengals,staff,Troy Walters,saved,https://static.clubs.nfl.com/image/upload/t_headshot_desktop/f_auto/bengals/e6ikgwzt5blgogulcqrr.jpg,
Cincinnati Bengals,staff,Al Golden,saved,https://static.clubs.nfl.com/image/upload/t_editorial_landscape_6_desktop/f_auto/bengals/tc1mqepcdxyejdrk2jcm.jpg,"<urlopen error [Errno 8] nodename nor servname provided, or not known>"
Cincinnati Bengals,staff,Sean Desai,saved,https://static.clubs.nfl.com/image/upload/t_headshot_desktop/f_auto/bengals/sxklm9otaka4slvc2iq6.jpg,
Cincinnati Bengals,staff,Mike Hodges,saved,https://static.clubs.nfl.com/image/upload/t_headshot_desktop/f_auto/bengals/u76wiw1tfvnp7dqmecm1.jpg,
Cincinnati Bengals,staff,Jerry Montgomery,saved,https://static.clubs.nfl.com/image/upload/t_headshot_desktop/f_auto/bengals/xb5lcfhmyxe6mh44ucqb.jpg,
Cincinnati Bengals,staff,Mike Moon,saved,https://static.clubs.nfl.com/image/upload/t_headshot_desktop/f_auto/bengals/bfbvkls4ppypt7brlxai.jpg,
Cincinnati Bengals,staff,Charles Burks,saved,https://static.clubs.nfl.com/image/upload/t_headshot_desktop/f_auto/bengals/bgfbmpi9x7b8eb9j6y6b.jpg,
Cincinnati Bengals,staff,Jordan Kovacs,saved,https://static.clubs.nfl.com/image/upload/t_headshot_desktop/f_auto/bengals/b8kuhnobe4etez12kroq.jpg,
Cincinnati Bengals,staff,Ronnie Regula,saved,https://static.clubs.nfl.com/image/upload/t_headshot_desktop/f_auto/bengals/g8bd0fsb5qdxjzhr4gkt.jpg,
Cincinnati Bengals,staff,Darrin Simmons,saved,https://static.clubs.nfl.com/image/upload/t_editorial_landscape_6_desktop/f_auto/bengals/ofrdqk1rlje3r10xghtb.jpg,"<urlopen error [Errno 8] nodename nor servname provided, or not known>"
Cincinnati Bengals,staff,Ben Jacobs,saved,https://static.clubs.nfl.com/image/upload/t_headshot_desktop/f_auto/bengals/cihkk18wpcqhgdm1lhxz.jpg,
Cincinnati Bengals,staff,Joey Boese,saved,https://static.clubs.nfl.com/image/upload/t_headshot_desktop/f_auto/bengals/hyn56awiekfm9s5wyass.jpg,
Cincinnati Bengals,staff,Diamond Simmons,saved,https://static.clubs.nfl.com/image/upload/t_headshot_desktop/f_auto/bengals/an5yelvrjvofzxh70s8k.jpg,
Cincinnati Bengals,staff,Garrett Swanson,saved,https://static.clubs.nfl.com/image/upload/t_headshot_desktop/f_auto/bengals/pipx6naffd64mwcgnhi0.jpg,
Cincinnati Bengals,staff,Doug Rosfeld,saved,https://static.clubs.nfl.com/image/private/t_headshot_desktop/f_auto/v1556549012/bengals/ay6lg85nol9vdmrfab7s.jpg,"<urlopen error [Errno 8] nodename nor servname provided, or not known>"
Cleveland Browns,roster,Austin Barber,saved,https://a.espncdn.com/i/headshots/nfl/players/full/4597310.png,
Cleveland Browns,roster,Isaiah Bond,saved,https://a.espncdn.com/i/headshots/nfl/players/full/4808839.png,
Cleveland Browns,roster,Denzel Boston,saved,https://a.espncdn.com/i/headshots/nfl/players/full/4832800.png,
Cleveland Browns,roster,Parker Brailsford,saved,https://a.espncdn.com/i/headshots/nfl/players/full/4816090.png,
Cleveland Browns,roster,Michael Burton,saved,https://a.espncdn.com/i/headshots/nfl/players/full/2515270.png,
Cleveland Browns,roster,KC Concepcion,saved,https://a.espncdn.com/i/headshots/nfl/players/full/4870653.png,
Cleveland Browns,roster,Malachi Corley,saved,https://a.espncdn.com/i/headshots/nfl/players/full/4613104.png,
Cleveland Browns,roster,Harold Fannin Jr.,saved,https://a.espncdn.com/i/headshots/nfl/players/full/5083076.png,
Cleveland Browns,roster,Spencer Fano,saved,https://a.espncdn.com/i/headshots/nfl/players/full/4870723.png,
Cleveland Browns,roster,Taylen Green,saved,https://a.espncdn.com/i/headshots/nfl/players/full/4431325.png,
Cleveland Browns,roster,Tytus Howard,saved,https://a.espncdn.com/i/headshots/nfl/players/full/3131498.png,
Cleveland Browns,roster,Elgton Jenkins,saved,https://a.espncdn.com/i/headshots/nfl/players/full/3115485.png,
Cleveland Browns,roster,Teven Jenkins,saved,https://a.espncdn.com/i/headshots/nfl/players/full/4038457.png,
Cleveland Browns,roster,Jerry Jeudy,saved,https://a.espncdn.com/i/headshots/nfl/players/full/4241463.png,
Cleveland Browns,roster,Zion Johnson,saved,https://a.espncdn.com/i/headshots/nfl/players/full/4247347.png,
Cleveland Browns,roster,Dawand Jones,saved,https://a.espncdn.com/i/headshots/nfl/players/full/4427637.png,
Cleveland Browns,roster,Quinshon Judkins,saved,https://a.espncdn.com/i/headshots/nfl/players/full/4685702.png,
Cleveland Browns,roster,Jaleel McLaughlin,saved,https://a.espncdn.com/i/headshots/nfl/players/full/4722893.png,
Cleveland Browns,roster,Carsen Ryan,saved,https://a.espncdn.com/i/headshots/nfl/players/full/4685540.png,
Cleveland Browns,roster,Raheim Sanders,saved,https://a.espncdn.com/i/headshots/nfl/players/full/4601080.png,
Cleveland Browns,roster,Shedeur Sanders,saved,https://a.espncdn.com/i/headshots/nfl/players/full/4432762.png,
Cleveland Browns,roster,Tylan Wallace,saved,https://a.espncdn.com/i/headshots/nfl/players/full/4241424.png,
Cleveland Browns,roster,Deshaun Watson,saved,https://a.espncdn.com/i/headshots/nfl/players/full/3122840.png,
Cleveland Browns,roster,Blake Whiteheart,saved,https://a.espncdn.com/i/headshots/nfl/players/full/4362018.png,
Cleveland Browns,roster,Luke Wypler,saved,https://a.espncdn.com/i/headshots/nfl/players/full/4430806.png,
Cleveland Browns,roster,Zak Zinter,saved,https://a.espncdn.com/i/headshots/nfl/players/full/4433963.png,
Cleveland Browns,roster,Derek Barnett,saved,https://a.espncdn.com/i/headshots/nfl/players/full/3115336.png,
Cleveland Browns,roster,Mekhi Blackmon,saved,https://a.espncdn.com/i/headshots/nfl/players/full/4360677.png,
Cleveland Browns,roster,Tyson Campbell,saved,https://a.espncdn.com/i/headshots/nfl/players/full/4379397.png,
Cleveland Browns,roster,Maliek Collins,saved,https://a.espncdn.com/i/headshots/nfl/players/full/3040471.png,
Cleveland Browns,roster,Grant Delpit,saved,https://a.espncdn.com/i/headshots/nfl/players/full/4242208.png,
Cleveland Browns,roster,Mason Graham,saved,https://a.espncdn.com/i/headshots/nfl/players/full/4873232.png,
Cleveland Browns,roster,Mike Hall Jr.,saved,https://a.espncdn.com/i/headshots/nfl/players/full/4600415.png,
Cleveland Browns,roster,Myles Harden,saved,https://a.espncdn.com/i/headshots/nfl/players/full/4695783.png,
Cleveland Browns,roster,Ronnie Hickman,saved,https://a.espncdn.com/i/headshots/nfl/players/full/4569620.png,
Cleveland Browns,roster,Adin Huntington,saved,https://a.espncdn.com/i/headshots/nfl/players/full/4605792.png,
Cleveland Browns,roster,Noah Igbinoghene,saved,https://a.espncdn.com/i/headshots/nfl/players/full/4242516.png,
Cleveland Browns,roster,Justin Jefferson,saved,https://a.espncdn.com/i/headshots/nfl/players/full/5150249.png,
Cleveland Browns,roster,Easton Mascarenas-Arnold,saved,https://a.espncdn.com/i/headshots/nfl/players/full/5085888.png,
Cleveland Browns,roster,Isaiah McGuire,saved,https://a.espncdn.com/i/headshots/nfl/players/full/4427963.png,
Cleveland Browns,roster,Donovan McMillon,saved,https://a.espncdn.com/i/headshots/nfl/players/full/4686027.png,
Cleveland Browns,roster,Emmanuel McNeil-Warren,saved,https://a.espncdn.com/i/headshots/nfl/players/full/4837186.png,
Cleveland Browns,roster,Toriano Pride Jr.,saved,https://a.espncdn.com/i/headshots/nfl/players/full/4698598.png,
Cleveland Browns,roster,Winston Reid,saved,https://a.espncdn.com/i/headshots/nfl/players/full/4251125.png,
Cleveland Browns,roster,Carson Schwesinger,saved,https://a.espncdn.com/i/headshots/nfl/players/full/4876017.png,
Cleveland Browns,roster,Daniel Thomas,saved,https://a.espncdn.com/i/headshots/nfl/players/full/4035505.png,
Cleveland Browns,roster,Jared Verse,saved,https://a.espncdn.com/i/headshots/nfl/players/full/4578085.png,
Cleveland Browns,roster,Denzel Ward,saved,https://a.espncdn.com/i/headshots/nfl/players/full/3915535.png,
Cleveland Browns,roster,Nathaniel Watson,saved,https://a.espncdn.com/i/headshots/nfl/players/full/4362895.png,
Cleveland Browns,roster,Quincy Williams,saved,https://a.espncdn.com/i/headshots/nfl/players/full/3110565.png,
Cleveland Browns,roster,Sam Williams,saved,https://a.espncdn.com/i/headshots/nfl/players/full/4567242.png,
Cleveland Browns,roster,Corey Bojorquez,saved,https://a.espncdn.com/i/headshots/nfl/players/full/4039396.png,
Cleveland Browns,roster,Rex Sunahara,saved,https://a.espncdn.com/i/headshots/nfl/players/full/3913293.png,
Cleveland Browns,roster,Andre Szmyt,saved,https://a.espncdn.com/i/headshots/nfl/players/full/4258620.png,
Cleveland Browns,roster,Elijah Chatman,saved,https://a.espncdn.com/i/headshots/nfl/players/full/4429392.png,
Cleveland Browns,roster,Kalia Davis,saved,https://a.espncdn.com/i/headshots/nfl/players/full/4243541.png,
Cleveland Browns,roster,Dillon Gabriel,saved,https://a.espncdn.com/i/headshots/nfl/players/full/4427238.png,
Cleveland Browns,roster,Kendrick Green,saved,https://a.espncdn.com/i/headshots/nfl/players/full/4240548.png,
Cleveland Browns,roster,Damarri Mathis,saved,https://a.espncdn.com/i/headshots/nfl/players/full/4240707.png,
Cleveland Browns,roster,Jeremiah Owusu-Koramoah,saved,https://a.espncdn.com/i/headshots/nfl/players/full/4258599.png,
Cleveland Browns,roster,Joe Royer,saved,https://a.espncdn.com/i/headshots/nfl/players/full/4565859.png,
Cleveland Browns,roster,Dylan Sampson,saved,https://a.espncdn.com/i/headshots/nfl/players/full/5081397.png,
Cleveland Browns,roster,Edefuan Ulofoshio,saved,https://a.espncdn.com/i/headshots/nfl/players/full/4374280.png,
Cleveland Browns,roster,Alex Wright,saved,https://a.espncdn.com/i/headshots/nfl/players/full/4570119.png,
Cleveland Browns,roster,Myles Bryant,saved,https://a.espncdn.com/i/headshots/nfl/players/full/4039010.png,
Cleveland Browns,roster,Michael Coats Jr.,saved,https://a.espncdn.com/i/headshots/nfl/players/full/5160391.png,
Cleveland Browns,roster,Obinna Eze,saved,https://a.espncdn.com/i/headshots/nfl/players/full/4243386.png,
Cleveland Browns,roster,Logan Fano,saved,https://a.espncdn.com/i/headshots/college-football/players/full/5080699.png,
Cleveland Browns,roster,Eric Gray,saved,https://a.espncdn.com/i/headshots/nfl/players/full/4570561.png,
Cleveland Browns,roster,Jimmy Horn Jr.,saved,https://a.espncdn.com/i/headshots/nfl/players/full/4708486.png,
Cleveland Browns,roster,Sam Kamara,saved,https://a.espncdn.com/i/headshots/nfl/players/full/4033855.png,
Cleveland Browns,roster,KT Leveston,saved,https://a.espncdn.com/i/headshots/nfl/players/full/4373079.png,
Cleveland Browns,roster,Zion Logue,saved,https://a.espncdn.com/i/headshots/nfl/players/full/4427826.png,
Cleveland Browns,roster,Bub Means,saved,https://a.espncdn.com/i/headshots/nfl/players/full/4427985.png,
Cleveland Browns,roster,Wes Pahl,saved,https://a.espncdn.com/i/headshots/college-football/players/full/4690083.png,
Cleveland Browns,roster,Messiah Swinson,saved,https://a.espncdn.com/i/headshots/nfl/players/full/4362770.png,
Cleveland Browns,roster,Khordae Sydnor,saved,https://a.espncdn.com/i/headshots/college-football/players/full/4683129.png,
Cleveland Browns,roster,Xavier Truss,saved,https://a.espncdn.com/i/headshots/nfl/players/full/4427080.png,
Cleveland Browns,roster,Nadame Tucker,saved,https://a.espncdn.com/i/headshots/nfl/players/full/5081483.png,
Cleveland Browns,roster,Zion Washington,saved,https://a.espncdn.com/i/headshots/college-football/players/full/4709014.png,
Cleveland Browns,staff,Todd Monken,saved,https://static.clubs.nfl.com/image/upload/t_editorial_landscape_12_desktop/browns/y0rhqhw644qqu6bcxxuc,"<urlopen error [Errno 8] nodename nor servname provided, or not known>"
Cleveland Browns,staff,John Carr,saved,https://static.clubs.nfl.com/image/upload/t_headshot_desktop/f_auto/browns/oibffnozp8hm6p5plf9t.jpg,
Cleveland Browns,staff,Mike Rutenberg,saved,https://static.clubs.nfl.com/image/upload/t_headshot_desktop/f_auto/browns/kwhfjwwtwbtie5u8ji5r.jpg,
Cleveland Browns,staff,Travis Switzer,saved,https://static.clubs.nfl.com/image/upload/t_headshot_desktop/f_auto/browns/pa4o6y93miykxkphmexk.jpg,
Cleveland Browns,staff,Byron Storer,saved,https://static.clubs.nfl.com/image/upload/t_headshot_desktop/f_auto/browns/dfrsifkivp3ovbky4bll.jpg,
Cleveland Browns,staff,Jeff Anderson,saved,https://static.clubs.nfl.com/image/upload/t_headshot_desktop/f_auto/browns/e61puw9bj29rcufdxeka.jpg,
Cleveland Browns,staff,Matt Baker,saved,https://static.clubs.nfl.com/image/upload/t_headshot_desktop/f_auto/browns/wri77q3ndx5hcpqnypi8.jpg,
Cleveland Browns,staff,Mike Bajakian,saved,https://static.clubs.nfl.com/image/upload/t_headshot_desktop/f_auto/browns/mjmibex8bkzhwmbnykxb.jpg,
Cleveland Browns,staff,Ephraim Banda,saved,https://static.clubs.nfl.com/image/upload/t_headshot_desktop/f_auto/browns/yin8cgaxy16s7fiabmwl.jpg,
Cleveland Browns,staff,Jeff Blasko,saved,https://static.clubs.nfl.com/image/upload/t_headshot_desktop/f_auto/browns/t1docuj6lci28vmhf8qc.jpg,
Cleveland Browns,staff,Dom Borsani,saved,https://static.clubs.nfl.com/image/upload/t_headshot_desktop/f_auto/browns/ubyjrilbqkznua58r5d3.jpg,
Cleveland Browns,staff,Danny Breyer,saved,https://static.clubs.nfl.com/image/upload/t_headshot_desktop/f_auto/browns/btnwcylhl0bckwdltxhj.jpg,
Cleveland Browns,staff,Dom Capers,saved,https://static.clubs.nfl.com/image/upload/t_headshot_desktop/f_auto/browns/iqb9glwaq3ena9oxhfir.jpg,
Cleveland Browns,staff,Jacques Cesaire,saved,https://static.clubs.nfl.com/image/upload/t_headshot_desktop/f_auto/browns/fkdkacdbohjgih56tdsa.jpg,
Cleveland Browns,staff,Sanders Davis,saved,https://static.clubs.nfl.com/image/upload/t_headshot_desktop/f_auto/browns/er8jgtncbqi3tq0ekvrw.jpg,
Cleveland Browns,staff,Zach Dunn,saved,https://static.clubs.nfl.com/image/upload/t_headshot_desktop/f_auto/browns/d2pnnhxtrf7mizge5any.jpg,
Cleveland Browns,staff,Bobby Johnson,saved,https://static.clubs.nfl.com/image/upload/t_headshot_desktop/f_auto/browns/p3im2w2d3yxj3vnbvroo.jpg,
Cleveland Browns,staff,Christian Jones,saved,https://static.clubs.nfl.com/image/upload/t_headshot_desktop/f_auto/browns/dl1wrwzvsce9qrdbchqh.jpg,
Cleveland Browns,staff,Ian Kolste,saved,https://static.clubs.nfl.com/image/upload/t_headshot_desktop/f_auto/browns/oqyzlmeklsuzc3pkbb8k.jpg,
Cleveland Browns,staff,Brandon Lynch,saved,https://static.clubs.nfl.com/image/upload/t_headshot_desktop/f_auto/browns/iv8z7tmj8exhw4cak7tn.jpg,
Cleveland Browns,staff,Travis Monken,saved,https://static.clubs.nfl.com/image/upload/t_headshot_desktop/f_auto/browns/dapfplbazypojjh9s9qc.jpg,
Cleveland Browns,staff,Duce Staley,saved,https://static.clubs.nfl.com/image/upload/t_headshot_desktop/f_auto/browns/ol0fhb5oucwhllnkittw.jpg,
Cleveland Browns,staff,Ralph Street,saved,https://static.clubs.nfl.com/image/upload/t_headshot_desktop/f_auto/browns/ckpddpi7o6zbqb87zxbv.jpg,
Cleveland Browns,staff,Keith Tandy,saved,https://static.clubs.nfl.com/image/upload/t_headshot_desktop/f_auto/browns/dk5qmhittbbyh46xe9yk.jpg,
Cleveland Browns,staff,Jason Tarver,saved,https://static.clubs.nfl.com/image/upload/t_headshot_desktop/f_auto/browns/gv5qmwlwvxejjw9mg0ze.jpg,
Cleveland Browns,staff,George Warhop,saved,https://static.clubs.nfl.com/image/upload/t_headshot_desktop/f_auto/browns/jsrcin2abnygi9tbzngs.jpg,
Cleveland Browns,staff,Shaq Wilson,saved,https://static.clubs.nfl.com/image/upload/t_headshot_desktop/f_auto/browns/whlfbuekqi9nqenguhwa.jpg,
Cleveland Browns,staff,Paul Worrilow,saved,https://static.clubs.nfl.com/image/upload/t_headshot_desktop/f_auto/browns/stbarkd0jjyhtj5l28j4.jpg,
Cleveland Browns,staff,John Wozniak,saved,https://static.clubs.nfl.com/image/upload/t_headshot_desktop/f_auto/browns/szkwbixxc1rzidcy8tuy.jpg,
Cleveland Browns,staff,Hajriz Aliu,saved,https://static.clubs.nfl.com/image/upload/t_headshot_desktop/f_auto/browns/trxwej52e9ifox7gzmis.jpg,"<urlopen error [Errno 8] nodename nor servname provided, or not known>"
Cleveland Browns,staff,Josh Christovich,saved,https://static.clubs.nfl.com/image/upload/t_headshot_desktop/f_auto/browns/seon3u3kfskkcs2pkeik.jpg,
Cleveland Browns,staff,James Cook,saved,https://static.clubs.nfl.com/image/upload/t_headshot_desktop/f_auto/browns/fabwjrnuqgxcnjijvt8r.jpg,"<urlopen error [Errno 8] nodename nor servname provided, or not known>"
Cleveland Browns,staff,Kelsey Fahy-Barton,saved,https://static.clubs.nfl.com/image/upload/t_headshot_desktop/f_auto/browns/sldl3a4bio6ogfbhddxf.jpg,"<urlopen error [Errno 8] nodename nor servname provided, or not known>"
Cleveland Browns,staff,Demetric Felton,saved,https://static.clubs.nfl.com/image/upload/t_headshot_desktop/f_auto/browns/n45oj77ssbmficxdj1w0.jpg,"<urlopen error [Errno 8] nodename nor servname provided, or not known>"
Cleveland Browns,staff,Monty Gibson,saved,https://static.clubs.nfl.com/image/upload/t_headshot_desktop/f_auto/browns/z9pcx4pgqxnzeft6av96.jpg,
Cleveland Browns,staff,Larry Jackson,saved,https://static.clubs.nfl.com/image/upload/t_headshot_desktop/f_auto/browns/pcinozspnhqdok7x3tce.jpg,
Cleveland Browns,staff,Dale Jones,saved,https://static.clubs.nfl.com/image/upload/t_headshot_desktop/f_auto/browns/lirlek034arvve1wmegl.jpg,
Cleveland Browns,staff,Grace Kennedy,saved,https://static.clubs.nfl.com/image/upload/t_headshot_desktop/f_auto/browns/vg5ljoimh2pj2pwvtfxj.jpg,"<urlopen error [Errno 8] nodename nor servname provided, or not known>"
Cleveland Browns,staff,LaRoy Reynolds,saved,https://static.clubs.nfl.com/image/private/t_headshot_desktop/f_auto/browns/d9qjyogssylxyf8gerz6.jpg,"<urlopen error [Errno 8] nodename nor servname provided, or not known>"
Cleveland Browns,staff,Ty Taylor,saved,https://static.clubs.nfl.com/image/upload/t_headshot_desktop/f_auto/browns/adaz09lafcr9bxk1mbr2.jpg,
Dallas Cowboys,roster,T.J. Bass,saved,https://a.espncdn.com/i/headshots/nfl/players/full/4685120.png,
Dallas Cowboys,roster,Cooper Beebe,saved,https://a.espncdn.com/i/headshots/nfl/players/full/4426663.png,
Dallas Cowboys,roster,Tyler Booker,saved,https://a.espncdn.com/i/headshots/nfl/players/full/4685263.png,
Dallas Cowboys,roster,Camden Brown,saved,https://a.espncdn.com/i/headshots/nfl/players/full/4808759.png,
Dallas Cowboys,roster,Ajani Cornelius,saved,https://a.espncdn.com/i/headshots/nfl/players/full/4696203.png,
Dallas Cowboys,roster,Emari Demercado,saved,https://a.espncdn.com/i/headshots/nfl/players/full/4362478.png,
Dallas Cowboys,roster,Jake Ferguson,saved,https://a.espncdn.com/i/headshots/nfl/players/full/4242355.png,
Dallas Cowboys,roster,Ryan Flournoy,saved,https://a.espncdn.com/i/headshots/nfl/players/full/5083754.png,
Dallas Cowboys,roster,Tyler Goodson,saved,https://a.espncdn.com/i/headshots/nfl/players/full/4429676.png,
Dallas Cowboys,roster,Tyler Guyton,saved,https://a.espncdn.com/i/headshots/nfl/players/full/4609048.png,
Dallas Cowboys,roster,Sam Howell,saved,https://a.espncdn.com/i/headshots/nfl/players/full/4426875.png,
Dallas Cowboys,roster,Broderick Jones,saved,https://a.espncdn.com/i/headshots/nfl/players/full/4428990.png,
Dallas Cowboys,roster,CeeDee Lamb,saved,https://a.espncdn.com/i/headshots/nfl/players/full/4241389.png,
Dallas Cowboys,roster,Nick Leverett,saved,https://a.espncdn.com/i/headshots/nfl/players/full/3920591.png,
Dallas Cowboys,roster,Hunter Luepke,saved,https://a.espncdn.com/i/headshots/nfl/players/full/4383396.png,
Dallas Cowboys,roster,Jonathan Mingo,saved,https://a.espncdn.com/i/headshots/nfl/players/full/4426485.png,
Dallas Cowboys,roster,George Pickens,saved,https://a.espncdn.com/i/headshots/nfl/players/full/4426354.png,
Dallas Cowboys,roster,Dak Prescott,saved,https://a.espncdn.com/i/headshots/nfl/players/full/2577417.png,
Dallas Cowboys,roster,Luke Schoonmaker,saved,https://a.espncdn.com/i/headshots/nfl/players/full/4372096.png,
Dallas Cowboys,roster,Drew Shelton,saved,https://a.espncdn.com/i/headshots/nfl/players/full/4685554.png,
Dallas Cowboys,roster,Tyler Smith,saved,https://a.espncdn.com/i/headshots/nfl/players/full/4568652.png,
Dallas Cowboys,roster,Brevyn Spann-Ford,saved,https://a.espncdn.com/i/headshots/nfl/players/full/4360967.png,
Dallas Cowboys,roster,Terence Steele,saved,https://a.espncdn.com/i/headshots/nfl/players/full/3915834.png,
Dallas Cowboys,roster,KaVontae Turpin,saved,https://a.espncdn.com/i/headshots/nfl/players/full/3676833.png,
Dallas Cowboys,roster,Javonte Williams,saved,https://a.espncdn.com/i/headshots/nfl/players/full/4361579.png,
Dallas Cowboys,roster,Jaishawn Barham,saved,https://a.espncdn.com/i/headshots/nfl/players/full/4685266.png,
Dallas Cowboys,roster,Justin Barron,saved,https://a.espncdn.com/i/headshots/nfl/players/full/4429249.png,
Dallas Cowboys,roster,Markquese Bell,saved,https://a.espncdn.com/i/headshots/nfl/players/full/4241921.png,
Dallas Cowboys,roster,DaRon Bland,saved,https://a.espncdn.com/i/headshots/nfl/players/full/4248911.png,
Dallas Cowboys,roster,Jonathan Bullard,saved,https://a.espncdn.com/i/headshots/nfl/players/full/2980097.png,
Dallas Cowboys,roster,Caelen Carson,saved,https://a.espncdn.com/i/headshots/nfl/players/full/4431006.png,
Dallas Cowboys,roster,Alijah Clark,saved,https://a.espncdn.com/i/headshots/nfl/players/full/4595352.png,
Dallas Cowboys,roster,Kenny Clark,saved,https://a.espncdn.com/i/headshots/nfl/players/full/3122752.png,
Dallas Cowboys,roster,Caleb Downs,saved,https://a.espncdn.com/i/headshots/nfl/players/full/4870706.png,
Dallas Cowboys,roster,Cobie Durant,saved,https://a.espncdn.com/i/headshots/nfl/players/full/4384549.png,
Dallas Cowboys,roster,Donovan Ezeiruaku,saved,https://a.espncdn.com/i/headshots/nfl/players/full/4683848.png,
Dallas Cowboys,roster,Rashan Gary,saved,https://a.espncdn.com/i/headshots/nfl/players/full/4046523.png,
Dallas Cowboys,roster,Malik Hooker,saved,https://a.espncdn.com/i/headshots/nfl/players/full/3121415.png,
Dallas Cowboys,roster,James Houston,saved,https://a.espncdn.com/i/headshots/nfl/players/full/4240608.png,
Dallas Cowboys,roster,Shemar James,saved,https://a.espncdn.com/i/headshots/nfl/players/full/4685400.png,
Dallas Cowboys,roster,Malachi Lawrence,saved,https://a.espncdn.com/i/headshots/nfl/players/full/4710067.png,
Dallas Cowboys,roster,P.J. Locke,saved,https://a.espncdn.com/i/headshots/nfl/players/full/3929850.png,
Dallas Cowboys,roster,Von Miller,saved,https://a.espncdn.com/i/headshots/nfl/players/full/13976.png,
Dallas Cowboys,roster,Otito Ogbonnia,saved,https://a.espncdn.com/i/headshots/nfl/players/full/4367210.png,
Dallas Cowboys,roster,DeMarvion Overshown,saved,https://a.espncdn.com/i/headshots/nfl/players/full/4362088.png,
Dallas Cowboys,roster,LT Overton,saved,https://a.espncdn.com/i/headshots/nfl/players/full/4870960.png,
Dallas Cowboys,roster,Shavon Revel Jr.,saved,https://a.espncdn.com/i/headshots/nfl/players/full/5095865.png,
Dallas Cowboys,roster,Curtis Robinson,saved,https://a.espncdn.com/i/headshots/nfl/players/full/4044448.png,
Dallas Cowboys,roster,Ameer Speed,saved,https://a.espncdn.com/i/headshots/nfl/players/full/4259546.png,
Dallas Cowboys,roster,Jalen Thompson,saved,https://a.espncdn.com/i/headshots/nfl/players/full/4043089.png,
Dallas Cowboys,roster,Tyrus Wheat,saved,https://a.espncdn.com/i/headshots/nfl/players/full/4689333.png,
Dallas Cowboys,roster,Quinnen Williams,saved,https://a.espncdn.com/i/headshots/nfl/players/full/4040982.png,
Dallas Cowboys,roster,Dee Winters,saved,https://a.espncdn.com/i/headshots/nfl/players/full/4428914.png,
Dallas Cowboys,roster,Bryan Anger,saved,https://a.espncdn.com/i/headshots/nfl/players/full/14950.png,
Dallas Cowboys,roster,Brandon Aubrey,saved,https://a.espncdn.com/i/headshots/nfl/players/full/3953687.png,
Dallas Cowboys,roster,Trent Sieg,saved,https://a.espncdn.com/i/headshots/nfl/players/full/3052357.png,
Dallas Cowboys,roster,Malik Davis,saved,https://a.espncdn.com/i/headshots/nfl/players/full/4240603.png,
Dallas Cowboys,roster,Princeton Fant,saved,https://a.espncdn.com/i/headshots/nfl/players/full/4242442.png,
Dallas Cowboys,roster,Kelvin Gilliam Jr.,saved,https://a.espncdn.com/i/headshots/nfl/players/full/4431547.png,
Dallas Cowboys,roster,Matt Hennessy,saved,https://a.espncdn.com/i/headshots/nfl/players/full/4044138.png,
Dallas Cowboys,roster,Marist Liufau,saved,https://a.espncdn.com/i/headshots/nfl/players/full/4427816.png,
Dallas Cowboys,roster,Devin Moore,saved,https://a.espncdn.com/i/headshots/nfl/players/full/4702577.png,
Dallas Cowboys,roster,DJ Rogers,saved,https://a.espncdn.com/i/headshots/nfl/players/full/4710711.png,
Dallas Cowboys,roster,Israel Abanikanda,saved,https://a.espncdn.com/i/headshots/nfl/players/full/4429202.png,
Dallas Cowboys,roster,Tommy Dunn Jr.,saved,https://a.espncdn.com/i/headshots/nfl/players/full/4689364.png,
Dallas Cowboys,roster,Elijah Garcia,saved,https://a.espncdn.com/i/headshots/nfl/players/full/4039170.png,
Dallas Cowboys,roster,Jordan Hudson,saved,https://a.espncdn.com/i/headshots/nfl/players/full/4685409.png,
Dallas Cowboys,roster,Marcellus Johnson,saved,https://a.espncdn.com/i/headshots/nfl/players/full/4363547.png,
Dallas Cowboys,roster,Derion Kendrick,saved,https://a.espncdn.com/i/headshots/nfl/players/full/4360307.png,
Dallas Cowboys,roster,Isaiah Land,saved,https://a.espncdn.com/i/headshots/nfl/players/full/4574551.png,
Dallas Cowboys,roster,Joe Milton III,saved,https://a.espncdn.com/i/headshots/nfl/players/full/4360698.png,
Dallas Cowboys,roster,James Mitchell,saved,https://a.espncdn.com/i/headshots/nfl/players/full/4361988.png,
Dallas Cowboys,roster,Wanya Morris,saved,https://a.espncdn.com/i/headshots/nfl/players/full/4570577.png,
Dallas Cowboys,roster,Adedayo Odeleye,saved,https://a.espncdn.com/i/headshots/nfl/players/full/5066095.png,
Dallas Cowboys,roster,Anthony Smith,saved,https://a.espncdn.com/i/headshots/nfl/players/full/4685110.png,
Dallas Cowboys,roster,Reddy Steward,saved,https://a.espncdn.com/i/headshots/nfl/players/full/4428584.png,
Dallas Cowboys,roster,Laken Tomlinson,saved,https://a.espncdn.com/i/headshots/nfl/players/full/2512477.png,
Dallas Cowboys,roster,Michael Trigg,saved,https://a.espncdn.com/i/headshots/nfl/players/full/4594749.png,
Dallas Cowboys,staff,Brian Schottenheimer,saved,https://static.clubs.nfl.com/image/upload/t_headshot_desktop/f_auto/cowboys/x6xkpcqontxqwt8mdyr9.jpg,HTTP Error 404: Not Found
Dallas Cowboys,staff,Klayton Adams,saved,https://static.clubs.nfl.com/image/upload/t_headshot_desktop/f_auto/cowboys/pg1nmocflsxszn8wrnye.jpg,
Dallas Cowboys,staff,Junior Adams,saved,https://static.clubs.nfl.com/image/upload/t_headshot_desktop/f_auto/cowboys/u1pxooutuvhqd7qsq1qy.jpg,
Dallas Cowboys,staff,Ken Dorsey,saved,https://static.clubs.nfl.com/image/upload/t_headshot_desktop/f_auto/cowboys/ram91zfx52qi3j5ul0by.jpg,
Dallas Cowboys,staff,Ryan Feder,saved,https://static.clubs.nfl.com/image/upload/t_headshot_desktop/f_png/cowboys/v6ue1gcme48hepo5eefn.png,
Dallas Cowboys,staff,Derrick Foster,saved,https://static.clubs.nfl.com/image/upload/t_headshot_desktop/f_auto/cowboys/dookvntmiafrhpll2mqb.jpg,
Dallas Cowboys,staff,Conor Riley,saved,https://static.clubs.nfl.com/image/upload/t_headshot_desktop/f_auto/cowboys/otv9vuiaynr3swxdcudc.jpg,
Dallas Cowboys,staff,Steve Shimko,saved,https://static.clubs.nfl.com/image/upload/t_headshot_desktop/f_auto/cowboys/pm6fowlilrtfmvyxrt8m.jpg,
Dallas Cowboys,staff,Lunda Wells,saved,https://static.clubs.nfl.com/image/private/t_headshot_desktop/f_auto/cowboys/c4yme6s3luz0vfjwvxkg.jpg,"<urlopen error [Errno 8] nodename nor servname provided, or not known>"
Dallas Cowboys,staff,Tyler Boyles,saved,https://static.clubs.nfl.com/image/upload/t_headshot_desktop/f_auto/cowboys/rzpk7xy3calz1oze1tao.jpg,
Dallas Cowboys,staff,Jamel Mutunga,saved,https://static.clubs.nfl.com/image/upload/t_headshot_desktop/f_png/cowboys/agiydvhhfwdgixxse2mn.png,
Dallas Cowboys,staff,Stephen Bravo-Brown,saved,https://static.clubs.nfl.com/image/upload/t_headshot_desktop/f_png/cowboys/lul7udv8j7ydat3rdapi.png,
Dallas Cowboys,staff,Kyle Fuller,saved,https://static.clubs.nfl.com/image/upload/t_headshot_desktop/f_png/cowboys/tsg0rzazeoy61xepumyi.png,
Dallas Cowboys,staff,Will Grier,saved,https://static.clubs.nfl.com/image/upload/t_headshot_desktop/f_auto/cowboys/e3023yx9vdyzb1anmziu.jpg,"<urlopen error [Errno 8] nodename nor servname provided, or not known>"
Dallas Cowboys,staff,Christian Parker,saved,https://static.clubs.nfl.com/image/upload/t_headshot_desktop/f_png/cowboys/pez2mf6i9sj6poiihuva.png,
Dallas Cowboys,staff,Marcus Dixon,saved,https://static.clubs.nfl.com/image/upload/t_headshot_desktop/f_png/cowboys/cuqkvljtexl87twdfx2b.png,
Dallas Cowboys,staff,Ryan Smith,saved,https://static.clubs.nfl.com/image/upload/t_headshot_desktop/f_png/cowboys/vjkk8rifdkaaocuhsfhf.png,
Dallas Cowboys,staff,Derrick Ansley,saved,https://static.clubs.nfl.com/image/upload/t_headshot_desktop/f_png/cowboys/uqeiy01qaw74yqdi3qku.png,
Dallas Cowboys,staff,Chidera Uzo-Diribe,saved,https://static.clubs.nfl.com/image/upload/t_headshot_desktop/f_png/cowboys/q337mgsypf0uj144rxif.png,
Dallas Cowboys,staff,Scott Symons,saved,https://static.clubs.nfl.com/image/upload/t_headshot_desktop/f_png/cowboys/upefkdxgkzzg2gcsxbdn.png,
Dallas Cowboys,staff,Robert Muschamp,saved,https://static.clubs.nfl.com/image/upload/t_headshot_desktop/f_png/cowboys/s8a7ewx2czbj43gjrlwf.png,
Dallas Cowboys,staff,Demeitre Brim,saved,https://static.clubs.nfl.com/image/upload/t_headshot_desktop/f_png/cowboys/tthf03pxec3rxyxdzeko.png,
Dallas Cowboys,staff,J.J. Clark,saved,https://static.clubs.nfl.com/image/upload/t_headshot_desktop/f_auto/cowboys/rdbpiwx4dhirzrow750y.jpg,
Dallas Cowboys,staff,Mike Harris,saved,https://static.clubs.nfl.com/image/upload/t_headshot_desktop/f_png/cowboys/o4uuvqhvra8tytmxt1hf.png,"<urlopen error [Errno 8] nodename nor servname provided, or not known>"
Dallas Cowboys,staff,Nick Sorensen,saved,https://static.clubs.nfl.com/image/upload/t_headshot_desktop/f_auto/cowboys/aaj7n44v0kbvh8prx1zq.jpg,
Dallas Cowboys,staff,Carlos Polk,saved,https://static.clubs.nfl.com/image/upload/t_headshot_desktop/f_auto/cowboys/atjoozcv7qis6lviivgf.jpg,
Dallas Cowboys,staff,Harold Nash Jr.,saved,https://static.clubs.nfl.com/image/private/t_headshot_desktop/f_auto/cowboys/xh6iwfizdx8ngdnxm8uc.jpg,"<urlopen error [Errno 8] nodename nor servname provided, or not known>"
Dallas Cowboys,staff,Kendall Smith,saved,https://static.clubs.nfl.com/image/private/t_headshot_desktop/f_auto/cowboys/chwu957v8cjanmq8cdff.jpg,"<urlopen error [Errno 8] nodename nor servname provided, or not known>"
Dallas Cowboys,staff,Cedric Smith,saved,https://static.clubs.nfl.com/image/private/t_headshot_desktop/f_auto/cowboys/tolmi6rbiiy3iuhubby0.jpg,"<urlopen error [Errno 8] nodename nor servname provided, or not known>"
Denver Broncos,roster,Nate Adkins,saved,https://a.espncdn.com/i/headshots/nfl/players/full/4383440.png,
Denver Broncos,roster,Tyler Badie,saved,https://a.espncdn.com/i/headshots/nfl/players/full/4362748.png,
Denver Broncos,roster,Garett Bolles,saved,https://a.espncdn.com/i/headshots/nfl/players/full/4035662.png,
Denver Broncos,roster,Pat Bryant,saved,https://a.espncdn.com/i/headshots/nfl/players/full/4600981.png,
Denver Broncos,roster,Jonah Coleman,saved,https://a.espncdn.com/i/headshots/nfl/players/full/4702555.png,
Denver Broncos,roster,J.K. Dobbins,saved,https://a.espncdn.com/i/headshots/nfl/players/full/4241985.png,
Denver Broncos,roster,Evan Engram,saved,https://a.espncdn.com/i/headshots/nfl/players/full/3051876.png,
Denver Broncos,roster,Alex Forsyth,saved,https://a.espncdn.com/i/headshots/nfl/players/full/4242503.png,
Denver Broncos,roster,Troy Franklin,saved,https://a.espncdn.com/i/headshots/nfl/players/full/4431280.png,
Denver Broncos,roster,RJ Harvey,saved,https://a.espncdn.com/i/headshots/nfl/players/full/4568490.png,
Denver Broncos,roster,Lil'Jordan Humphrey,saved,https://a.espncdn.com/i/headshots/nfl/players/full/4039057.png,
Denver Broncos,roster,Mike McGlinchey,saved,https://a.espncdn.com/i/headshots/nfl/players/full/3052885.png,
Denver Broncos,roster,Quinn Meinerz,saved,https://a.espncdn.com/i/headshots/nfl/players/full/4608138.png,
Denver Broncos,roster,Marvin Mims Jr.,saved,https://a.espncdn.com/i/headshots/nfl/players/full/4686472.png,
Denver Broncos,roster,Bo Nix,saved,https://a.espncdn.com/i/headshots/nfl/players/full/4426338.png,
Denver Broncos,roster,Alex Palczewski,saved,https://a.espncdn.com/i/headshots/nfl/players/full/4240551.png,
Denver Broncos,roster,Matt Peart,saved,https://a.espncdn.com/i/headshots/nfl/players/full/3921936.png,
Denver Broncos,roster,Ben Powers,saved,https://a.espncdn.com/i/headshots/nfl/players/full/4037650.png,
Denver Broncos,roster,Adam Prentice,saved,https://a.espncdn.com/i/headshots/nfl/players/full/3929914.png,
Denver Broncos,roster,Jarrett Stidham,saved,https://a.espncdn.com/i/headshots/nfl/players/full/3892775.png,
Denver Broncos,roster,Courtland Sutton,saved,https://a.espncdn.com/i/headshots/nfl/players/full/3128429.png,
Denver Broncos,roster,Adam Trautman,saved,https://a.espncdn.com/i/headshots/nfl/players/full/3911853.png,
Denver Broncos,roster,Jaylen Waddle,saved,https://a.espncdn.com/i/headshots/nfl/players/full/4372016.png,
Denver Broncos,roster,Luke Wattenberg,saved,https://a.espncdn.com/i/headshots/nfl/players/full/4039018.png,
Denver Broncos,roster,Kris Abrams-Draine,saved,https://a.espncdn.com/i/headshots/nfl/players/full/4429193.png,
Denver Broncos,roster,Zach Allen,saved,https://a.espncdn.com/i/headshots/nfl/players/full/3915282.png,
Denver Broncos,roster,Tycen Anderson,saved,https://a.espncdn.com/i/headshots/nfl/players/full/4257240.png,
Denver Broncos,roster,Jahdae Barron,saved,https://a.espncdn.com/i/headshots/nfl/players/full/4430925.png,
Denver Broncos,roster,Nik Bonitto,saved,https://a.espncdn.com/i/headshots/nfl/players/full/4360259.png,
Denver Broncos,roster,Jonathon Cooper,saved,https://a.espncdn.com/i/headshots/nfl/players/full/4040608.png,
Denver Broncos,roster,Jonah Elliss,saved,https://a.espncdn.com/i/headshots/nfl/players/full/4687592.png,
Denver Broncos,roster,Talanoa Hufanga,saved,https://a.espncdn.com/i/headshots/nfl/players/full/4360853.png,
Denver Broncos,roster,Brandon Jones,saved,https://a.espncdn.com/i/headshots/nfl/players/full/4039059.png,
Denver Broncos,roster,D.J. Jones,saved,https://a.espncdn.com/i/headshots/nfl/players/full/3894915.png,
Denver Broncos,roster,Sai'vion Jones,saved,https://a.espncdn.com/i/headshots/nfl/players/full/4603189.png,
Denver Broncos,roster,Devon Key,saved,https://a.espncdn.com/i/headshots/nfl/players/full/4037559.png,
Denver Broncos,roster,Ja'Quan McMillian,saved,https://a.espncdn.com/i/headshots/nfl/players/full/4567462.png,
Denver Broncos,roster,Riley Moss,saved,https://a.espncdn.com/i/headshots/nfl/players/full/4382401.png,
Denver Broncos,roster,Karene Reid,saved,https://a.espncdn.com/i/headshots/nfl/players/full/4875336.png,
Denver Broncos,roster,Malcolm Roach,saved,https://a.espncdn.com/i/headshots/nfl/players/full/4039064.png,
Denver Broncos,roster,Que Robinson,saved,https://a.espncdn.com/i/headshots/nfl/players/full/4692048.png,
Denver Broncos,roster,Alex Singleton,saved,https://a.espncdn.com/i/headshots/nfl/players/full/2612151.png,
Denver Broncos,roster,JL Skinner,saved,https://a.espncdn.com/i/headshots/nfl/players/full/4428503.png,
Denver Broncos,roster,Justin Strnad,saved,https://a.espncdn.com/i/headshots/nfl/players/full/3919548.png,
Denver Broncos,roster,Pat Surtain II,saved,https://a.espncdn.com/i/headshots/nfl/players/full/4372012.png,
Denver Broncos,roster,Dondrea Tillman,saved,https://a.espncdn.com/i/headshots/nfl/players/full/5216101.png,
Denver Broncos,roster,Jordan Turner,saved,https://a.espncdn.com/i/headshots/nfl/players/full/4693373.png,
Denver Broncos,roster,Eyioma Uwazurike,saved,https://a.espncdn.com/i/headshots/nfl/players/full/4066109.png,
Denver Broncos,roster,Jeremy Crawshaw,saved,https://a.espncdn.com/i/headshots/nfl/players/full/4589212.png,
Denver Broncos,roster,Mitchell Fraboni,saved,https://a.espncdn.com/i/headshots/nfl/players/full/3139166.png,
Denver Broncos,roster,Wil Lutz,saved,https://a.espncdn.com/i/headshots/nfl/players/full/2985659.png,
Denver Broncos,roster,Levelle Bailey,saved,https://a.espncdn.com/i/headshots/nfl/players/full/4428241.png,
Denver Broncos,roster,Frank Crum,saved,https://a.espncdn.com/i/headshots/nfl/players/full/4361691.png,
Denver Broncos,roster,Michael Deiter,saved,https://a.espncdn.com/i/headshots/nfl/players/full/3121541.png,
Denver Broncos,roster,Nick Gargiulo,saved,https://a.espncdn.com/i/headshots/nfl/players/full/4368033.png,
Denver Broncos,roster,Matt Henningsen,saved,https://a.espncdn.com/i/headshots/nfl/players/full/4242358.png,
Denver Broncos,roster,Caleb Lohner,saved,https://a.espncdn.com/i/headshots/nfl/players/full/4432208.png,
Denver Broncos,roster,David Ebuka Agoha,saved,https://a.espncdn.com/i/headshots/nfl/players/full/5144941.png,
Denver Broncos,roster,Brent Austin,saved,https://a.espncdn.com/i/headshots/nfl/players/full/5082398.png,
Denver Broncos,roster,Michael Bandy,saved,https://a.espncdn.com/i/headshots/nfl/players/full/4034704.png,
Denver Broncos,roster,Sean Fresch,saved,https://a.espncdn.com/i/headshots/nfl/players/full/4565769.png,
Denver Broncos,roster,Kolbe Katsis,saved,https://a.espncdn.com/i/headshots/nfl/players/full/5225419.png,
Denver Broncos,roster,Dane Key,saved,https://a.espncdn.com/i/headshots/nfl/players/full/4685424.png,
Denver Broncos,roster,Lucas Krull,saved,https://a.espncdn.com/i/headshots/nfl/players/full/4360231.png,
Denver Broncos,roster,Tyler Miller,saved,https://a.espncdn.com/i/headshots/nfl/players/full/4686442.png,
Denver Broncos,roster,Red Murdock,saved,https://a.espncdn.com/i/headshots/nfl/players/full/4912190.png,
Denver Broncos,roster,Gavin Ortega,saved,https://a.espncdn.com/i/headshots/nfl/players/full/5085625.png,
Denver Broncos,roster,Taylor Rapp,saved,https://a.espncdn.com/i/headshots/nfl/players/full/4039007.png,
Denver Broncos,roster,Cody Schrader,saved,https://a.espncdn.com/i/headshots/nfl/players/full/4391845.png,
Denver Broncos,roster,Miles Scott,saved,https://a.espncdn.com/i/headshots/nfl/players/full/4880014.png,
Denver Broncos,roster,Calvin Throckmorton,saved,https://a.espncdn.com/i/headshots/nfl/players/full/3915147.png,
Denver Broncos,roster,Johnny Walker,saved,https://a.espncdn.com/i/headshots/nfl/players/full/4430973.png,
Denver Broncos,staff,Sean Payton,saved,https://a.espncdn.com/i/headshots/nfl/coaches/65/17567.jpg,
Denver Broncos,staff,Paul Kelly,saved,https://static.clubs.nfl.com/image/private/t_headshot_desktop/f_auto/broncos/ywtjvmjxl5ff8eweicjl.jpg,"<urlopen error [Errno 8] nodename nor servname provided, or not known>"
Denver Broncos,staff,Davis Webb,saved,https://static.clubs.nfl.com/image/private/t_headshot_desktop/f_auto/broncos/jyqa2i3yr2d4bhpei76w.jpg,"<urlopen error [Errno 8] nodename nor servname provided, or not known>"
Denver Broncos,staff,Zach Strief,saved,https://static.clubs.nfl.com/image/private/t_headshot_desktop/f_auto/broncos/opw476syiwd1rhysfhli.jpg,"<urlopen error [Errno 8] nodename nor servname provided, or not known>"
Denver Broncos,staff,John Morton,saved,https://static.clubs.nfl.com/image/private/t_headshot_desktop/f_auto/broncos/u2azimu45sarotxfy5k3.jpg,"<urlopen error [Errno 8] nodename nor servname provided, or not known>"
Denver Broncos,staff,Chris Morgan,saved,https://static.clubs.nfl.com/image/upload/t_headshot_desktop/f_auto/broncos/kbmix2ktpljh1ocp5eo5.jpg,"<urlopen error [Errno 8] nodename nor servname provided, or not known>"
Denver Broncos,staff,Lou Ayeni,saved,https://static.clubs.nfl.com/image/private/t_headshot_desktop/f_auto/broncos/mgjii8fxxxuo7clmpu9a.jpg,"<urlopen error [Errno 8] nodename nor servname provided, or not known>"
Denver Broncos,staff,Ronald Curry,saved,https://static.clubs.nfl.com/image/upload/t_headshot_desktop/f_auto/broncos/oix1x7nsp6jntjdp7kwq.jpg,"<urlopen error [Errno 8] nodename nor servname provided, or not known>"
Denver Broncos,staff,Austin King,saved,https://static.clubs.nfl.com/image/private/t_headshot_desktop/f_auto/broncos/bvqevpvkgnvzglcxtrvx.jpg,"<urlopen error [Errno 8] nodename nor servname provided, or not known>"
Denver Broncos,staff,Logan Kilgore,saved,https://static.clubs.nfl.com/image/private/t_headshot_desktop/f_auto/broncos/fg0u8nqdrekstawam9oo.jpg,"<urlopen error [Errno 8] nodename nor servname provided, or not known>"
Denver Broncos,staff,Evan Rothstein,saved,https://static.clubs.nfl.com/image/upload/t_headshot_desktop/f_auto/broncos/a0p2rp6myd8zuiq6msxv.jpg,"<urlopen error [Errno 8] nodename nor servname provided, or not known>"
Denver Broncos,staff,Kyle Kempt,saved,https://static.clubs.nfl.com/image/upload/t_headshot_desktop/f_auto/broncos/atzpxip6woblasstmofr.jpg,"<urlopen error [Errno 8] nodename nor servname provided, or not known>"
Denver Broncos,staff,JD Johnson,saved,https://static.clubs.nfl.com/image/upload/t_headshot_desktop/f_auto/broncos/zns78n8idhzadnp88zqm.jpg,"<urlopen error [Errno 8] nodename nor servname provided, or not known>"
Denver Broncos,staff,Willie Snead IV,saved,https://static.clubs.nfl.com/image/upload/t_headshot_desktop/f_auto/broncos/skuxjwstiaydnfwwgcjy.jpg,"<urlopen error [Errno 8] nodename nor servname provided, or not known>"
Denver Broncos,staff,Vance Joseph,saved,https://static.clubs.nfl.com/image/private/t_headshot_desktop/f_auto/broncos/aljefugdig4lmscpjzjv.jpg,"<urlopen error [Errno 8] nodename nor servname provided, or not known>"
Denver Broncos,staff,Joe Vitt,saved,https://static.clubs.nfl.com/image/private/t_headshot_desktop/f_auto/broncos/mqrq9emhk1ro5mfeqt3j.jpg,"<urlopen error [Errno 8] nodename nor servname provided, or not known>"
Denver Broncos,staff,Robert Livingston,saved,https://static.clubs.nfl.com/image/upload/t_headshot_desktop/f_auto/broncos/b3fsllqlypamdrg83vx0.jpg,"<urlopen error [Errno 8] nodename nor servname provided, or not known>"
Denver Broncos,staff,Jamar Cain,saved,https://static.clubs.nfl.com/image/private/t_headshot_desktop/f_auto/broncos/p1wnqm83agqsweirsrpq.jpg,"<urlopen error [Errno 8] nodename nor servname provided, or not known>"
Denver Broncos,staff,Doug Belk,saved,https://static.clubs.nfl.com/image/upload/t_headshot_desktop/f_auto/broncos/ddhenvm8tpj5fwbj0vpr.jpg,"<urlopen error [Errno 8] nodename nor servname provided, or not known>"
Denver Broncos,staff,Jeff Schmedding,saved,https://static.clubs.nfl.com/image/upload/t_headshot_desktop/f_auto/broncos/ygct1yo2semlb8rn7obu.jpg,
Denver Broncos,staff,Isaac Shewmaker,saved,https://static.clubs.nfl.com/image/private/t_headshot_desktop/f_auto/broncos/d4pmuvpc5mfuqdj6alti.jpg,"<urlopen error [Errno 8] nodename nor servname provided, or not known>"
Denver Broncos,staff,Michael Wilhoite,saved,https://static.clubs.nfl.com/image/private/t_headshot_desktop/f_auto/broncos/isrik2nwlhaxikxj2kkd.jpg,"<urlopen error [Errno 8] nodename nor servname provided, or not known>"
Denver Broncos,staff,Brian Niedermeyer,saved,https://static.clubs.nfl.com/image/upload/t_headshot_desktop/f_auto/broncos/wtlh314wo1acvzttpd9l.jpg,"<urlopen error [Errno 8] nodename nor servname provided, or not known>"
Denver Broncos,staff,Todd Davis,saved,https://static.clubs.nfl.com/image/upload/t_headshot_desktop/f_auto/broncos/uxlc5myokobvdiess3vv.jpg,"<urlopen error [Errno 8] nodename nor servname provided, or not known>"
Denver Broncos,staff,Darren Rizzi,saved,https://static.clubs.nfl.com/image/upload/t_headshot_desktop/f_auto/broncos/pdnaor41rsejgfhur2sg.jpg,
Denver Broncos,staff,Marwan Maalouf,saved,https://static.clubs.nfl.com/image/upload/t_headshot_desktop/f_auto/broncos/uhtvvyjokin7a52dtzco.jpg,"<urlopen error [Errno 8] nodename nor servname provided, or not known>"
Denver Broncos,staff,Zach Line,saved,https://static.clubs.nfl.com/image/upload/t_headshot_desktop/f_auto/broncos/xzapxnazrbteitg7fv5z.jpg,"<urlopen error [Errno 8] nodename nor servname provided, or not known>"
Denver Broncos,staff,Shaun Snee,saved,https://static.clubs.nfl.com/image/private/t_headshot_desktop/f_auto/broncos/qg0lwjivym5d0fb9otyx.jpg,"<urlopen error [Errno 8] nodename nor servname provided, or not known>"
Denver Broncos,staff,Dan Dalrymple,saved,https://static.clubs.nfl.com/image/private/t_headshot_desktop/f_auto/broncos/vjsc3lwzfs8nshfyozqj.jpg,"<urlopen error [Errno 8] nodename nor servname provided, or not known>"
Denver Broncos,staff,Zaviar Gooden,saved,https://static.clubs.nfl.com/image/upload/t_headshot_desktop/f_auto/broncos/hlualoatcbw5pe6atcts.jpg,"<urlopen error [Errno 8] nodename nor servname provided, or not known>"
Denver Broncos,staff,Taylor Porter,saved,https://static.clubs.nfl.com/image/upload/t_headshot_desktop/f_auto/broncos/kj20noyr1nycjroo5kfp.jpg,"<urlopen error [Errno 8] nodename nor servname provided, or not known>"
Detroit Lions,roster,Ben Bartch,saved,https://a.espncdn.com/i/headshots/nfl/players/full/4611506.png,
Detroit Lions,roster,Larry Borom,saved,https://a.espncdn.com/i/headshots/nfl/players/full/4241217.png,
Detroit Lions,roster,Tyler Conklin,saved,https://a.espncdn.com/i/headshots/nfl/players/full/3915486.png,
Detroit Lions,roster,Joshua Dobbs,saved,https://a.espncdn.com/i/headshots/nfl/players/full/3044720.png,
Detroit Lions,roster,Miles Frazier,saved,https://a.espncdn.com/i/headshots/nfl/players/full/4608890.png,
Detroit Lions,roster,Jahmyr Gibbs,saved,https://a.espncdn.com/i/headshots/nfl/players/full/4429795.png,
Detroit Lions,roster,Jared Goff,saved,https://a.espncdn.com/i/headshots/nfl/players/full/3046779.png,
Detroit Lions,roster,Justin Jackson,saved,https://a.espncdn.com/i/headshots/nfl/players/full/3116136.png,
Detroit Lions,roster,Tom Kennedy,saved,https://a.espncdn.com/i/headshots/nfl/players/full/3126997.png,
Detroit Lions,roster,Sam LaPorta,saved,https://a.espncdn.com/i/headshots/nfl/players/full/4430027.png,
Detroit Lions,roster,Christian Mahogany,saved,https://a.espncdn.com/i/headshots/nfl/players/full/4427864.png,
Detroit Lions,roster,Tay Martin,saved,https://a.espncdn.com/i/headshots/nfl/players/full/4245144.png,
Detroit Lions,roster,Jackson Meeks,saved,https://a.espncdn.com/i/headshots/nfl/players/full/4602788.png,
Detroit Lions,roster,Blake Miller,saved,https://a.espncdn.com/i/headshots/nfl/players/full/5081450.png,
Detroit Lions,roster,Tate Ratledge,saved,https://a.espncdn.com/i/headshots/nfl/players/full/4429035.png,
Detroit Lions,roster,Jacob Saylors,saved,https://a.espncdn.com/i/headshots/nfl/players/full/4383429.png,
Detroit Lions,roster,Juice Scruggs,saved,https://a.espncdn.com/i/headshots/nfl/players/full/4361425.png,
Detroit Lions,roster,Penei Sewell,saved,https://a.espncdn.com/i/headshots/nfl/players/full/4373825.png,
Detroit Lions,roster,Amon-Ra St. Brown,saved,https://a.espncdn.com/i/headshots/nfl/players/full/4374302.png,
Detroit Lions,roster,Isaac TeSlaa,saved,https://a.espncdn.com/i/headshots/nfl/players/full/5123663.png,
Detroit Lions,roster,Sione Vaki,saved,https://a.espncdn.com/i/headshots/nfl/players/full/4912274.png,
Detroit Lions,roster,Jameson Williams,saved,https://a.espncdn.com/i/headshots/nfl/players/full/4426388.png,
Detroit Lions,roster,Brock Wright,saved,https://a.espncdn.com/i/headshots/nfl/players/full/4242392.png,
Detroit Lions,roster,Keith Abney II,saved,https://a.espncdn.com/i/headshots/nfl/players/full/5093004.png,
Detroit Lions,roster,Joe Bachie,saved,https://a.espncdn.com/i/headshots/nfl/players/full/4036507.png,
Detroit Lions,roster,Derrick Barnes,saved,https://a.espncdn.com/i/headshots/nfl/players/full/4260409.png,
Detroit Lions,roster,Jack Campbell,saved,https://a.espncdn.com/i/headshots/nfl/players/full/4569465.png,
Detroit Lions,roster,Chuck Clark,saved,https://a.espncdn.com/i/headshots/nfl/players/full/3045463.png,
Detroit Lions,roster,Khalil Dorsey,saved,https://a.espncdn.com/i/headshots/nfl/players/full/4027919.png,
Detroit Lions,roster,Skyler Gill-Howard,saved,https://a.espncdn.com/i/headshots/nfl/players/full/5103940.png,
Detroit Lions,roster,Thomas Harper,saved,https://a.espncdn.com/i/headshots/nfl/players/full/4569323.png,
Detroit Lions,roster,Ahmed Hassanein,saved,https://a.espncdn.com/i/headshots/nfl/players/full/4710422.png,
Detroit Lions,roster,Aidan Hutchinson,saved,https://a.espncdn.com/i/headshots/nfl/players/full/4372099.png,
Detroit Lions,roster,Christian Izien,saved,https://a.espncdn.com/i/headshots/nfl/players/full/4372459.png,
Detroit Lions,roster,Tyler Lacy,saved,https://a.espncdn.com/i/headshots/nfl/players/full/4361861.png,
Detroit Lions,roster,Avonte Maddox,saved,https://a.espncdn.com/i/headshots/nfl/players/full/3123938.png,
Detroit Lions,roster,Roger McCreary,saved,https://a.espncdn.com/i/headshots/nfl/players/full/4371973.png,
Detroit Lions,roster,Alim McNeill,saved,https://a.espncdn.com/i/headshots/nfl/players/full/4361662.png,
Detroit Lions,roster,Derrick Moore,saved,https://a.espncdn.com/i/headshots/nfl/players/full/4685461.png,
Detroit Lions,roster,Trevor Nowaske,saved,https://a.espncdn.com/i/headshots/nfl/players/full/5144894.png,
Detroit Lions,roster,Eric O'Neill,saved,https://a.espncdn.com/i/headshots/nfl/players/full/4892218.png,
Detroit Lions,roster,Levi Onwuzurike,saved,https://a.espncdn.com/i/headshots/nfl/players/full/4039020.png,
Detroit Lions,roster,Ennis Rakestraw Jr.,saved,https://a.espncdn.com/i/headshots/nfl/players/full/4566092.png,
Detroit Lions,roster,D.J. Reed,saved,https://a.espncdn.com/i/headshots/nfl/players/full/3139387.png,
Detroit Lions,roster,Malcolm Rodriguez,saved,https://a.espncdn.com/i/headshots/nfl/players/full/4241411.png,
Detroit Lions,roster,Jimmy Rolder,saved,https://a.espncdn.com/i/headshots/nfl/players/full/4896353.png,
Detroit Lions,roster,Ben Stille,saved,https://a.espncdn.com/i/headshots/nfl/players/full/4034861.png,
Detroit Lions,roster,Devin White,saved,https://a.espncdn.com/i/headshots/nfl/players/full/4035434.png,
Detroit Lions,roster,Tyleik Williams,saved,https://a.espncdn.com/i/headshots/nfl/players/full/4431615.png,
Detroit Lions,roster,Mekhi Wingo,saved,https://a.espncdn.com/i/headshots/nfl/players/full/4586333.png,
Detroit Lions,roster,DJ Wonnum,saved,https://a.espncdn.com/i/headshots/nfl/players/full/4038849.png,
Detroit Lions,roster,Rock Ya-Sin,saved,https://a.espncdn.com/i/headshots/nfl/players/full/3910229.png,
Detroit Lions,roster,Jake Bates,saved,https://a.espncdn.com/i/headshots/nfl/players/full/4689936.png,
Detroit Lions,roster,Jack Fox,saved,https://a.espncdn.com/i/headshots/nfl/players/full/3916370.png,
Detroit Lions,roster,Hogan Hatten,saved,https://a.espncdn.com/i/headshots/nfl/players/full/4571755.png,
Detroit Lions,roster,Brian Branch,saved,https://a.espncdn.com/i/headshots/nfl/players/full/4692025.png,
Detroit Lions,roster,Damone Clark,saved,https://a.espncdn.com/i/headshots/nfl/players/full/4362636.png,
Detroit Lions,roster,Kerby Joseph,saved,https://a.espncdn.com/i/headshots/nfl/players/full/4360383.png,
Detroit Lions,roster,Kendrick Law,saved,https://a.espncdn.com/i/headshots/nfl/players/full/4685441.png,
Detroit Lions,roster,Giovanni Manu,saved,https://a.espncdn.com/i/headshots/nfl/players/full/5209589.png,
Detroit Lions,roster,Cade Mays,saved,https://a.espncdn.com/i/headshots/nfl/players/full/4361788.png,
Detroit Lions,roster,Isiah Pacheco,saved,https://a.espncdn.com/i/headshots/nfl/players/full/4361529.png,
Detroit Lions,roster,Payton Turner,saved,https://a.espncdn.com/i/headshots/nfl/players/full/4240269.png,
Detroit Lions,roster,Luke Altmyer,saved,https://a.espncdn.com/i/headshots/nfl/players/full/4597679.png,
Detroit Lions,roster,Natrone Brooks,saved,https://a.espncdn.com/i/headshots/nfl/players/full/4689989.png,
Detroit Lions,roster,Aamaris Brown,saved,https://a.espncdn.com/i/headshots/nfl/players/full/4565445.png,
Detroit Lions,roster,Devin Cochran,saved,https://a.espncdn.com/i/headshots/nfl/players/full/4035270.png,
Detroit Lions,roster,Thomas Gordon,saved,https://a.espncdn.com/i/headshots/nfl/players/full/4569615.png,
Detroit Lions,roster,Lucky Jackson,saved,https://a.espncdn.com/i/headshots/nfl/players/full/3915802.png,
Detroit Lions,roster,Elijah Klein,saved,https://a.espncdn.com/i/headshots/nfl/players/full/4362066.png,
Detroit Lions,roster,Dominic Lovett,saved,https://a.espncdn.com/i/headshots/nfl/players/full/4596439.png,
Detroit Lions,roster,Anthony Lucas,saved,https://a.espncdn.com/i/headshots/nfl/players/full/4685442.png,
Detroit Lions,roster,Seth McLaughlin,saved,https://a.espncdn.com/i/headshots/nfl/players/full/4429187.png,
Detroit Lions,roster,Mason Miller,saved,https://a.espncdn.com/i/headshots/nfl/players/full/4693332.png,
Detroit Lions,roster,Jalen Mills,saved,https://a.espncdn.com/i/headshots/nfl/players/full/2976540.png,
Detroit Lions,roster,Amen Ogbongbemiga,saved,https://a.espncdn.com/i/headshots/nfl/players/full/4038432.png,
Detroit Lions,roster,Jabari Small,saved,https://a.espncdn.com/i/headshots/nfl/players/full/4432545.png,
Detroit Lions,roster,Chris Smith,saved,https://a.espncdn.com/i/headshots/nfl/players/full/4367835.png,
Detroit Lions,roster,Nick Whiteside,saved,https://a.espncdn.com/i/headshots/nfl/players/full/5143915.png,
Detroit Lions,staff,Dan Campbell,saved,https://static.clubs.nfl.com/image/upload/t_editorial_landscape_6_desktop/f_auto/lions/wnlvnnw7pr8bcdf8yt7f.jpg,"<urlopen error [Errno 8] nodename nor servname provided, or not known>"
Detroit Lions,staff,Drew Petzing,saved,https://static.clubs.nfl.com/image/upload/t_headshot_desktop/f_auto/lions/wgkudg3q55jwroxbagfq.jpg,
Detroit Lions,staff,Scottie Montgomery,saved,https://static.clubs.nfl.com/image/upload/t_headshot_desktop/f_auto/lions/kltgt5ps7derz7d3q4zo.jpg,
Detroit Lions,staff,Mark Brunell,saved,https://static.clubs.nfl.com/image/upload/t_headshot_desktop/f_auto/lions/pj8yxl4tkte5p0e1doxe.jpg,
Detroit Lions,staff,Tashard Choice,saved,https://static.clubs.nfl.com/image/upload/t_headshot_desktop/f_png/lions/y3usf4cy69r7zkolfkw4.png,
Detroit Lions,staff,Hank Fraley,saved,https://static.clubs.nfl.com/image/upload/t_headshot_desktop/f_auto/lions/omfd14h7bqpimosvw0ze.jpg,
Detroit Lions,staff,Bruce Gradkowski,saved,https://static.clubs.nfl.com/image/upload/t_headshot_desktop/f_png/lions/lr1x0xi0wzqzw5lg9sas.png,
Detroit Lions,staff,Mike Kafka,saved,https://static.clubs.nfl.com/image/upload/t_headshot_desktop/f_auto/lions/o4kxyydyyzcwju9dtdlc.jpg,
Detroit Lions,staff,Justin Mesa,saved,https://static.clubs.nfl.com/image/upload/t_headshot_desktop/f_png/lions/swnsbb9mzu8g2mzy15al.png,
Detroit Lions,staff,Steve Oliver,saved,https://static.clubs.nfl.com/image/upload/t_headshot_desktop/f_auto/lions/bxt18sbncaorsj4s6g9c.jpg,
Detroit Lions,staff,David Shaw,saved,https://static.clubs.nfl.com/image/upload/t_headshot_desktop/f_png/lions/ricik5pu8shqeeexghff.png,
Detroit Lions,staff,Dan Skipper,saved,https://static.clubs.nfl.com/image/upload/t_headshot_desktop/f_auto/lions/jnezfrfpdvri7ogaavsw.jpg,
Detroit Lions,staff,Marques Tuiasosopo,saved,https://static.clubs.nfl.com/image/upload/t_headshot_desktop/f_png/lions/wha9rfldxshnte0ok6fm.png,
Detroit Lions,staff,Kelvin Sheppard,saved,https://static.clubs.nfl.com/image/upload/t_headshot_desktop/f_auto/lions/vprdzzqentpcid3rrd4i.jpg,
Detroit Lions,staff,Jim O'Neil,saved,https://static.clubs.nfl.com/image/upload/t_headshot_desktop/f_auto/lions/sonnidvwtpzgnc6ls2ls.jpg,
Detroit Lions,staff,Caleb Collins,saved,https://static.clubs.nfl.com/image/upload/t_headshot_desktop/f_png/lions/br782tobcd4hcpo1fvaf.png,
Detroit Lions,staff,David Corrao,saved,https://static.clubs.nfl.com/image/upload/t_headshot_desktop/f_auto/lions/hssalplawh7yxjvqbilt.jpg,
Detroit Lions,staff,Shaun Dion Hamilton,saved,https://static.clubs.nfl.com/image/upload/t_headshot_desktop/f_auto/lions/onfsdc9u12oqy99a43rd.jpg,
Detroit Lions,staff,August Mangin,saved,https://static.clubs.nfl.com/image/upload/t_headshot_desktop/f_png/lions/wipomadduitaxtsfq42t.png,
Detroit Lions,staff,Kacy Rodgers,saved,https://static.clubs.nfl.com/image/upload/t_headshot_desktop/f_auto/lions/uoineb0j2rkxb6oz12dg.jpg,
Detroit Lions,staff,Dre Thompson,saved,https://static.clubs.nfl.com/image/upload/t_headshot_desktop/f_auto/lions/gqy3vxt1xfguju16pnau.jpg,
Detroit Lions,staff,Deshea Townsend,saved,https://static.clubs.nfl.com/image/upload/t_headshot_desktop/f_auto/lions/qgcab8bhfkhnrpobkmri.jpg,
Detroit Lions,staff,Dave Fipp,saved,https://static.clubs.nfl.com/image/upload/t_headshot_desktop/f_auto/lions/h6ako2qzppbnnq00nhvz.jpg,
Detroit Lions,staff,Jett Modkins,saved,https://static.clubs.nfl.com/image/upload/t_headshot_desktop/f_auto/lions/d7m36l0tziyu9gfende5.jpg,
Detroit Lions,staff,Josh Schuler,saved,https://static.clubs.nfl.com/image/upload/t_headshot_desktop/f_auto/lions/ecez8r73hnpo63p8j0gc.jpg,
Detroit Lions,staff,Jill Costanza,saved,https://static.clubs.nfl.com/image/upload/t_headshot_desktop/f_auto/lions/ldc6job0nolrcjsc8qdz.jpg,
Detroit Lions,staff,Thadeus Jackson,saved,https://static.clubs.nfl.com/image/upload/t_headshot_desktop/f_png/lions/r27xzuuiehrr18qe9h4h.png,
Detroit Lions,staff,Cameron Josse,saved,https://static.clubs.nfl.com/image/upload/t_headshot_desktop/f_png/lions/uqexb0ovzgdnoitwy5fm.png,
Detroit Lions,staff,Grant Steen,saved,https://static.clubs.nfl.com/image/upload/t_headshot_desktop/f_auto/lions/rfuntymu8thsohwkcjpq.jpg,"<urlopen error [Errno 8] nodename nor servname provided, or not known>"
Green Bay Packers,roster,Zach Bako-Bewele,saved,https://a.espncdn.com/i/headshots/nfl/players/full/4240435.png,
Green Bay Packers,roster,Aaron Banks,saved,https://a.espncdn.com/i/headshots/nfl/players/full/4242390.png,
Green Bay Packers,roster,Anthony Belton,saved,https://a.espncdn.com/i/headshots/nfl/players/full/4873706.png,
Green Bay Packers,roster,Chris Brooks,saved,https://a.espncdn.com/i/headshots/nfl/players/full/3149687.png,
Green Bay Packers,roster,Jager Burton,saved,https://a.espncdn.com/i/headshots/nfl/players/full/4569661.png,
Green Bay Packers,roster,Travis Glover,saved,https://a.espncdn.com/i/headshots/nfl/players/full/4361904.png,
Green Bay Packers,roster,Matthew Golden,saved,https://a.espncdn.com/i/headshots/nfl/players/full/4701936.png,
Green Bay Packers,roster,Josh Jacobs,saved,https://a.espncdn.com/i/headshots/nfl/players/full/4047365.png,
Green Bay Packers,roster,Donovan Jennings,saved,https://a.espncdn.com/i/headshots/nfl/players/full/4360887.png,
Green Bay Packers,roster,Kaleb Johnson,saved,https://a.espncdn.com/i/headshots/nfl/players/full/4819231.png,
Green Bay Packers,roster,Tucker Kraft,saved,https://a.espncdn.com/i/headshots/nfl/players/full/4572680.png,
Green Bay Packers,roster,MarShawn Lloyd,saved,https://a.espncdn.com/i/headshots/nfl/players/full/4429023.png,
Green Bay Packers,roster,Jordan Love,saved,https://a.espncdn.com/i/headshots/nfl/players/full/4036378.png,
Green Bay Packers,roster,Bo Melton,saved,https://a.espncdn.com/i/headshots/nfl/players/full/4259305.png,
Green Bay Packers,roster,Jacob Monk,saved,https://a.espncdn.com/i/headshots/nfl/players/full/4428037.png,
Green Bay Packers,roster,Skyy Moore,saved,https://a.espncdn.com/i/headshots/nfl/players/full/4430191.png,
Green Bay Packers,roster,Jordan Morgan,saved,https://a.espncdn.com/i/headshots/nfl/players/full/3821571.png,
Green Bay Packers,roster,Mark Redman,saved,https://a.espncdn.com/i/headshots/nfl/players/full/4431346.png,
Green Bay Packers,roster,Jayden Reed,saved,https://a.espncdn.com/i/headshots/nfl/players/full/4362249.png,
Green Bay Packers,roster,Sean Rhyan,saved,https://a.espncdn.com/i/headshots/nfl/players/full/4426411.png,
Green Bay Packers,roster,Jonnu Smith,saved,https://a.espncdn.com/i/headshots/nfl/players/full/3054212.png,
Green Bay Packers,roster,J. Michael Sturdivant,saved,https://a.espncdn.com/i/headshots/nfl/players/full/4635009.png,
Green Bay Packers,roster,Tyrod Taylor,saved,https://a.espncdn.com/i/headshots/nfl/players/full/14163.png,
Green Bay Packers,roster,Christian Watson,saved,https://a.espncdn.com/i/headshots/nfl/players/full/4248528.png,
Green Bay Packers,roster,Josh Whyle,saved,https://a.espncdn.com/i/headshots/nfl/players/full/4360086.png,
Green Bay Packers,roster,John Williams,saved,https://a.espncdn.com/i/headshots/nfl/players/full/2312707.png,
Green Bay Packers,roster,Warren Brinson,saved,https://a.espncdn.com/i/headshots/nfl/players/full/4429136.png,
Green Bay Packers,roster,Karl Brooks,saved,https://a.espncdn.com/i/headshots/nfl/players/full/4373423.png,
Green Bay Packers,roster,Javon Bullard,saved,https://a.espncdn.com/i/headshots/nfl/players/full/4688930.png,
Green Bay Packers,roster,Anthony Campbell,saved,https://a.espncdn.com/i/headshots/nfl/players/full/4887255.png,
Green Bay Packers,roster,Brandon Cisse,saved,https://a.espncdn.com/i/headshots/nfl/players/full/5076652.png,
Green Bay Packers,roster,Edgerrin Cooper,saved,https://a.espncdn.com/i/headshots/nfl/players/full/4430438.png,
Green Bay Packers,roster,Brenton Cox Jr.,saved,https://a.espncdn.com/i/headshots/nfl/players/full/4361776.png,
Green Bay Packers,roster,Dani Dennis-Sutton,saved,https://a.espncdn.com/i/headshots/nfl/players/full/4685315.png,
Green Bay Packers,roster,Jonathan Ford,saved,https://a.espncdn.com/i/headshots/nfl/players/full/4259762.png,
Green Bay Packers,roster,Zaire Franklin,saved,https://a.espncdn.com/i/headshots/nfl/players/full/3124005.png,
Green Bay Packers,roster,Kamal Hadden,saved,https://a.espncdn.com/i/headshots/nfl/players/full/4427356.png,
Green Bay Packers,roster,Javon Hargrave,saved,https://a.espncdn.com/i/headshots/nfl/players/full/2983055.png,
Green Bay Packers,roster,Ty'Ron Hopper,saved,https://a.espncdn.com/i/headshots/nfl/players/full/4567406.png,
Green Bay Packers,roster,Chris McClellan,saved,https://a.espncdn.com/i/headshots/nfl/players/full/4820574.png,
Green Bay Packers,roster,Isaiah McDuffie,saved,https://a.espncdn.com/i/headshots/nfl/players/full/4239947.png,
Green Bay Packers,roster,Xavier McKinney,saved,https://a.espncdn.com/i/headshots/nfl/players/full/4241470.png,
Green Bay Packers,roster,Nick Niemann,saved,https://a.espncdn.com/i/headshots/nfl/players/full/4036141.png,
Green Bay Packers,roster,Keisean Nixon,saved,https://a.espncdn.com/i/headshots/nfl/players/full/4259493.png,
Green Bay Packers,roster,Kitan Oladapo,saved,https://a.espncdn.com/i/headshots/nfl/players/full/4374037.png,
Green Bay Packers,roster,Barryn Sorrell,saved,https://a.espncdn.com/i/headshots/nfl/players/full/4683643.png,
Green Bay Packers,roster,Benjamin St-Juste,saved,https://a.espncdn.com/i/headshots/nfl/players/full/4258206.png,
Green Bay Packers,roster,Carrington Valentine,saved,https://a.espncdn.com/i/headshots/nfl/players/full/4430965.png,
Green Bay Packers,roster,Lukas Van Ness,saved,https://a.espncdn.com/i/headshots/nfl/players/full/4686906.png,
Green Bay Packers,roster,Kristian Welch,saved,https://a.espncdn.com/i/headshots/nfl/players/full/4036153.png,
Green Bay Packers,roster,Evan Williams,saved,https://a.espncdn.com/i/headshots/nfl/players/full/4428863.png,
Green Bay Packers,roster,Devonte Wyatt,saved,https://a.espncdn.com/i/headshots/nfl/players/full/4361791.png,
Green Bay Packers,roster,Matt Orzech,saved,https://a.espncdn.com/i/headshots/nfl/players/full/4422336.png,
Green Bay Packers,roster,Trey Smack,saved,https://a.espncdn.com/i/headshots/nfl/players/full/4869461.png,
Green Bay Packers,roster,Daniel Whelan,saved,https://a.espncdn.com/i/headshots/nfl/players/full/4248789.png,
Green Bay Packers,roster,Johnathan Baldwin II,saved,https://a.espncdn.com/i/headshots/nfl/players/full/4709980.png,
Green Bay Packers,roster,Luke Musgrave,saved,https://a.espncdn.com/i/headshots/nfl/players/full/4428085.png,
Green Bay Packers,roster,Collin Oliver,saved,https://a.espncdn.com/i/headshots/nfl/players/full/4683059.png,
Green Bay Packers,roster,Micah Parsons,saved,https://a.espncdn.com/i/headshots/nfl/players/full/4361423.png,
Green Bay Packers,roster,Jordon Riley,saved,https://a.espncdn.com/i/headshots/nfl/players/full/4240677.png,
Green Bay Packers,roster,Savion Williams,saved,https://a.espncdn.com/i/headshots/nfl/players/full/4431487.png,
Green Bay Packers,roster,Thomas Yassmin,saved,https://a.espncdn.com/i/headshots/nfl/players/full/4361027.png,
Green Bay Packers,roster,Damon Bankston,saved,https://a.espncdn.com/i/headshots/nfl/players/full/4876378.png,
Green Bay Packers,roster,Dalton Cooper,saved,https://a.espncdn.com/i/headshots/nfl/players/full/4426972.png,
Green Bay Packers,roster,Drake Dabney,saved,https://a.espncdn.com/i/headshots/nfl/players/full/4429466.png,
Green Bay Packers,roster,Josh Gesky,saved,https://a.espncdn.com/i/headshots/nfl/players/full/4687706.png,
Green Bay Packers,roster,Kahlef Hailassie,saved,https://a.espncdn.com/i/headshots/nfl/players/full/4373814.png,
Green Bay Packers,roster,Domani Jackson,saved,https://a.espncdn.com/i/headshots/nfl/players/full/4685402.png,
Green Bay Packers,roster,Eric Johnson II,saved,https://a.espncdn.com/i/headshots/nfl/players/full/4050971.png,
Green Bay Packers,roster,Nyjalik Kelly,saved,https://a.espncdn.com/i/headshots/nfl/players/full/4726151.png,
Green Bay Packers,roster,Lenny Krieg,saved,https://a.espncdn.com/i/headshots/nfl/players/full/5277116.png,
Green Bay Packers,roster,Arron Mosby,saved,https://a.espncdn.com/i/headshots/nfl/players/full/4242996.png,
Green Bay Packers,roster,Isaiah Neyor,saved,https://a.espncdn.com/i/headshots/nfl/players/full/4428116.png,
Green Bay Packers,roster,Quincy Skinner Jr.,saved,https://a.espncdn.com/i/headshots/nfl/players/full/4572380.png,
Green Bay Packers,roster,Kedon Slovis,saved,https://a.espncdn.com/i/headshots/nfl/players/full/4428512.png,
Green Bay Packers,roster,Pierre Strong Jr.,saved,https://a.espncdn.com/i/headshots/nfl/players/full/4249836.png,
Green Bay Packers,roster,Cordell Volson,saved,https://a.espncdn.com/i/headshots/nfl/players/full/4040950.png,
Green Bay Packers,roster,Dillon Wade,saved,https://a.espncdn.com/i/headshots/nfl/players/full/4581189.png,
Green Bay Packers,staff,Matt LaFleur,saved,https://a.espncdn.com/i/headshots/nfl/coaches/65/4082797.jpg,
Green Bay Packers,staff,Adam Stenavich,saved,https://static.clubs.nfl.com/image/upload/t_headshot_desktop/f_png/packers/bzjihgeok7dfkkjtsckt.png,
Green Bay Packers,staff,Luke Butkus,saved,https://static.clubs.nfl.com/image/upload/t_headshot_desktop/f_png/packers/cr3qokagvryib1ugzf3w.png,
Green Bay Packers,staff,John Dunn,saved,https://static.clubs.nfl.com/image/upload/t_headshot_desktop/f_png/packers/oqprfrwfxixobaa4ex3q.png,
Green Bay Packers,staff,Luke Getsy,saved,https://static.clubs.nfl.com/image/upload/t_headshot_desktop/f_png/packers/kr65uugxrtiltc8lappl.png,
Green Bay Packers,staff,Eddie Gordon,saved,https://static.clubs.nfl.com/image/upload/t_headshot_desktop/f_png/packers/fpio97e6naitrazv7ynv.png,
Green Bay Packers,staff,Rob Grosso,saved,https://static.clubs.nfl.com/image/upload/t_headshot_desktop/f_png/packers/cqlvbf1gz19faupqdxjp.png,
Green Bay Packers,staff,Connor Lewis,saved,https://static.clubs.nfl.com/image/upload/t_headshot_desktop/f_png/packers/lqopb3uixsrc5ddilqgq.png,
Green Bay Packers,staff,Noah Pauley,saved,https://static.clubs.nfl.com/image/upload/t_headshot_desktop/f_png/packers/ccoh2tyab7l7ej0soroq.png,
Green Bay Packers,staff,Ben Sirmans,saved,https://static.clubs.nfl.com/image/upload/t_headshot_desktop/f_png/packers/jwwrdoqhf0rgjirhjuwc.png,
Green Bay Packers,staff,Jason Vrable,saved,https://static.clubs.nfl.com/image/upload/t_headshot_desktop/f_png/packers/civli7q9pxd4nmlnaiuy.png,
Green Bay Packers,staff,Jeremiah Kolone,saved,https://static.clubs.nfl.com/image/upload/t_headshot_desktop/f_png/packers/a5d5lbdr9nxg44ektpkd.png,
Green Bay Packers,staff,T.C. McCartney,saved,https://static.clubs.nfl.com/image/upload/t_headshot_desktop/f_png/packers/ggn3dvgpwcw1fdnsx17g.png,
Green Bay Packers,staff,Jonathan Gannon,saved,https://static.clubs.nfl.com/image/upload/t_headshot_desktop/f_png/packers/cvjhk4b3tcqjmxtye7ca.png,
Green Bay Packers,staff,Bobby Babich,saved,https://static.clubs.nfl.com/image/upload/t_headshot_desktop/f_png/packers/m59c5ontvedpvmuq3vch.png,
Green Bay Packers,staff,Daniel Bullocks,saved,https://static.clubs.nfl.com/image/upload/t_headshot_desktop/f_png/packers/reef0plceuu3ejaxmlgc.png,
Green Bay Packers,staff,DeMarcus Covington,saved,https://static.clubs.nfl.com/image/upload/t_headshot_desktop/f_png/packers/posp4dkgnwfb9vu7i5gd.png,
Green Bay Packers,staff,Jamael Lett,saved,https://static.clubs.nfl.com/image/upload/t_headshot_desktop/f_png/packers/kcc5lofxmrmpxfyvd0ww.png,
Green Bay Packers,staff,Vince Oghobaase,saved,https://static.clubs.nfl.com/image/upload/t_headshot_desktop/f_png/packers/yyrnvdsdzowhvmlmnmkz.png,
Green Bay Packers,staff,Sam Siefkes,saved,https://static.clubs.nfl.com/image/upload/t_headshot_desktop/f_png/packers/nqmrhtwxjipuvtv2w5fi.png,
Green Bay Packers,staff,Will Smart,saved,https://static.clubs.nfl.com/image/upload/t_headshot_desktop/f_png/packers/ofco9fq6jitc9eisk1y4.png,
Green Bay Packers,staff,Scott Fuchs,saved,https://static.clubs.nfl.com/image/upload/t_headshot_desktop/f_png/packers/to3iljtbard7o2dyimwr.png,
Green Bay Packers,staff,Cam Achord,saved,https://static.clubs.nfl.com/image/upload/t_headshot_desktop/f_png/packers/dmbciqcdtve0fvyolgys.png,
Green Bay Packers,staff,Cory Harkey,saved,https://static.clubs.nfl.com/image/upload/t_headshot_desktop/f_png/packers/d1u0kvh7vmly4juw2ykz.png,
Green Bay Packers,staff,Jeff Koonz,saved,https://static.clubs.nfl.com/image/upload/t_headshot_desktop/f_png/packers/oemif7h13goagshmdkg8.png,
Green Bay Packers,staff,Aaron Hill,saved,https://static.clubs.nfl.com/image/upload/t_headshot_desktop/f_png/packers/htryhaqy11po3dc9h2km.png,
Green Bay Packers,staff,Jake Flint,saved,https://static.clubs.nfl.com/image/upload/t_headshot_desktop/f_png/packers/jipwrtfadqeyprccyva3.png,
Green Bay Packers,staff,Marcus Jones,saved,https://static.clubs.nfl.com/image/upload/t_headshot_desktop/f_png/packers/khazrjtqk4dxzywsbhyr.png,
Green Bay Packers,staff,Ben Schumacher,saved,https://static.clubs.nfl.com/image/upload/t_headshot_desktop/f_png/packers/wxklpjtzhvqmfzxh1sow.png,
Houston Texans,roster,Jake Andrews,saved,https://a.espncdn.com/i/headshots/nfl/players/full/4362732.png,
Houston Texans,roster,Lewis Bond,saved,https://a.espncdn.com/i/headshots/nfl/players/full/4683159.png,
Houston Texans,roster,Kayshon Boutte,saved,https://a.espncdn.com/i/headshots/nfl/players/full/4429022.png,
Houston Texans,roster,British Brooks,saved,https://a.espncdn.com/i/headshots/nfl/players/full/4373273.png,
Houston Texans,roster,Evan Brown,saved,https://a.espncdn.com/i/headshots/nfl/players/full/3128412.png,
Houston Texans,roster,Trent Brown,saved,https://a.espncdn.com/i/headshots/nfl/players/full/3043109.png,
Houston Texans,roster,Nico Collins,saved,https://a.espncdn.com/i/headshots/nfl/players/full/4258173.png,
Houston Texans,roster,Aireontae Ersery,saved,https://a.espncdn.com/i/headshots/nfl/players/full/4429693.png,
Houston Texans,roster,Blake Fisher,saved,https://a.espncdn.com/i/headshots/nfl/players/full/4432699.png,
Houston Texans,roster,Xavier Hutchinson,saved,https://a.espncdn.com/i/headshots/nfl/players/full/4686422.png,
Houston Texans,roster,Ed Ingram,saved,https://a.espncdn.com/i/headshots/nfl/players/full/4242227.png,
Houston Texans,roster,Brevin Jordan,saved,https://a.espncdn.com/i/headshots/nfl/players/full/4362504.png,
Houston Texans,roster,Marlin Klein,saved,https://a.espncdn.com/i/headshots/nfl/players/full/4695705.png,
Houston Texans,roster,Woody Marks,saved,https://a.espncdn.com/i/headshots/nfl/players/full/4429059.png,
Houston Texans,roster,Davis Mills,saved,https://a.espncdn.com/i/headshots/nfl/players/full/4242546.png,
Houston Texans,roster,David Montgomery,saved,https://a.espncdn.com/i/headshots/nfl/players/full/4035538.png,
Houston Texans,roster,Foster Moreau,saved,https://a.espncdn.com/i/headshots/nfl/players/full/3843945.png,
Houston Texans,roster,Jaylin Noel,saved,https://a.espncdn.com/i/headshots/nfl/players/full/4586312.png,
Houston Texans,roster,Febechi Nwaiwu,saved,https://a.espncdn.com/i/headshots/nfl/players/full/4880873.png,
Houston Texans,roster,Keylan Rutledge,saved,https://a.espncdn.com/i/headshots/nfl/players/full/4839498.png,
Houston Texans,roster,Dalton Schultz,saved,https://a.espncdn.com/i/headshots/nfl/players/full/3117256.png,
Houston Texans,roster,Cade Stover,saved,https://a.espncdn.com/i/headshots/nfl/players/full/4426496.png,
Houston Texans,roster,C.J. Stroud,saved,https://a.espncdn.com/i/headshots/nfl/players/full/4432577.png,
Houston Texans,roster,Wyatt Teller,saved,https://a.espncdn.com/i/headshots/nfl/players/full/3045474.png,
Houston Texans,roster,Nate Thomas,saved,https://a.espncdn.com/i/headshots/nfl/players/full/4428656.png,
Houston Texans,roster,Jared Wayne,saved,https://a.espncdn.com/i/headshots/nfl/players/full/4430681.png,
Houston Texans,roster,Azeez Al-Shaair,saved,https://a.espncdn.com/i/headshots/nfl/players/full/3919117.png,
Houston Texans,roster,Will Anderson Jr.,saved,https://a.espncdn.com/i/headshots/nfl/players/full/4685724.png,
Houston Texans,roster,Reed Blankenship,saved,https://a.espncdn.com/i/headshots/nfl/players/full/4243956.png,
Houston Texans,roster,Calen Bullock,saved,https://a.espncdn.com/i/headshots/nfl/players/full/4431517.png,
Houston Texans,roster,Jadeveon Clowney,saved,https://a.espncdn.com/i/headshots/nfl/players/full/16734.png,
Houston Texans,roster,Jaden Crumedy,saved,https://a.espncdn.com/i/headshots/nfl/players/full/4362910.png,
Houston Texans,roster,Mario Edwards Jr.,saved,https://a.espncdn.com/i/headshots/nfl/players/full/2969921.png,
Houston Texans,roster,Aiden Fisher,saved,https://a.espncdn.com/i/headshots/nfl/players/full/4912338.png,
Houston Texans,roster,Logan Hall,saved,https://a.espncdn.com/i/headshots/nfl/players/full/4360189.png,
Houston Texans,roster,Jake Hansen,saved,https://a.espncdn.com/i/headshots/nfl/players/full/4033812.png,
Houston Texans,roster,Sabastian Harsh,saved,https://a.espncdn.com/i/headshots/nfl/players/full/4699802.png,
Houston Texans,roster,Jamal Hill,saved,https://a.espncdn.com/i/headshots/nfl/players/full/4427479.png,
Houston Texans,roster,Jake Hummel,saved,https://a.espncdn.com/i/headshots/nfl/players/full/4241250.png,
Houston Texans,roster,Danielle Hunter,saved,https://a.espncdn.com/i/headshots/nfl/players/full/2976560.png,
Houston Texans,roster,Kamari Lassiter,saved,https://a.espncdn.com/i/headshots/nfl/players/full/4602699.png,
Houston Texans,roster,George Odum,saved,https://a.espncdn.com/i/headshots/nfl/players/full/3050199.png,
Houston Texans,roster,Jalen Pitre,saved,https://a.espncdn.com/i/headshots/nfl/players/full/4241223.png,
Houston Texans,roster,Kamari Ramsey,saved,https://a.espncdn.com/i/headshots/nfl/players/full/4685518.png,
Houston Texans,roster,Sheldon Rankins,saved,https://a.espncdn.com/i/headshots/nfl/players/full/2970204.png,
Houston Texans,roster,Dominique Robinson,saved,https://a.espncdn.com/i/headshots/nfl/players/full/4244300.png,
Houston Texans,roster,Jaylin Smith,saved,https://a.espncdn.com/i/headshots/nfl/players/full/4594277.png,
Houston Texans,roster,Tremon Smith,saved,https://a.espncdn.com/i/headshots/nfl/players/full/3134448.png,
Houston Texans,roster,Derek Stingley Jr.,saved,https://a.espncdn.com/i/headshots/nfl/players/full/4426434.png,
Houston Texans,roster,Tommy Togiai,saved,https://a.espncdn.com/i/headshots/nfl/players/full/4361366.png,
Houston Texans,roster,Wade Woodaz,saved,https://a.espncdn.com/i/headshots/nfl/players/full/4837286.png,
Houston Texans,roster,Collin Wright,saved,https://a.espncdn.com/i/headshots/nfl/players/full/4833376.png,
Houston Texans,roster,Austin Brinkman,saved,https://a.espncdn.com/i/headshots/nfl/players/full/4690999.png,
Houston Texans,roster,Ka'imi Fairbairn,saved,https://a.espncdn.com/i/headshots/nfl/players/full/2971573.png,
Houston Texans,roster,Kai Kroeger,saved,https://a.espncdn.com/i/headshots/nfl/players/full/4570033.png,
Houston Texans,roster,Solomon Byrd,saved,https://a.espncdn.com/i/headshots/nfl/players/full/4361689.png,
Houston Texans,roster,Tank Dell,saved,https://a.espncdn.com/i/headshots/nfl/players/full/4366031.png,
Houston Texans,roster,Ali Gaye,saved,https://a.espncdn.com/i/headshots/nfl/players/full/4243321.png,
Houston Texans,roster,Sam Hagen,saved,https://a.espncdn.com/i/headshots/nfl/players/full/4879242.png,
Houston Texans,roster,Jayden Higgins,saved,https://a.espncdn.com/i/headshots/nfl/players/full/4877706.png,
Houston Texans,roster,Dylan Horton,saved,https://a.espncdn.com/i/headshots/nfl/players/full/4374066.png,
Houston Texans,roster,Ja'Marcus Ingram,saved,https://a.espncdn.com/i/headshots/nfl/players/full/4240059.png,
Houston Texans,roster,Kayden McDonald,saved,https://a.espncdn.com/i/headshots/nfl/players/full/4870893.png,
Houston Texans,roster,Graham Mertz,saved,https://a.espncdn.com/i/headshots/nfl/players/full/4426335.png,
Houston Texans,roster,K.C. Ossai,saved,https://a.espncdn.com/i/headshots/nfl/players/full/4687188.png,
Houston Texans,roster,Braden Smith,saved,https://a.espncdn.com/i/headshots/nfl/players/full/3121595.png,
Houston Texans,roster,E.J. Speed,saved,https://a.espncdn.com/i/headshots/nfl/players/full/3071353.png,
Houston Texans,roster,M.J. Stewart,saved,https://a.espncdn.com/i/headshots/nfl/players/full/3116679.png,
Houston Texans,roster,Henry To'oTo'o,saved,https://a.espncdn.com/i/headshots/nfl/players/full/4426350.png,
Houston Texans,roster,Chris Braswell,saved,https://a.espncdn.com/i/headshots/nfl/players/full/4428989.png,
Houston Texans,roster,Gavin Gerhardt,saved,https://a.espncdn.com/i/headshots/nfl/players/full/4433823.png,
Houston Texans,roster,Bryce Hall,saved,https://a.espncdn.com/i/headshots/nfl/players/full/4037584.png,
Houston Texans,roster,Alijah Huzzie,saved,https://a.espncdn.com/i/headshots/nfl/players/full/4577494.png,
Houston Texans,roster,Jawhar Jordan,saved,https://a.espncdn.com/i/headshots/nfl/players/full/4429939.png,
Houston Texans,roster,Josh Kelly,saved,https://a.espncdn.com/i/headshots/nfl/players/full/4575558.png,
Houston Texans,roster,Zaire Mitchell-Paden,saved,https://a.espncdn.com/i/headshots/nfl/players/full/4876006.png,
Houston Texans,roster,Kenneth Murray Jr.,saved,https://a.espncdn.com/i/headshots/nfl/players/full/4241394.png,
Houston Texans,roster,James Neal III,saved,https://a.espncdn.com/i/headshots/nfl/players/full/5081880.png,
Houston Texans,roster,Bryce Oliver,saved,https://a.espncdn.com/i/headshots/nfl/players/full/4362617.png,
Houston Texans,roster,Max Pircher,saved,https://a.espncdn.com/i/headshots/nfl/players/full/4844640.png,
Houston Texans,roster,Daniel Sobkowicz,saved,https://a.espncdn.com/i/headshots/nfl/players/full/4878293.png,
Houston Texans,roster,Junior Tafuna,saved,https://a.espncdn.com/i/headshots/nfl/players/full/4695607.png,
Houston Texans,roster,Mitchell Tinsley,saved,https://a.espncdn.com/i/headshots/nfl/players/full/4690070.png,
Houston Texans,roster,Noah Whittington,saved,https://a.espncdn.com/i/headshots/nfl/players/full/4432631.png,
Houston Texans,staff,DeMeco Ryans,saved,https://static.clubs.nfl.com/image/upload/t_headshot_desktop/f_png/texans/gzddlomivbtyuftuzrdi.png,HTTP Error 404: Not Found
Houston Texans,staff,Matt Burke,saved,https://static.clubs.nfl.com/image/upload/t_headshot_desktop/f_png/texans/shdjaky9gbl37srbm7pn.png,
Houston Texans,staff,Nick Caley,saved,https://static.clubs.nfl.com/image/upload/t_headshot_desktop/f_png/texans/mfe89ryblg2qawelwnfa.png,
Houston Texans,staff,Frank Ross,saved,https://static.clubs.nfl.com/image/upload/t_headshot_desktop/f_png/texans/ydxn5exjwogw5lxvayn9.png,
Houston Texans,staff,Stephen Adegoke,saved,https://static.clubs.nfl.com/image/upload/t_headshot_desktop/f_png/texans/csdaahgfw2kdd97bpznf.png,
Houston Texans,staff,Sean Baker,saved,https://static.clubs.nfl.com/image/upload/t_headshot_desktop/f_png/texans/rvwe8tldtx1pljeehnq4.png,
Houston Texans,staff,Danny Barrett,saved,https://static.clubs.nfl.com/image/upload/t_headshot_desktop/f_png/texans/ok2fmarhsuheyldqahfg.png,
Houston Texans,staff,Will Burnham,saved,https://static.clubs.nfl.com/image/upload/t_headshot_desktop/f_png/texans/flltrhphh3p9eqpqrsoq.png,
Houston Texans,staff,Bill Davis,saved,https://static.clubs.nfl.com/image/upload/t_headshot_desktop/f_png/texans/vsrza8prxornhfyaiuv8.png,
Houston Texans,staff,Taylor Embree,saved,https://static.clubs.nfl.com/image/upload/t_headshot_desktop/f_auto/texans/fiolqlkt3b6yedakernu.jpg,"<urlopen error [Errno 8] nodename nor servname provided, or not known>"
Houston Texans,staff,James Ferentz,saved,https://static.clubs.nfl.com/image/upload/t_headshot_desktop/f_auto/texans/ryvskv6tje3n6hqjih8o.jpg,"<urlopen error [Errno 8] nodename nor servname provided, or not known>"
Houston Texans,staff,Bill Lazor,saved,https://static.clubs.nfl.com/image/upload/t_headshot_desktop/f_png/texans/ed3nv83hgzux26jkyh84.png,
Houston Texans,staff,Ben McDaniels,saved,https://static.clubs.nfl.com/image/upload/t_headshot_desktop/f_png/texans/gywwv7zt5oxmewhj4elf.png,
Houston Texans,staff,Frank Okam,saved,https://static.clubs.nfl.com/image/upload/t_headshot_desktop/f_png/texans/ewgsekf4sz79c9aid373.png,"<urlopen error [Errno 8] nodename nor servname provided, or not known>"
Houston Texans,staff,Cole Popovich,saved,https://static.clubs.nfl.com/image/upload/t_headshot_desktop/f_png/texans/orr2khqazdp5wb7ibgv0.png,
Houston Texans,staff,Asauni Rufus,saved,https://static.clubs.nfl.com/image/upload/t_headshot_desktop/f_png/texans/zs1jpxfbl0uzsnypvxv9.png,"<urlopen error [Errno 8] nodename nor servname provided, or not known>"
Houston Texans,staff,Jerry Schuplinski,saved,https://static.clubs.nfl.com/image/upload/t_headshot_desktop/f_png/texans/bc9psxlz6mtfj843k2rn.png,"<urlopen error [Errno 8] nodename nor servname provided, or not known>"
Houston Texans,staff,Mark Sheridan,saved,https://static.clubs.nfl.com/image/upload/t_headshot_desktop/f_auto/texans/ipq4lxjhutngbtmrqvlh.jpg,"<urlopen error [Errno 8] nodename nor servname provided, or not known>"
Houston Texans,staff,Jay Simpson,saved,https://static.clubs.nfl.com/image/upload/t_headshot_desktop/f_auto/texans/zl1nabf89aamuvopptt2.jpg,"<urlopen error [Errno 8] nodename nor servname provided, or not known>"
Houston Texans,staff,Tiquan Underwood,saved,https://static.clubs.nfl.com/image/upload/t_headshot_desktop/f_auto/texans/wncbj9cgyrahrhogkaml.jpg,"<urlopen error [Errno 8] nodename nor servname provided, or not known>"
Houston Texans,staff,Cory Undlin,saved,https://static.clubs.nfl.com/image/upload/t_headshot_desktop/f_png/texans/hkpyu81xurgjes3hrzru.png,
Houston Texans,staff,Dino Vasso,saved,https://static.clubs.nfl.com/image/upload/t_headshot_desktop/f_png/texans/b5jkeihzcdfpm8dh4hd7.png,
Houston Texans,staff,Alex Ward,saved,https://static.clubs.nfl.com/image/upload/t_headshot_desktop/f_auto/texans/vrln9jfvofojwjeiwf1w.jpg,"<urlopen error [Errno 8] nodename nor servname provided, or not known>"
Houston Texans,staff,Cole Weeks,saved,https://static.clubs.nfl.com/image/upload/t_headshot_desktop/f_png/texans/yemzypxwb5nxki8hejww.png,"<urlopen error [Errno 8] nodename nor servname provided, or not known>"
Houston Texans,staff,Rod Wright,saved,https://static.clubs.nfl.com/image/upload/t_headshot_desktop/f_png/texans/dytbnthbq3x0vtpvhzcn.png,
Houston Texans,staff,Jake Olson,saved,https://static.clubs.nfl.com/image/upload/t_headshot_desktop/f_png/texans/vortzmelrrwpf1u7vtwc.png,
Indianapolis Colts,roster,Mo Alie-Cox,saved,https://a.espncdn.com/i/headshots/nfl/players/full/2998565.png,
Indianapolis Colts,roster,Keenan Allen,saved,https://a.espncdn.com/i/headshots/nfl/players/full/15818.png,
Indianapolis Colts,roster,Tanor Bortolini,saved,https://a.espncdn.com/i/headshots/nfl/players/full/4430957.png,
Indianapolis Colts,roster,Deion Burks,saved,https://a.espncdn.com/i/headshots/nfl/players/full/4683151.png,
Indianapolis Colts,roster,Josh Downs,saved,https://a.espncdn.com/i/headshots/nfl/players/full/4688813.png,
Indianapolis Colts,roster,Ashton Dulin,saved,https://a.espncdn.com/i/headshots/nfl/players/full/4061956.png,
Indianapolis Colts,roster,Jalen Farmer,saved,https://a.espncdn.com/i/headshots/nfl/players/full/4838270.png,
Indianapolis Colts,roster,DJ Giddens,saved,https://a.espncdn.com/i/headshots/nfl/players/full/4874509.png,
Indianapolis Colts,roster,Matt Goncalves,saved,https://a.espncdn.com/i/headshots/nfl/players/full/4427298.png,
Indianapolis Colts,roster,Anthony Gould,saved,https://a.espncdn.com/i/headshots/nfl/players/full/4429684.png,
Indianapolis Colts,roster,Daniel Jones,saved,https://a.espncdn.com/i/headshots/nfl/players/full/3917792.png,
Indianapolis Colts,roster,Riley Leonard,saved,https://a.espncdn.com/i/headshots/nfl/players/full/4683423.png,
Indianapolis Colts,roster,Seth McGowan,saved,https://a.espncdn.com/i/headshots/nfl/players/full/4686468.png,
Indianapolis Colts,roster,Quenton Nelson,saved,https://a.espncdn.com/i/headshots/nfl/players/full/3129308.png,
Indianapolis Colts,roster,Drew Ogletree,saved,https://a.espncdn.com/i/headshots/nfl/players/full/4722908.png,
Indianapolis Colts,roster,Alec Pierce,saved,https://a.espncdn.com/i/headshots/nfl/players/full/4360078.png,
Indianapolis Colts,roster,Bernhard Raimann,saved,https://a.espncdn.com/i/headshots/nfl/players/full/4362580.png,
Indianapolis Colts,roster,Anthony Richardson Sr.,saved,https://a.espncdn.com/i/headshots/nfl/players/full/4429084.png,
Indianapolis Colts,roster,Jonathan Taylor,saved,https://a.espncdn.com/i/headshots/nfl/players/full/4242335.png,
Indianapolis Colts,roster,Luke Tenuta,saved,https://a.espncdn.com/i/headshots/nfl/players/full/4361979.png,
Indianapolis Colts,roster,Jalen Travis,saved,https://a.espncdn.com/i/headshots/nfl/players/full/4892240.png,
Indianapolis Colts,roster,Laquon Treadwell,saved,https://a.espncdn.com/i/headshots/nfl/players/full/3051889.png,
Indianapolis Colts,roster,Dalton Tucker,saved,https://a.espncdn.com/i/headshots/nfl/players/full/4370363.png,
Indianapolis Colts,roster,Sedrick Van Pran-Granger,saved,https://a.espncdn.com/i/headshots/nfl/players/full/4430815.png,
Indianapolis Colts,roster,Tyler Warren,saved,https://a.espncdn.com/i/headshots/nfl/players/full/4431459.png,
Indianapolis Colts,roster,Adetomiwa Adebawore,saved,https://a.espncdn.com/i/headshots/nfl/players/full/4427635.png,
Indianapolis Colts,roster,Austin Ajiake,saved,https://a.espncdn.com/i/headshots/nfl/players/full/4374171.png,
Indianapolis Colts,roster,CJ Allen,saved,https://a.espncdn.com/i/headshots/nfl/players/full/4870598.png,
Indianapolis Colts,roster,Bryce Boettcher,saved,https://a.espncdn.com/i/headshots/nfl/players/full/5088571.png,
Indianapolis Colts,roster,DeForest Buckner,saved,https://a.espncdn.com/i/headshots/nfl/players/full/2971282.png,
Indianapolis Colts,roster,Cam Bynum,saved,https://a.espncdn.com/i/headshots/nfl/players/full/4035861.png,
Indianapolis Colts,roster,Jaylon Carlies,saved,https://a.espncdn.com/i/headshots/nfl/players/full/4601021.png,
Indianapolis Colts,roster,Tahj Chambers,saved,https://a.espncdn.com/i/headshots/nfl/players/full/4692638.png,
Indianapolis Colts,roster,Micheal Clemons,saved,https://a.espncdn.com/i/headshots/nfl/players/full/4240896.png,
Indianapolis Colts,roster,Caden Curry,saved,https://a.espncdn.com/i/headshots/nfl/players/full/4685324.png,
Indianapolis Colts,roster,Akeem Davis-Gaither,saved,https://a.espncdn.com/i/headshots/nfl/players/full/3917142.png,
Indianapolis Colts,roster,Sauce Gardner,saved,https://a.espncdn.com/i/headshots/nfl/players/full/4427250.png,
Indianapolis Colts,roster,George Gumbs Jr.,saved,https://a.espncdn.com/i/headshots/nfl/players/full/4708238.png,
Indianapolis Colts,roster,Kapena Gushiken,saved,https://a.espncdn.com/i/headshots/nfl/players/full/5153072.png,
Indianapolis Colts,roster,Kenneth Harris,saved,https://a.espncdn.com/i/headshots/nfl/players/full/4685970.png,
Indianapolis Colts,roster,A.J. Haulcy,saved,https://a.espncdn.com/i/headshots/nfl/players/full/4905664.png,
Indianapolis Colts,roster,Arden Key,saved,https://a.espncdn.com/i/headshots/nfl/players/full/3843843.png,
Indianapolis Colts,roster,Laiatu Latu,saved,https://a.espncdn.com/i/headshots/nfl/players/full/4426473.png,
Indianapolis Colts,roster,Jonathan Owens,saved,https://a.espncdn.com/i/headshots/nfl/players/full/4331768.png,
Indianapolis Colts,roster,Tim Smith,saved,https://a.espncdn.com/i/headshots/nfl/players/full/4692033.png,
Indianapolis Colts,roster,Grover Stewart,saved,https://a.espncdn.com/i/headshots/nfl/players/full/4058825.png,
Indianapolis Colts,roster,Cam Taylor-Britt,saved,https://a.espncdn.com/i/headshots/nfl/players/full/4361196.png,
Indianapolis Colts,roster,Jerry Tillery,saved,https://a.espncdn.com/i/headshots/nfl/players/full/3863182.png,
Indianapolis Colts,roster,Jaylahn Tuimoloau,saved,https://a.espncdn.com/i/headshots/nfl/players/full/4566154.png,
Indianapolis Colts,roster,Justin Walley,saved,https://a.espncdn.com/i/headshots/nfl/players/full/4682909.png,
Indianapolis Colts,roster,Charvarius Ward,saved,https://a.espncdn.com/i/headshots/nfl/players/full/4037361.png,
Indianapolis Colts,roster,Hunter Wohler,saved,https://a.espncdn.com/i/headshots/nfl/players/full/4432789.png,
Indianapolis Colts,roster,Luke Rhodes,saved,https://a.espncdn.com/i/headshots/nfl/players/full/2566045.png,
Indianapolis Colts,roster,Rigoberto Sanchez,saved,https://a.espncdn.com/i/headshots/nfl/players/full/3914922.png,
Indianapolis Colts,roster,Spencer Shrader,saved,https://a.espncdn.com/i/headshots/nfl/players/full/4571557.png,
Indianapolis Colts,roster,Will Mallory,saved,https://a.espncdn.com/i/headshots/nfl/players/full/4362523.png,
Indianapolis Colts,roster,Sean McKeon,saved,https://a.espncdn.com/i/headshots/nfl/players/full/4036275.png,
Indianapolis Colts,roster,Cameron Mitchell,saved,https://a.espncdn.com/i/headshots/nfl/players/full/4569607.png,
Indianapolis Colts,roster,D.J. Montgomery,saved,https://a.espncdn.com/i/headshots/nfl/players/full/4249030.png,
Indianapolis Colts,roster,Carson Towt,saved,https://a.espncdn.com/i/headshots/nfl/players/full/4702120.png,
Indianapolis Colts,roster,Cameron Ball,saved,https://a.espncdn.com/i/headshots/nfl/players/full/4691878.png,
Indianapolis Colts,roster,Ulysses Bentley IV,saved,https://a.espncdn.com/i/headshots/nfl/players/full/4426689.png,
Indianapolis Colts,roster,Davon Booth,saved,https://a.espncdn.com/i/headshots/nfl/players/full/5153650.png,
Indianapolis Colts,roster,Pharaoh Brown,saved,https://a.espncdn.com/i/headshots/nfl/players/full/2971281.png,
Indianapolis Colts,roster,Anderson Castle,saved,https://a.espncdn.com/i/headshots/nfl/players/full/4612558.png,
Indianapolis Colts,roster,Johnathan Edwards,saved,https://a.espncdn.com/i/headshots/nfl/players/full/4695991.png,
Indianapolis Colts,roster,Kenny Fletcher Jr.,saved,https://a.espncdn.com/i/headshots/nfl/players/full/4746099.png,
Indianapolis Colts,roster,Reid Holskey,saved,https://a.espncdn.com/i/headshots/nfl/players/full/4429951.png,
Indianapolis Colts,roster,Roy Mbaeteka,saved,https://a.espncdn.com/i/headshots/nfl/players/full/5024661.png,
Indianapolis Colts,roster,Mitchell Melton,saved,https://a.espncdn.com/i/headshots/nfl/players/full/4693205.png,
Indianapolis Colts,roster,Nolan Rucci,saved,https://a.espncdn.com/i/headshots/nfl/players/full/4431587.png,
Indianapolis Colts,roster,Daniel Scott,saved,https://a.espncdn.com/i/headshots/nfl/players/full/4242415.png,
Indianapolis Colts,roster,Josh Sills,saved,https://a.espncdn.com/i/headshots/nfl/players/full/4039243.png,
Indianapolis Colts,roster,Trey Washington,saved,https://a.espncdn.com/i/headshots/nfl/players/full/4599160.png,
Indianapolis Colts,roster,West Weeks,saved,https://a.espncdn.com/i/headshots/nfl/players/full/4587724.png,
Indianapolis Colts,roster,Nick Westbrook-Ikhine,saved,https://a.espncdn.com/i/headshots/nfl/players/full/3929785.png,
Indianapolis Colts,staff,Shane Steichen,saved,https://static.clubs.nfl.com/image/upload/t_editorial_landscape_12_desktop/colts/ryl3kamnc06bddbsbk6e,"<urlopen error [Errno 8] nodename nor servname provided, or not known>"
Indianapolis Colts,staff,Lou Anarumo,saved,https://static.clubs.nfl.com/image/upload/t_headshot_desktop/f_auto/colts/iy4wfxmh6ijxu8diqjlf.jpg,
Indianapolis Colts,staff,Jim Bob Cooter,saved,https://static.clubs.nfl.com/image/upload/t_headshot_desktop/f_auto/colts/eu7y2ysdprgliwjwpwt9.jpg,
Indianapolis Colts,staff,Brian Mason,saved,https://static.clubs.nfl.com/image/upload/t_headshot_desktop/f_auto/colts/jb5hjujaagv1ww4sbgf8.jpg,
Indianapolis Colts,staff,James Bettcher,saved,https://static.clubs.nfl.com/image/upload/t_headshot_desktop/f_auto/colts/knvzxa569ql35z8lscxw.jpg,
Indianapolis Colts,staff,Mikey Blazejowski,saved,https://static.clubs.nfl.com/image/upload/t_headshot_desktop/f_auto/colts/dr2pqn3spnn05bny6wdy.jpg,
Indianapolis Colts,staff,Tyrell Brown,saved,https://static.clubs.nfl.com/image/upload/t_headshot_desktop/f_auto/colts/yucfrh4gfnpchp9opg4c.jpg,
Indianapolis Colts,staff,Jeremy Bruce,saved,https://static.clubs.nfl.com/image/upload/t_headshot_desktop/f_auto/colts/jwgf16gstjhsdqumiqdp.jpg,
Indianapolis Colts,staff,Isabel Diaz,saved,https://static.clubs.nfl.com/image/upload/t_headshot_desktop/f_auto/colts/myfxjqfudno2wvteffkw.jpg,
Indianapolis Colts,staff,Dillon Doyle,saved,https://static.clubs.nfl.com/image/upload/t_headshot_desktop/f_auto/colts/zzbomlhiyldn4hdedfi8.jpg,
Indianapolis Colts,staff,Zane Fakes,saved,https://static.clubs.nfl.com/image/upload/t_headshot_desktop/f_auto/colts/jf0rndufvir9onpcrxns.jpg,
Indianapolis Colts,staff,Joe Hastings,saved,https://static.clubs.nfl.com/image/upload/t_headshot_desktop/f_auto/colts/ysrcbo7jz4jqrvytsafu.jpg,
Indianapolis Colts,staff,Jerome Henderson,saved,https://static.clubs.nfl.com/image/upload/t_headshot_desktop/f_auto/colts/wmluvpdhbkkhx60qk4um.jpg,"<urlopen error [Errno 8] nodename nor servname provided, or not known>"
Indianapolis Colts,staff,Chris Hewitt,saved,https://static.clubs.nfl.com/image/upload/t_headshot_desktop/f_auto/colts/ue5pzh9hnlxjsaty4fme.jpg,
Indianapolis Colts,staff,Marion Hobby,saved,https://static.clubs.nfl.com/image/upload/t_headshot_desktop/f_auto/colts/pxvxbpgwinggpajyswmg.jpg,
Indianapolis Colts,staff,Richard Howell,saved,https://static.clubs.nfl.com/image/upload/t_headshot_desktop/f_auto/colts/sdpnsnybpv0cbiexu6dz.jpg,
Indianapolis Colts,staff,Kalon Humphries,saved,https://static.clubs.nfl.com/image/upload/t_headshot_desktop/f_auto/colts/vvmgtxmuhkdicji4q8aa.jpg,
Indianapolis Colts,staff,Aditya Krishnan,saved,https://static.clubs.nfl.com/image/upload/t_headshot_desktop/f_auto/colts/mjllqebnotcg6cy1e2cc.jpg,
Indianapolis Colts,staff,TJ Ingels,saved,https://static.clubs.nfl.com/image/upload/t_headshot_desktop/f_auto/colts/ha1tqofhssofdsqy3wpd.jpg,
Indianapolis Colts,staff,Cato June,saved,https://static.clubs.nfl.com/image/upload/t_headshot_desktop/f_auto/colts/mcqbw8k0tcmvrpildjn6.jpg,
Indianapolis Colts,staff,Sam Khym,saved,https://static.clubs.nfl.com/image/upload/t_headshot_desktop/f_auto/colts/e5tyauqd7d97xopw9wc0.jpg,
Indianapolis Colts,staff,Tom Manning,saved,https://static.clubs.nfl.com/image/upload/t_headshot_desktop/f_auto/colts/jhw35guylwwgdjwrge5o.jpg,
Indianapolis Colts,staff,Mike Minnis,saved,https://static.clubs.nfl.com/image/upload/t_headshot_desktop/f_auto/colts/steylwpejai3c9up2k9z.jpg,
Indianapolis Colts,staff,Diego Ortiz,saved,https://static.clubs.nfl.com/image/upload/t_headshot_desktop/f_auto/colts/ytxws67sskug8srmvhmj.jpg,
Indianapolis Colts,staff,DeAndre Smith,saved,https://static.clubs.nfl.com/image/upload/t_headshot_desktop/f_auto/colts/tm3rmju54nsucxxpkwdm.jpg,
Indianapolis Colts,staff,Tony Sparano Jr.,saved,https://static.clubs.nfl.com/image/upload/t_headshot_desktop/f_auto/colts/bhrophdxaetobaccd0zz.jpg,
Indianapolis Colts,staff,Brent Stockstill,saved,https://static.clubs.nfl.com/image/upload/t_headshot_desktop/f_auto/colts/hgtp7d2sv4jp8hldnbvq.jpg,
Indianapolis Colts,staff,Alex Tanney,saved,https://static.clubs.nfl.com/image/upload/t_headshot_desktop/f_auto/colts/n44e91tt8pfodetikn35.jpg,
Indianapolis Colts,staff,Cam Turner,saved,https://static.clubs.nfl.com/image/upload/t_headshot_desktop/f_auto/colts/lzf0u9epkuppjeq2cykc.jpg,
Indianapolis Colts,staff,Chris Watt,saved,https://static.clubs.nfl.com/image/upload/t_headshot_desktop/f_auto/colts/jhh0tcathcw0jq1owqia.jpg,
Indianapolis Colts,staff,Reggie Wayne,saved,https://static.clubs.nfl.com/image/upload/t_headshot_desktop/f_auto/colts/r3ksswe0lifuzchigkwf.jpg,
Jacksonville Jaguars,roster,Ameer Abdullah,saved,https://a.espncdn.com/i/headshots/nfl/players/full/2576336.png,
Jacksonville Jaguars,roster,LeQuint Allen Jr.,saved,https://a.espncdn.com/i/headshots/nfl/players/full/4911851.png,
Jacksonville Jaguars,roster,Nate Boerkircher,saved,https://a.espncdn.com/i/headshots/nfl/players/full/4686248.png,
Jacksonville Jaguars,roster,Josh Cameron,saved,https://a.espncdn.com/i/headshots/nfl/players/full/4879194.png,
Jacksonville Jaguars,roster,Ezra Cleveland,saved,https://a.espncdn.com/i/headshots/nfl/players/full/4048231.png,
Jacksonville Jaguars,roster,Quinn Ewers,saved,https://a.espncdn.com/i/headshots/nfl/players/full/4889929.png,
Jacksonville Jaguars,roster,Daniel Faalele,saved,https://a.espncdn.com/i/headshots/nfl/players/full/4360964.png,
Jacksonville Jaguars,roster,Robert Hainsey,saved,https://a.espncdn.com/i/headshots/nfl/players/full/4242391.png,
Jacksonville Jaguars,roster,Anton Harrison,saved,https://a.espncdn.com/i/headshots/nfl/players/full/4692525.png,
Jacksonville Jaguars,roster,Travis Hunter,saved,https://a.espncdn.com/i/headshots/nfl/players/full/4685415.png,
Jacksonville Jaguars,roster,Tanner Koziol,saved,https://a.espncdn.com/i/headshots/nfl/players/full/4917427.png,
Jacksonville Jaguars,roster,Trevor Lawrence,saved,https://a.espncdn.com/i/headshots/nfl/players/full/4360310.png,
Jacksonville Jaguars,roster,Walker Little,saved,https://a.espncdn.com/i/headshots/nfl/players/full/4242554.png,
Jacksonville Jaguars,roster,Jakobi Meyers,saved,https://a.espncdn.com/i/headshots/nfl/players/full/3916433.png,
Jacksonville Jaguars,roster,Wyatt Milum,saved,https://a.espncdn.com/i/headshots/nfl/players/full/4431463.png,
Jacksonville Jaguars,roster,Jonah Monheim,saved,https://a.espncdn.com/i/headshots/nfl/players/full/4430481.png,
Jacksonville Jaguars,roster,Quintin Morris,saved,https://a.espncdn.com/i/headshots/nfl/players/full/4244049.png,
Jacksonville Jaguars,roster,Nick Mullens,saved,https://a.espncdn.com/i/headshots/nfl/players/full/3059989.png,
Jacksonville Jaguars,roster,Emmanuel Pregnon,saved,https://a.espncdn.com/i/headshots/nfl/players/full/4608929.png,
Jacksonville Jaguars,roster,Chris Rodriguez Jr.,saved,https://a.espncdn.com/i/headshots/nfl/players/full/4362619.png,
Jacksonville Jaguars,roster,Brenton Strange,saved,https://a.espncdn.com/i/headshots/nfl/players/full/4430539.png,
Jacksonville Jaguars,roster,Brian Thomas Jr.,saved,https://a.espncdn.com/i/headshots/nfl/players/full/4432773.png,
Jacksonville Jaguars,roster,Bhayshul Tuten,saved,https://a.espncdn.com/i/headshots/nfl/players/full/4882093.png,
Jacksonville Jaguars,roster,Cole Van Lanen,saved,https://a.espncdn.com/i/headshots/nfl/players/full/4035791.png,
Jacksonville Jaguars,roster,Parker Washington,saved,https://a.espncdn.com/i/headshots/nfl/players/full/4432620.png,
Jacksonville Jaguars,roster,CJ Williams,saved,https://a.espncdn.com/i/headshots/nfl/players/full/5085024.png,
Jacksonville Jaguars,roster,Arik Armstead,saved,https://a.espncdn.com/i/headshots/nfl/players/full/2971275.png,
Jacksonville Jaguars,roster,Christian Braswell,saved,https://a.espncdn.com/i/headshots/nfl/players/full/4257580.png,
Jacksonville Jaguars,roster,Montaric Brown,saved,https://a.espncdn.com/i/headshots/nfl/players/full/4242149.png,
Jacksonville Jaguars,roster,Branson Combs,saved,https://a.espncdn.com/i/headshots/nfl/players/full/4572704.png,
Jacksonville Jaguars,roster,Matt Dickerson,saved,https://a.espncdn.com/i/headshots/nfl/players/full/3134316.png,
Jacksonville Jaguars,roster,Dennis Gardeck,saved,https://a.espncdn.com/i/headshots/nfl/players/full/4334300.png,
Jacksonville Jaguars,roster,DaVon Hamilton,saved,https://a.espncdn.com/i/headshots/nfl/players/full/3915520.png,
Jacksonville Jaguars,roster,Josh Hines-Allen,saved,https://a.espncdn.com/i/headshots/nfl/players/full/3915239.png,
Jacksonville Jaguars,roster,Jalen Huskey,saved,https://a.espncdn.com/i/headshots/nfl/players/full/4912185.png,
Jacksonville Jaguars,roster,Antonio Johnson,saved,https://a.espncdn.com/i/headshots/nfl/players/full/4429168.png,
Jacksonville Jaguars,roster,Jarrian Jones,saved,https://a.espncdn.com/i/headshots/nfl/players/full/4426448.png,
Jacksonville Jaguars,roster,Jack Kiser,saved,https://a.espncdn.com/i/headshots/nfl/players/full/4427716.png,
Jacksonville Jaguars,roster,Rayuan Lane III,saved,https://a.espncdn.com/i/headshots/nfl/players/full/4880675.png,
Jacksonville Jaguars,roster,Jourdan Lewis,saved,https://a.espncdn.com/i/headshots/nfl/players/full/3045207.png,
Jacksonville Jaguars,roster,Jalen McLeod,saved,https://a.espncdn.com/i/headshots/nfl/players/full/4576129.png,
Jacksonville Jaguars,roster,Ventrell Miller,saved,https://a.espncdn.com/i/headshots/nfl/players/full/4240610.png,
Jacksonville Jaguars,roster,Eric Murray,saved,https://a.espncdn.com/i/headshots/nfl/players/full/2970716.png,
Jacksonville Jaguars,roster,Foyesade Oluokun,saved,https://a.espncdn.com/i/headshots/nfl/players/full/3050073.png,
Jacksonville Jaguars,roster,Ruke Orhorhoro,saved,https://a.espncdn.com/i/headshots/nfl/players/full/4430271.png,
Jacksonville Jaguars,roster,Caleb Ransaw,saved,https://a.espncdn.com/i/headshots/nfl/players/full/4683347.png,
Jacksonville Jaguars,roster,Albert Regis,saved,https://a.espncdn.com/i/headshots/nfl/players/full/4612298.png,
Jacksonville Jaguars,roster,Danny Striggow,saved,https://a.espncdn.com/i/headshots/nfl/players/full/4573319.png,
Jacksonville Jaguars,roster,Jahlani Tavai,saved,https://a.espncdn.com/i/headshots/nfl/players/full/3124587.png,
Jacksonville Jaguars,roster,Bryan Thomas Jr.,saved,https://a.espncdn.com/i/headshots/nfl/players/full/4836472.png,
Jacksonville Jaguars,roster,Travon Walker,saved,https://a.espncdn.com/i/headshots/nfl/players/full/4426349.png,
Jacksonville Jaguars,roster,Wesley Williams,saved,https://a.espncdn.com/i/headshots/nfl/players/full/4832922.png,
Jacksonville Jaguars,roster,Logan Cooke,saved,https://a.espncdn.com/i/headshots/nfl/players/full/3115480.png,
Jacksonville Jaguars,roster,Cam Little,saved,https://a.espncdn.com/i/headshots/nfl/players/full/4686361.png,
Jacksonville Jaguars,roster,Ross Matiscik,saved,https://a.espncdn.com/i/headshots/nfl/players/full/3928931.png,
Jacksonville Jaguars,roster,Jared Bartlett,saved,https://a.espncdn.com/i/headshots/nfl/players/full/4426646.png,
Jacksonville Jaguars,roster,Garrett DiGiorgio,saved,https://a.espncdn.com/i/headshots/nfl/players/full/4684542.png,
Jacksonville Jaguars,roster,Zach Durfee,saved,https://a.espncdn.com/i/headshots/nfl/players/full/5121433.png,
Jacksonville Jaguars,roster,B.J. Green II,saved,https://a.espncdn.com/i/headshots/nfl/players/full/4875266.png,
Jacksonville Jaguars,roster,Parker Hughes,saved,https://a.espncdn.com/i/headshots/nfl/players/full/4880861.png,
Jacksonville Jaguars,roster,Devon Marshall,saved,https://a.espncdn.com/i/headshots/nfl/players/full/5083287.png,
Jacksonville Jaguars,roster,Patrick Mekari,saved,https://a.espncdn.com/i/headshots/nfl/players/full/3863820.png,
Jacksonville Jaguars,roster,Sam Mustipher,saved,https://a.espncdn.com/i/headshots/nfl/players/full/3129307.png,
Jacksonville Jaguars,roster,Joey Aguilar,saved,https://a.espncdn.com/i/headshots/nfl/players/full/5151948.png,
Jacksonville Jaguars,roster,T.J. Bollers,saved,https://a.espncdn.com/i/headshots/nfl/players/full/4431162.png,
Jacksonville Jaguars,roster,Geron Christian,saved,https://a.espncdn.com/i/headshots/nfl/players/full/3916414.png,
Jacksonville Jaguars,roster,Eli Cox,saved,https://a.espncdn.com/i/headshots/nfl/players/full/4426981.png,
Jacksonville Jaguars,roster,Tim Jones,saved,https://a.espncdn.com/i/headshots/nfl/players/full/4245131.png,
Jacksonville Jaguars,roster,Kaevon Merriweather,saved,https://a.espncdn.com/i/headshots/nfl/players/full/4360502.png,
Jacksonville Jaguars,roster,Jabbar Muhammad,saved,https://a.espncdn.com/i/headshots/nfl/players/full/4432440.png,
Jacksonville Jaguars,roster,Jimto Obidegwu,saved,https://a.espncdn.com/i/headshots/nfl/players/full/4684970.png,
Jacksonville Jaguars,roster,BJ Ojulari,saved,https://a.espncdn.com/i/headshots/nfl/players/full/4429111.png,
Jacksonville Jaguars,roster,Trebor Pena,saved,https://a.espncdn.com/i/headshots/nfl/players/full/4575862.png,
Jacksonville Jaguars,roster,Hayden Rucci,saved,https://a.espncdn.com/i/headshots/nfl/players/full/4428396.png,
Jacksonville Jaguars,roster,Cam'Ron Silmon-Craig,saved,https://a.espncdn.com/i/headshots/nfl/players/full/4877475.png,
Jacksonville Jaguars,roster,J'Mari Taylor,saved,https://a.espncdn.com/i/headshots/nfl/players/full/4713118.png,
Jacksonville Jaguars,roster,Austin Trammell,saved,https://a.espncdn.com/i/headshots/nfl/players/full/4244856.png,
Jacksonville Jaguars,roster,Michael Wortham,saved,https://a.espncdn.com/i/headshots/nfl/players/full/5152117.png,
Jacksonville Jaguars,roster,Kilian Zierer,saved,https://a.espncdn.com/i/headshots/nfl/players/full/4689088.png,
Jacksonville Jaguars,staff,Liam Coen,saved,https://static.clubs.nfl.com/image/upload/t_editorial_landscape_12_desktop/jaguars/flrzd3amfwdd3ga71dag,"<urlopen error [Errno 8] nodename nor servname provided, or not known>"
Jacksonville Jaguars,staff,Jay Kaiser,saved,https://static.clubs.nfl.com/image/upload/t_headshot_desktop/f_png/jaguars/a8ns61c4nzqcfn2audjv.png,
Jacksonville Jaguars,staff,Jon Dykema,saved,https://static.clubs.nfl.com/image/upload/t_headshot_desktop/f_auto/jaguars/b8yvovvp48hjfvyt9p1l.jpg,
Jacksonville Jaguars,staff,Josh Lima,saved,https://static.clubs.nfl.com/image/upload/t_headshot_desktop/f_auto/jaguars/i4vrqmy38hpflbqwogqs.jpg,
Jacksonville Jaguars,staff,Grant Udinski,saved,https://static.clubs.nfl.com/image/upload/t_editorial_landscape_6_desktop/f_auto/jaguars/rvhypeewchuulckrmh2g.jpg,"<urlopen error [Errno 8] nodename nor servname provided, or not known>"
Jacksonville Jaguars,staff,Shane Waldron,saved,https://static.clubs.nfl.com/image/upload/t_headshot_desktop/f_auto/jaguars/lo9guwiceiivgligwfu2.jpg,
Jacksonville Jaguars,staff,Brian Picucci,saved,https://static.clubs.nfl.com/image/upload/t_headshot_desktop/f_auto/jaguars/hrqbycvnjmu8moqsr1os.jpg,
Jacksonville Jaguars,staff,Spencer Whipple,saved,https://static.clubs.nfl.com/image/upload/t_headshot_desktop/f_auto/jaguars/n02jm0luyw7b7wlywn9i.jpg,
Jacksonville Jaguars,staff,Shaun Sarrett,saved,https://static.clubs.nfl.com/image/upload/t_headshot_desktop/f_auto/jaguars/hsyzfcu7orwpa5ewsrd5.jpg,
Jacksonville Jaguars,staff,Edgar Bennett,saved,https://static.clubs.nfl.com/image/upload/t_headshot_desktop/f_auto/jaguars/a0y9rdjn5af6wj77v0np.jpg,
Jacksonville Jaguars,staff,Richard Angulo,saved,https://static.clubs.nfl.com/image/upload/t_headshot_desktop/f_auto/jaguars/mrhnwnavesuoyycbkavu.jpg,
Jacksonville Jaguars,staff,Chad Morton,saved,https://static.clubs.nfl.com/image/upload/t_headshot_desktop/f_auto/jaguars/dwyzytqvxzc8yzvsbaib.jpg,
Jacksonville Jaguars,staff,John Van Dam,saved,https://static.clubs.nfl.com/image/upload/t_headshot_desktop/f_auto/jaguars/wd6dxcvyiohjjcimrbdg.jpg,
Jacksonville Jaguars,staff,Tyler Tettleton,saved,https://static.clubs.nfl.com/image/upload/t_headshot_desktop/f_auto/jaguars/bkibdglk9tccjvmknr8q.jpg,
Jacksonville Jaguars,staff,Trevor Mendelson,saved,https://static.clubs.nfl.com/image/upload/t_headshot_desktop/f_auto/jaguars/kl9n2axsrtuk3y7hgoxl.jpg,
Jacksonville Jaguars,staff,Fred Walker,saved,https://static.clubs.nfl.com/image/upload/t_headshot_desktop/f_auto/jaguars/pghm2mwncxqbb6ckvyzx.jpg,
Jacksonville Jaguars,staff,Anthony Campanile,saved,https://static.clubs.nfl.com/image/upload/t_editorial_landscape_6_desktop/f_auto/jaguars/a34vnsoax3xek289dlck.jpg,"<urlopen error [Errno 8] nodename nor servname provided, or not known>"
Jacksonville Jaguars,staff,Matt Edwards,saved,https://static.clubs.nfl.com/image/upload/t_headshot_desktop/f_auto/jaguars/c3zcx5i23hjsmw828c3s.jpg,
Jacksonville Jaguars,staff,Tem Lukabu,saved,https://static.clubs.nfl.com/image/upload/t_headshot_desktop/f_auto/jaguars/zoabqy4s2xbmuau5swiy.jpg,
Jacksonville Jaguars,staff,Mathieu Araujo,saved,https://static.clubs.nfl.com/image/upload/t_headshot_desktop/f_auto/jaguars/ft6tptemicqc1oztvk2o.jpg,
Jacksonville Jaguars,staff,Anthony Perkins,saved,https://static.clubs.nfl.com/image/upload/t_headshot_desktop/f_auto/jaguars/zpkidnxaenptarhnv871.jpg,
Jacksonville Jaguars,staff,Bill Sheridan,saved,https://static.clubs.nfl.com/image/upload/t_headshot_desktop/f_auto/jaguars/zpybo4t9ql14cx0rjfnk.jpg,
Jacksonville Jaguars,staff,Grant Morgan,saved,https://static.clubs.nfl.com/image/upload/t_headshot_desktop/f_auto/jaguars/ixlzwtw9ci5gfaggcrjm.jpg,
Jacksonville Jaguars,staff,Derrick LeBlanc,saved,https://static.clubs.nfl.com/image/upload/t_headshot_desktop/f_auto/jaguars/vhtytjvana1vdeyfjxsk.jpg,
Jacksonville Jaguars,staff,Kevin Wilkins,saved,https://static.clubs.nfl.com/image/upload/t_headshot_desktop/f_auto/jaguars/n6fybzqnvqu0tjpmoabb.jpg,
Jacksonville Jaguars,staff,Drew Lascari,saved,https://static.clubs.nfl.com/image/upload/t_headshot_desktop/f_auto/jaguars/n6l1ns9noeis4lp4xewy.jpg,
Jacksonville Jaguars,staff,Heath Farwell,saved,https://static.clubs.nfl.com/image/upload/t_editorial_landscape_6_desktop/f_auto/jaguars/wyahqbkamj65ie8xlybw.jpg,"<urlopen error [Errno 8] nodename nor servname provided, or not known>"
Jacksonville Jaguars,staff,Luke Thompson,saved,https://static.clubs.nfl.com/image/upload/t_headshot_desktop/f_auto/jaguars/spfk70ayauhqjem42tpk.jpg,
Kansas City Chiefs,roster,Cyrus Allen,saved,https://a.espncdn.com/i/headshots/nfl/players/full/4912218.png,
Kansas City Chiefs,roster,Kahlil Benson,saved,https://a.espncdn.com/i/headshots/nfl/players/full/4566190.png,
Kansas City Chiefs,roster,Jake Briningstool,saved,https://a.espncdn.com/i/headshots/nfl/players/full/4431196.png,
Kansas City Chiefs,roster,Mike Caliendo,saved,https://a.espncdn.com/i/headshots/nfl/players/full/4043039.png,
Kansas City Chiefs,roster,Joshua Ezeudu,saved,https://a.espncdn.com/i/headshots/nfl/players/full/4373280.png,
Kansas City Chiefs,roster,Justin Fields,saved,https://a.espncdn.com/i/headshots/nfl/players/full/4362887.png,
Kansas City Chiefs,roster,Noah Gray,saved,https://a.espncdn.com/i/headshots/nfl/players/full/4240472.png,
Kansas City Chiefs,roster,Creed Humphrey,saved,https://a.espncdn.com/i/headshots/nfl/players/full/4241385.png,
Kansas City Chiefs,roster,Emmett Johnson,saved,https://a.espncdn.com/i/headshots/nfl/players/full/4832955.png,
Kansas City Chiefs,roster,Travis Kelce,saved,https://a.espncdn.com/i/headshots/nfl/players/full/15847.png,
Kansas City Chiefs,roster,Patrick Mahomes,saved,https://a.espncdn.com/i/headshots/nfl/players/full/3139477.png,
Kansas City Chiefs,roster,Jaylon Moore,saved,https://a.espncdn.com/i/headshots/nfl/players/full/4043041.png,
Kansas City Chiefs,roster,Hunter Nourzad,saved,https://a.espncdn.com/i/headshots/nfl/players/full/4367645.png,
Kansas City Chiefs,roster,Nikko Remigio,saved,https://a.espncdn.com/i/headshots/nfl/players/full/4372716.png,
Kansas City Chiefs,roster,Rashee Rice,saved,https://a.espncdn.com/i/headshots/nfl/players/full/4428331.png,
Kansas City Chiefs,roster,Jalen Royals,saved,https://a.espncdn.com/i/headshots/nfl/players/full/5082630.png,
Kansas City Chiefs,roster,Brashard Smith,saved,https://a.espncdn.com/i/headshots/nfl/players/full/4596602.png,
Kansas City Chiefs,roster,Trey Smith,saved,https://a.espncdn.com/i/headshots/nfl/players/full/4242459.png,
Kansas City Chiefs,roster,Kingsley Suamataia,saved,https://a.espncdn.com/i/headshots/nfl/players/full/4431595.png,
Kansas City Chiefs,roster,Tyquan Thornton,saved,https://a.espncdn.com/i/headshots/nfl/players/full/4362921.png,
Kansas City Chiefs,roster,Ben VanSumeren,saved,https://a.espncdn.com/i/headshots/nfl/players/full/4372070.png,
Kansas City Chiefs,roster,Kenneth Walker III,saved,https://a.espncdn.com/i/headshots/nfl/players/full/4567048.png,
Kansas City Chiefs,roster,Xavier Worthy,saved,https://a.espncdn.com/i/headshots/nfl/players/full/4683062.png,
Kansas City Chiefs,roster,Felix Anudike-Uzomah,saved,https://a.espncdn.com/i/headshots/nfl/players/full/4612387.png,
Kansas City Chiefs,roster,Jeffrey Bassa,saved,https://a.espncdn.com/i/headshots/nfl/players/full/4602389.png,
Kansas City Chiefs,roster,Nick Bolton,saved,https://a.espncdn.com/i/headshots/nfl/players/full/4362759.png,
Kansas City Chiefs,roster,Jadon Canady,saved,https://a.espncdn.com/i/headshots/nfl/players/full/4710706.png,
Kansas City Chiefs,roster,Cole Christiansen,saved,https://a.espncdn.com/i/headshots/nfl/players/full/4036959.png,
Kansas City Chiefs,roster,Jack Cochrane,saved,https://a.espncdn.com/i/headshots/nfl/players/full/4249766.png,
Kansas City Chiefs,roster,Mansoor Delane,saved,https://a.espncdn.com/i/headshots/nfl/players/full/4880124.png,
Kansas City Chiefs,roster,Kristian Fulton,saved,https://a.espncdn.com/i/headshots/nfl/players/full/4035433.png,
Kansas City Chiefs,roster,Ashton Gillotte,saved,https://a.espncdn.com/i/headshots/nfl/players/full/4684432.png,
Kansas City Chiefs,roster,Alohi Gilman,saved,https://a.espncdn.com/i/headshots/nfl/players/full/4039413.png,
Kansas City Chiefs,roster,Marcus Harris,saved,https://a.espncdn.com/i/headshots/nfl/players/full/4573152.png,
Kansas City Chiefs,roster,Jaden Hicks,saved,https://a.espncdn.com/i/headshots/nfl/players/full/4685232.png,
Kansas City Chiefs,roster,Chris Jones,saved,https://a.espncdn.com/i/headshots/nfl/players/full/3044859.png,
Kansas City Chiefs,roster,George Karlaftis,saved,https://a.espncdn.com/i/headshots/nfl/players/full/4426659.png,
Kansas City Chiefs,roster,Xavier Nwankpa,saved,https://a.espncdn.com/i/headshots/nfl/players/full/4685491.png,
Kansas City Chiefs,roster,Chris Roland-Wallace,saved,https://a.espncdn.com/i/headshots/nfl/players/full/4428383.png,
Kansas City Chiefs,roster,L'Jarius Sneed,saved,https://a.espncdn.com/i/headshots/nfl/players/full/4040432.png,
Kansas City Chiefs,roster,R Mason Thomas,saved,https://a.espncdn.com/i/headshots/nfl/players/full/5081927.png,
Kansas City Chiefs,roster,Khyiris Tonga,saved,https://a.espncdn.com/i/headshots/nfl/players/full/4256074.png,
Kansas City Chiefs,roster,Drue Tranquill,saved,https://a.espncdn.com/i/headshots/nfl/players/full/3129310.png,
Kansas City Chiefs,roster,Nohl Williams,saved,https://a.espncdn.com/i/headshots/nfl/players/full/4610705.png,
Kansas City Chiefs,roster,Peter Woods,saved,https://a.espncdn.com/i/headshots/nfl/players/full/4871063.png,
Kansas City Chiefs,roster,Matt Araiza,saved,https://a.espncdn.com/i/headshots/nfl/players/full/4361496.png,
Kansas City Chiefs,roster,Harrison Butker,saved,https://a.espncdn.com/i/headshots/nfl/players/full/3055899.png,
Kansas City Chiefs,roster,James Winchester,saved,https://a.espncdn.com/i/headshots/nfl/players/full/16665.png,
Kansas City Chiefs,roster,Jeff Caldwell,saved,https://a.espncdn.com/i/headshots/nfl/players/full/4885466.png,
Kansas City Chiefs,roster,Ethan Downs,saved,https://a.espncdn.com/i/headshots/nfl/players/full/4431534.png,
Kansas City Chiefs,roster,John Michael Gyllenborg,saved,https://a.espncdn.com/i/headshots/nfl/players/full/4708490.png,
Kansas City Chiefs,roster,Jimmy Holiday,saved,https://a.espncdn.com/i/headshots/nfl/players/full/4431142.png,
Kansas City Chiefs,roster,Cooper McDonald,saved,https://a.espncdn.com/i/headshots/nfl/players/full/4567826.png,
Kansas City Chiefs,roster,Omarr Norman-Lott,saved,https://a.espncdn.com/i/headshots/nfl/players/full/4591008.png,
Kansas City Chiefs,roster,Matt Waletzko,saved,https://a.espncdn.com/i/headshots/nfl/players/full/4370876.png,
Kansas City Chiefs,roster,Andrew Armstrong,saved,https://a.espncdn.com/i/headshots/nfl/players/full/5093923.png,
Kansas City Chiefs,roster,Nathan Carter,saved,https://a.espncdn.com/i/headshots/nfl/players/full/4605841.png,
Kansas City Chiefs,roster,Ethan Driskell,saved,https://a.espncdn.com/i/headshots/nfl/players/full/4571627.png,
Kansas City Chiefs,roster,Omari Evans,saved,https://a.espncdn.com/i/headshots/nfl/players/full/4702908.png,
Kansas City Chiefs,roster,Michael Heldman,saved,https://a.espncdn.com/i/headshots/nfl/players/full/4705926.png,
Kansas City Chiefs,roster,Cam Jones,saved,https://a.espncdn.com/i/headshots/nfl/players/full/4371959.png,
Kansas City Chiefs,roster,Kader Kohou,saved,https://a.espncdn.com/i/headshots/nfl/players/full/4291489.png,
Kansas City Chiefs,roster,Pete Nygra,saved,https://a.espncdn.com/i/headshots/nfl/players/full/4682626.png,
Kansas City Chiefs,roster,Emmanuel Ogbah,saved,https://a.espncdn.com/i/headshots/nfl/players/full/2977740.png,
Kansas City Chiefs,roster,Jaydn Ott,saved,https://a.espncdn.com/i/headshots/nfl/players/full/4685489.png,
Kansas City Chiefs,roster,D'Arco Perkins-McAllister,saved,https://a.espncdn.com/i/headshots/nfl/players/full/4880312.png,
Kansas City Chiefs,roster,DeShon Singleton,saved,https://a.espncdn.com/i/headshots/nfl/players/full/5081093.png,
Kansas City Chiefs,roster,Tyreke Smith,saved,https://a.espncdn.com/i/headshots/nfl/players/full/4361340.png,
Kansas City Chiefs,roster,Melvin Smith Jr.,saved,https://a.espncdn.com/i/headshots/nfl/players/full/5278708.png,
Kansas City Chiefs,staff,Andy Reid,saved,https://a.espncdn.com/i/headshots/nfl/coaches/65/17553.jpg,
Kansas City Chiefs,staff,Dave Toub,saved,https://static.clubs.nfl.com/image/upload/t_headshot_desktop/f_auto/chiefs/za8x1xxvglmkq5mzet3n.jpg,
Kansas City Chiefs,staff,Eric Bieniemy,saved,https://static.clubs.nfl.com/image/private/t_headshot_desktop/f_auto/chiefs/sje0p8bmqimlyc3jrzrc.jpg,"<urlopen error [Errno 8] nodename nor servname provided, or not known>"
Kansas City Chiefs,staff,Steve Spagnuolo,saved,https://static.clubs.nfl.com/image/private/t_headshot_desktop/f_auto/v1558552489/chiefs/q8xacaiuqnaojqqrertp.jpg,"<urlopen error [Errno 8] nodename nor servname provided, or not known>"
Kansas City Chiefs,staff,Rick Burkholder,saved,https://static.clubs.nfl.com/image/private/t_headshot_desktop/f_auto/v1618941701/chiefs/zqavjedursrqwuzkwvjy.jpg,"<urlopen error [Errno 8] nodename nor servname provided, or not known>"
Kansas City Chiefs,staff,Joe Bleymaier,saved,https://static.clubs.nfl.com/image/private/t_headshot_desktop/f_auto/chiefs/zgjadnyhpr5puss5bi5h.jpg,"<urlopen error [Errno 8] nodename nor servname provided, or not known>"
Kansas City Chiefs,staff,Terry Bradden,saved,https://static.clubs.nfl.com/image/private/t_headshot_desktop/f_auto/chiefs/f9yy4u7xz9aqrjtnip7k.jpg,"<urlopen error [Errno 8] nodename nor servname provided, or not known>"
Kansas City Chiefs,staff,Greg Carbin,saved,https://static.clubs.nfl.com/image/private/t_headshot_desktop/f_auto/v1561490802/chiefs/qejk6kfiilxodextnzek.jpg,"<urlopen error [Errno 8] nodename nor servname provided, or not known>"
Kansas City Chiefs,staff,Nick Cassetta,saved,https://static.clubs.nfl.com/image/private/t_headshot_desktop/f_auto/chiefs/krfvxte4mn2g9ckp9xt0.jpg,"<urlopen error [Errno 8] nodename nor servname provided, or not known>"
Kansas City Chiefs,staff,CJ Cox,saved,https://static.clubs.nfl.com/image/upload/t_headshot_desktop/f_png/chiefs/vrk1jviqu7dpg0zcfuuu.png,
Kansas City Chiefs,staff,Joe Cullen,saved,https://static.clubs.nfl.com/image/private/t_headshot_desktop/f_auto/chiefs/mwkoqcjrvcr1wojy1h4t.jpg,"<urlopen error [Errno 8] nodename nor servname provided, or not known>"
Kansas City Chiefs,staff,Andre Curtis,saved,https://static.clubs.nfl.com/image/upload/t_headshot_desktop/f_auto/chiefs/zlynsoh7nxxol362xuuj.jpg,
Kansas City Chiefs,staff,Brendan Daly,saved,https://static.clubs.nfl.com/image/private/t_headshot_desktop/f_auto/chiefs/bjpipa6th6xawh8y1mkt.jpg,"<urlopen error [Errno 8] nodename nor servname provided, or not known>"
Kansas City Chiefs,staff,Porter Ellett,saved,https://static.clubs.nfl.com/image/private/t_headshot_desktop/f_auto/chiefs/arhoogaqgdvo7os6mlms.jpg,"<urlopen error [Errno 8] nodename nor servname provided, or not known>"
Kansas City Chiefs,staff,Mike Frazier,saved,https://static.clubs.nfl.com/image/private/t_headshot_desktop/f_auto/chiefs/zuixcmqltvllaj4hfuyg.jpg,"<urlopen error [Errno 8] nodename nor servname provided, or not known>"
Kansas City Chiefs,staff,David Girardi,saved,https://static.clubs.nfl.com/image/private/t_headshot_desktop/f_auto/chiefs/wuq41qyzz1l8of1wzh21.jpg,"<urlopen error [Errno 8] nodename nor servname provided, or not known>"
Kansas City Chiefs,staff,Andy Heck,saved,https://static.clubs.nfl.com/image/private/t_headshot_desktop/f_auto/chiefs/ubq49p3wche56fesv8k5.jpg,"<urlopen error [Errno 8] nodename nor servname provided, or not known>"
Kansas City Chiefs,staff,Matt House,saved,https://static.clubs.nfl.com/image/private/t_headshot_desktop/f_auto/chiefs/cpmjivruu1drarkddmpp.jpg,"<urlopen error [Errno 8] nodename nor servname provided, or not known>"
Kansas City Chiefs,staff,Corey Matthaei,saved,https://static.clubs.nfl.com/image/private/t_headshot_desktop/f_auto/v1618941760/chiefs/l5dnovtowh3w9uo1be9m.jpg,"<urlopen error [Errno 8] nodename nor servname provided, or not known>"
Kansas City Chiefs,staff,Tom Melvin,saved,https://static.clubs.nfl.com/image/private/t_headshot_desktop/f_auto/chiefs/wtx4colf7w9ctvbir6vp.jpg,"<urlopen error [Errno 8] nodename nor servname provided, or not known>"
Kansas City Chiefs,staff,Dave Merritt,saved,https://static.clubs.nfl.com/image/private/t_headshot_desktop/f_auto/chiefs/igshf3fk6ujh2tj8dkho.jpg,"<urlopen error [Errno 8] nodename nor servname provided, or not known>"
Kansas City Chiefs,staff,DeMarco Murray,saved,https://static.clubs.nfl.com/image/upload/t_headshot_desktop/f_png/chiefs/xahnhnzfrqhiwknubp4z.png,
Kansas City Chiefs,staff,Chris Orr,saved,https://static.clubs.nfl.com/image/upload/t_headshot_desktop/f_auto/chiefs/hbwwheqaip3ysb2nwn2u.jpg,
Kansas City Chiefs,staff,Chad O'Shea,saved,https://static.clubs.nfl.com/image/upload/t_headshot_desktop/f_png/chiefs/e47n9yk2m0jag4plj2hw.png,
Kansas City Chiefs,staff,Nate Pagan,saved,https://static.clubs.nfl.com/image/upload/t_headshot_desktop/f_png/chiefs/vtgzafsgodqpqgg4om3b.png,
Kansas City Chiefs,staff,Spencer Reid,saved,https://static.clubs.nfl.com/image/private/t_headshot_desktop/f_auto/chiefs/s9dymiskuyxawolor6w1.jpg,"<urlopen error [Errno 8] nodename nor servname provided, or not known>"
Kansas City Chiefs,staff,Ryan Reynolds,saved,https://static.clubs.nfl.com/image/private/t_headshot_desktop/f_auto/v1618941728/chiefs/j8ui8eprc5cv4z2vgrib.jpg,"<urlopen error [Errno 8] nodename nor servname provided, or not known>"
Kansas City Chiefs,staff,Marc Richards,saved,https://static.clubs.nfl.com/image/private/t_headshot_desktop/f_auto/chiefs/sf00qvmwxg2s2obxptmn.jpg,"<urlopen error [Errno 8] nodename nor servname provided, or not known>"
Kansas City Chiefs,staff,Dylan Street,saved,https://static.clubs.nfl.com/image/upload/t_headshot_desktop/f_auto/chiefs/thi1xvid5tf4icpfwrfb.jpg,
Kansas City Chiefs,staff,Dan Williams,saved,https://static.clubs.nfl.com/image/private/t_headshot_desktop/f_auto/chiefs/gh0zindt0cnzlkioz4se.jpg,"<urlopen error [Errno 8] nodename nor servname provided, or not known>"
Las Vegas Raiders,roster,Jack Bech,saved,https://a.espncdn.com/i/headshots/nfl/players/full/4603186.png,
Las Vegas Raiders,roster,Malik Benson,saved,https://a.espncdn.com/i/headshots/nfl/players/full/5150247.png,
Las Vegas Raiders,roster,Brock Bowers,saved,https://a.espncdn.com/i/headshots/nfl/players/full/4432665.png,
Las Vegas Raiders,roster,Spencer Burford,saved,https://a.espncdn.com/i/headshots/nfl/players/full/4362999.png,
Las Vegas Raiders,roster,Bryce Cabeldue,saved,https://a.espncdn.com/i/headshots/nfl/players/full/4612077.png,
Las Vegas Raiders,roster,Kirk Cousins,saved,https://a.espncdn.com/i/headshots/nfl/players/full/14880.png,
Las Vegas Raiders,roster,DJ Glaze,saved,https://a.espncdn.com/i/headshots/nfl/players/full/4606683.png,
Las Vegas Raiders,roster,Charles Grant,saved,https://a.espncdn.com/i/headshots/nfl/players/full/4694505.png,
Las Vegas Raiders,roster,Connor Heyward,saved,https://a.espncdn.com/i/headshots/nfl/players/full/4241961.png,
Las Vegas Raiders,roster,Ashton Jeanty,saved,https://a.espncdn.com/i/headshots/nfl/players/full/4890973.png,
Las Vegas Raiders,roster,Dylan Laube,saved,https://a.espncdn.com/i/headshots/nfl/players/full/4366963.png,
Las Vegas Raiders,roster,Tyler Linderbaum,saved,https://a.espncdn.com/i/headshots/nfl/players/full/4360499.png,
Las Vegas Raiders,roster,Michael Mayer,saved,https://a.espncdn.com/i/headshots/nfl/players/full/4429086.png,
Las Vegas Raiders,roster,Fernando Mendoza,saved,https://a.espncdn.com/i/headshots/nfl/players/full/4837248.png,
Las Vegas Raiders,roster,Kolton Miller,saved,https://a.espncdn.com/i/headshots/nfl/players/full/3134312.png,
Las Vegas Raiders,roster,Chris Myarick,saved,https://a.espncdn.com/i/headshots/nfl/players/full/3138744.png,
Las Vegas Raiders,roster,Jalen Nailor,saved,https://a.espncdn.com/i/headshots/nfl/players/full/4382466.png,
Las Vegas Raiders,roster,Aidan O'Connell,saved,https://a.espncdn.com/i/headshots/nfl/players/full/4260394.png,
Las Vegas Raiders,roster,Jackson Powers-Johnson,saved,https://a.espncdn.com/i/headshots/nfl/players/full/4875295.png,
Las Vegas Raiders,roster,Caleb Rogers,saved,https://a.espncdn.com/i/headshots/nfl/players/full/4433889.png,
Las Vegas Raiders,roster,Ian Thomas,saved,https://a.espncdn.com/i/headshots/nfl/players/full/4045305.png,
Las Vegas Raiders,roster,Tre Tucker,saved,https://a.espncdn.com/i/headshots/nfl/players/full/4428718.png,
Las Vegas Raiders,roster,Mike Washington Jr.,saved,https://a.espncdn.com/i/headshots/nfl/players/full/4686658.png,
Las Vegas Raiders,roster,Cody White,saved,https://a.espncdn.com/i/headshots/nfl/players/full/4241983.png,
Las Vegas Raiders,roster,Dareke Young,saved,https://a.espncdn.com/i/headshots/nfl/players/full/4401805.png,
Las Vegas Raiders,roster,Trey Zuhn III,saved,https://a.espncdn.com/i/headshots/nfl/players/full/4431623.png,
Las Vegas Raiders,roster,Thomas Booker IV,saved,https://a.espncdn.com/i/headshots/nfl/players/full/4360749.png,
Las Vegas Raiders,roster,Adam Butler,saved,https://a.espncdn.com/i/headshots/nfl/players/full/2972342.png,
Las Vegas Raiders,roster,Jeremy Chinn,saved,https://a.espncdn.com/i/headshots/nfl/players/full/4043169.png,
Las Vegas Raiders,roster,Maxx Crosby,saved,https://a.espncdn.com/i/headshots/nfl/players/full/3916655.png,
Las Vegas Raiders,roster,Nakobe Dean,saved,https://a.espncdn.com/i/headshots/nfl/players/full/4426340.png,
Las Vegas Raiders,roster,Tommy Eichenberg,saved,https://a.espncdn.com/i/headshots/nfl/players/full/4429560.png,
Las Vegas Raiders,roster,Folorunso Fatukasi,saved,https://a.espncdn.com/i/headshots/nfl/players/full/3045172.png,
Las Vegas Raiders,roster,Tonka Hemingway,saved,https://a.espncdn.com/i/headshots/nfl/players/full/4429109.png,
Las Vegas Raiders,roster,Dalton Johnson,saved,https://a.espncdn.com/i/headshots/nfl/players/full/4682488.png,
Las Vegas Raiders,roster,Patrick Johnson,saved,https://a.espncdn.com/i/headshots/nfl/players/full/4243916.png,
Las Vegas Raiders,roster,Taron Johnson,saved,https://a.espncdn.com/i/headshots/nfl/players/full/3121003.png,
Las Vegas Raiders,roster,Malcolm Koonce,saved,https://a.espncdn.com/i/headshots/nfl/players/full/4239719.png,
Las Vegas Raiders,roster,Jonah Laulu,saved,https://a.espncdn.com/i/headshots/nfl/players/full/4373956.png,
Las Vegas Raiders,roster,Cody Lindenberg,saved,https://a.espncdn.com/i/headshots/nfl/players/full/4685126.png,
Las Vegas Raiders,roster,Darrell Luter Jr.,saved,https://a.espncdn.com/i/headshots/nfl/players/full/4685978.png,
Las Vegas Raiders,roster,Hezekiah Masses,saved,https://a.espncdn.com/i/headshots/nfl/players/full/4917354.png,
Las Vegas Raiders,roster,Tristin McCollum,saved,https://a.espncdn.com/i/headshots/nfl/players/full/4250393.png,
Las Vegas Raiders,roster,Jermod McCoy,saved,https://a.espncdn.com/i/headshots/nfl/players/full/5157289.png,
Las Vegas Raiders,roster,Segun Olubi,saved,https://a.espncdn.com/i/headshots/nfl/players/full/4260703.png,
Las Vegas Raiders,roster,Kwity Paye,saved,https://a.espncdn.com/i/headshots/nfl/players/full/4258194.png,
Las Vegas Raiders,roster,JJ Pegues,saved,https://a.espncdn.com/i/headshots/nfl/players/full/4430896.png,
Las Vegas Raiders,roster,Isaiah Pola-Mao,saved,https://a.espncdn.com/i/headshots/nfl/players/full/4259632.png,
Las Vegas Raiders,roster,Darien Porter,saved,https://a.espncdn.com/i/headshots/nfl/players/full/4430330.png,
Las Vegas Raiders,roster,Eric Stokes,saved,https://a.espncdn.com/i/headshots/nfl/players/full/4259561.png,
Las Vegas Raiders,roster,Treydan Stukes,saved,https://a.espncdn.com/i/headshots/nfl/players/full/4697757.png,
Las Vegas Raiders,roster,Quay Walker,saved,https://a.espncdn.com/i/headshots/nfl/players/full/4379416.png,
Las Vegas Raiders,roster,AJ Cole,saved,https://a.espncdn.com/i/headshots/nfl/players/full/3686689.png,
Las Vegas Raiders,roster,Matt Gay,saved,https://a.espncdn.com/i/headshots/nfl/players/full/4249087.png,
Las Vegas Raiders,roster,Alex Ward,saved,https://a.espncdn.com/i/headshots/nfl/players/full/4243545.png,
Las Vegas Raiders,roster,Chigozie Anusiem,saved,https://a.espncdn.com/i/headshots/nfl/players/full/4360475.png,
Las Vegas Raiders,roster,Chris Collier,saved,https://a.espncdn.com/i/headshots/nfl/players/full/4698191.png,
Las Vegas Raiders,roster,Keyron Crawford,saved,https://a.espncdn.com/i/headshots/nfl/players/full/4911904.png,
Las Vegas Raiders,roster,Brennan Jackson,saved,https://a.espncdn.com/i/headshots/nfl/players/full/4373471.png,
Las Vegas Raiders,roster,Justin Pickett,saved,https://a.espncdn.com/i/headshots/nfl/players/full/4688538.png,
Las Vegas Raiders,roster,Corey Rucker,saved,https://a.espncdn.com/i/headshots/nfl/players/full/4433901.png,
Las Vegas Raiders,roster,Carter Runyon,saved,https://a.espncdn.com/i/headshots/nfl/players/full/5155825.png,
Las Vegas Raiders,roster,Justin Shorter,saved,https://a.espncdn.com/i/headshots/nfl/players/full/4361426.png,
Las Vegas Raiders,roster,Dont'e Thornton Jr.,saved,https://a.espncdn.com/i/headshots/nfl/players/full/4432775.png,
Las Vegas Raiders,roster,Ronnie Bell,saved,https://a.espncdn.com/i/headshots/nfl/players/full/4372063.png,
Las Vegas Raiders,roster,Brandon Cleveland,saved,https://a.espncdn.com/i/headshots/nfl/players/full/4685305.png,
Las Vegas Raiders,roster,Patrick Gurd,saved,https://a.espncdn.com/i/headshots/nfl/players/full/4693208.png,
Las Vegas Raiders,roster,Roman Hemby,saved,https://a.espncdn.com/i/headshots/nfl/players/full/4688835.png,
Las Vegas Raiders,roster,Niklas Henning,saved,https://a.espncdn.com/i/headshots/nfl/players/full/5348412.png,
Las Vegas Raiders,roster,Tim Keenan III,saved,https://a.espncdn.com/i/headshots/nfl/players/full/4431414.png,
Las Vegas Raiders,roster,Kansei Matsuzawa,saved,https://a.espncdn.com/i/headshots/nfl/players/full/5158921.png,
Las Vegas Raiders,roster,Cameron McGrone,saved,https://a.espncdn.com/i/headshots/nfl/players/full/4372085.png,
Las Vegas Raiders,roster,Evan Neal,saved,https://a.espncdn.com/i/headshots/nfl/players/full/4567134.png,
Las Vegas Raiders,roster,Dare Ogunbowale,saved,https://a.espncdn.com/i/headshots/nfl/players/full/2983509.png,
Las Vegas Raiders,roster,Azeez Ojulari,saved,https://a.espncdn.com/i/headshots/nfl/players/full/4379409.png,
Las Vegas Raiders,roster,Will Putnam,saved,https://a.espncdn.com/i/headshots/nfl/players/full/4426393.png,
Las Vegas Raiders,roster,Cian Slone,saved,https://a.espncdn.com/i/headshots/nfl/players/full/5153665.png,
Las Vegas Raiders,roster,Deven Thompkins,saved,https://a.espncdn.com/i/headshots/nfl/players/full/4374187.png,
Las Vegas Raiders,roster,Greedy Vance,saved,https://a.espncdn.com/i/headshots/nfl/players/full/4686337.png,
Las Vegas Raiders,staff,Klint Kubiak,saved,https://static.clubs.nfl.com/image/upload/t_editorial_landscape_6_desktop/f_auto/raiders/cemhaxoqp1pajpx8yjp7.jpg,"<urlopen error [Errno 8] nodename nor servname provided, or not known>"
Las Vegas Raiders,staff,Mike McCoy,saved,https://static.clubs.nfl.com/image/upload/t_headshot_desktop/f_auto/raiders/atal1fxtmcvuh7mnusfo.jpg,
Las Vegas Raiders,staff,Matt Capurro,saved,https://static.clubs.nfl.com/image/upload/t_headshot_desktop/f_auto/raiders/ic1rsxlbzv84kijxptry.jpg,
Las Vegas Raiders,staff,Rohit Mogalayapalli,saved,https://static.clubs.nfl.com/image/upload/t_headshot_desktop/f_auto/v1779917164/raiders/osgvn1nd8z6pt3zn8pyl.jpg,
Las Vegas Raiders,staff,Andrew Janocko,saved,https://static.clubs.nfl.com/image/upload/t_headshot_desktop/f_auto/v1779901209/raiders/fm00ayizan3vlhbsz7pp.jpg,
Las Vegas Raiders,staff,Zach Azzanni,saved,https://static.clubs.nfl.com/image/upload/t_headshot_desktop/f_auto/raiders/kbckg7ouyswkzkfjjy0w.jpg,
Las Vegas Raiders,staff,Pete Collins,saved,https://static.clubs.nfl.com/image/upload/t_headshot_desktop/f_auto/v1779646413/raiders/rmztmohjoxhuqvofdr1g.jpg,
Las Vegas Raiders,staff,Rick Dennison,saved,https://static.clubs.nfl.com/image/upload/t_headshot_desktop/f_auto/v1780626194/raiders/bwm2byjxuahz8ax3jr5k.jpg,
Las Vegas Raiders,staff,Nick Holz,saved,https://static.clubs.nfl.com/image/upload/t_headshot_desktop/f_auto/raiders/ln83iuxr3aapoqjhwwpd.jpg,
Las Vegas Raiders,staff,Mario Jeberaeel,saved,https://static.clubs.nfl.com/image/upload/t_headshot_desktop/f_auto/v1780626144/raiders/totx4pn7tcwgrthtqpj1.jpg,
Las Vegas Raiders,staff,Conner McQueen,saved,https://static.clubs.nfl.com/image/upload/t_headshot_desktop/f_auto/v1779901316/raiders/utox5mtghvf3h5xqe2dl.jpg,
Las Vegas Raiders,staff,Luke Steckel,saved,https://static.clubs.nfl.com/image/upload/t_headshot_desktop/f_auto/raiders/ypy8pgulntce8rptrrbx.jpg,
Las Vegas Raiders,staff,Mike Sullivan,saved,https://static.clubs.nfl.com/image/upload/t_headshot_desktop/f_auto/v1779646477/raiders/mrecqa4ylhhrt76cufkp.jpg,
Las Vegas Raiders,staff,Ben Wilkerson,saved,https://static.clubs.nfl.com/image/upload/t_headshot_desktop/f_auto/raiders/ottymvc2wsths56vzhm7.jpg,
Las Vegas Raiders,staff,Omar Young,saved,https://static.clubs.nfl.com/image/upload/t_headshot_desktop/f_auto/raiders/wrykuzxy9mumjcuhfzux.jpg,
Las Vegas Raiders,staff,Tim Zetts,saved,https://static.clubs.nfl.com/image/upload/t_headshot_desktop/f_auto/v1779646510/raiders/uafi2kkzgi1paf0bosut.jpg,
Las Vegas Raiders,staff,Torrey Gill,saved,https://static.clubs.nfl.com/image/upload/t_headshot_desktop/f_auto/raiders/rl3u12ga22tg0jihudbj.jpg,"<urlopen error [Errno 8] nodename nor servname provided, or not known>"
Las Vegas Raiders,staff,Rob Leonard,saved,https://static.clubs.nfl.com/image/upload/t_headshot_desktop/f_auto/v1780958225/raiders/ekvlakdrktsi4gst1xac.jpg,
Las Vegas Raiders,staff,Steve Ferentz,saved,https://static.clubs.nfl.com/image/upload/t_headshot_desktop/f_auto/v1779646531/raiders/dbztn3gaikckswyftetn.jpg,
Las Vegas Raiders,staff,Drew Gaither,saved,https://static.clubs.nfl.com/image/upload/t_headshot_desktop/f_auto/v1780628809/raiders/niqfhwml2yka5yaxhmqf.jpg,
Las Vegas Raiders,staff,Cody Grimm,saved,https://static.clubs.nfl.com/image/upload/t_headshot_desktop/f_auto/v1780954347/raiders/edlfmzsccsqfxmmg8n7h.jpg,
Las Vegas Raiders,staff,Al Holcomb,saved,https://static.clubs.nfl.com/image/upload/t_headshot_desktop/f_auto/raiders/wurr5miadthbyy7hjae9.jpg,
Las Vegas Raiders,staff,Kenyon Jackson,saved,https://static.clubs.nfl.com/image/upload/t_headshot_desktop/f_auto/raiders/bhsaii2dcxp1ni51emws.jpg,
Las Vegas Raiders,staff,Ketner Kupp,saved,https://static.clubs.nfl.com/image/upload/t_headshot_desktop/f_auto/v1780628832/raiders/zhrraw7pscgle0dalqpj.jpg,
Las Vegas Raiders,staff,Matt Robinson,saved,https://static.clubs.nfl.com/image/upload/t_headshot_desktop/f_auto/v1779813049/raiders/bgdrkkpjarklfhanl8cw.jpg,
Las Vegas Raiders,staff,Travis Smith,saved,https://static.clubs.nfl.com/image/upload/t_headshot_desktop/f_auto/v1779813082/raiders/gsreilphpstvy4158tyy.jpg,
Las Vegas Raiders,staff,Ronell Williams,saved,https://static.clubs.nfl.com/image/upload/t_headshot_desktop/f_auto/raiders/hdlpja4qvsa2oin5sldp.jpg,
Las Vegas Raiders,staff,Joe Woods,saved,https://static.clubs.nfl.com/image/upload/t_headshot_desktop/f_auto/v1740432005/raiders/x6l8ppcgv62izgqytk23.jpg,
Las Vegas Raiders,staff,Joe DeCamillis,saved,https://static.clubs.nfl.com/image/upload/t_headshot_desktop/f_auto/v1780955042/raiders/gci0bswjhyovxaxqxw5m.jpg,
Las Vegas Raiders,staff,Marquice Williams,saved,https://static.clubs.nfl.com/image/upload/t_headshot_desktop/f_auto/raiders/bjwc0ndhogkx3fj5bgmi.jpg,
Las Vegas Raiders,staff,Tim McConnell,saved,https://static.clubs.nfl.com/image/upload/t_headshot_desktop/f_auto/raiders/wp6pjxfqsgqngoqf9fhz.jpg,
Las Vegas Raiders,staff,A.J. Neibel,saved,https://static.clubs.nfl.com/image/upload/t_headshot_desktop/f_auto/raiders/dswoqcgd8fxxsrrwvfxr.jpg,
Las Vegas Raiders,staff,Rick Slate,saved,https://static.clubs.nfl.com/image/upload/t_headshot_desktop/f_auto/raiders/cpscmgw2vtfgkyhlgczr.jpg,
Las Vegas Raiders,staff,Deuce Gruden,saved,https://static.clubs.nfl.com/image/upload/t_headshot_desktop/f_auto/raiders/lgpgkoucropeuwywrijq.jpg,
Las Vegas Raiders,staff,Matthew Fyle,saved,https://static.clubs.nfl.com/image/upload/t_headshot_desktop/f_auto/raiders/ivavafipgirgcxchxyhn.jpg,"<urlopen error [Errno 8] nodename nor servname provided, or not known>"
Las Vegas Raiders,staff,Haley Roberts,saved,https://static.clubs.nfl.com/image/upload/t_headshot_desktop/f_auto/v1753729437/raiders/b1oix2cxnw8neivithza.jpg,"<urlopen error [Errno 8] nodename nor servname provided, or not known>"
Las Vegas Raiders,staff,Tevin Duncan,saved,https://static.clubs.nfl.com/image/upload/t_headshot_desktop/f_auto/v1778097521/raiders/lcldxzopjbb3togs5cip.jpg,"<urlopen error [Errno 8] nodename nor servname provided, or not known>"
Los Angeles Chargers,roster,Joe Alt,saved,https://a.espncdn.com/i/headshots/nfl/players/full/4683487.png,
Los Angeles Chargers,roster,Kayode Awosika,saved,https://a.espncdn.com/i/headshots/nfl/players/full/4040842.png,
Los Angeles Chargers,roster,Tyler Biadasz,saved,https://a.espncdn.com/i/headshots/nfl/players/full/4035788.png,
Los Angeles Chargers,roster,Travis Burke,saved,https://a.espncdn.com/i/headshots/nfl/players/full/4876658.png,
Los Angeles Chargers,roster,Derius Davis,saved,https://a.espncdn.com/i/headshots/nfl/players/full/4362477.png,
Los Angeles Chargers,roster,Oronde Gadsden,saved,https://a.espncdn.com/i/headshots/nfl/players/full/4595342.png,
Los Angeles Chargers,roster,Omarion Hampton,saved,https://a.espncdn.com/i/headshots/nfl/players/full/4685382.png,
Los Angeles Chargers,roster,Alex Harkey,saved,https://a.espncdn.com/i/headshots/nfl/players/full/5082660.png,
Los Angeles Chargers,roster,Tre' Harris,saved,https://a.espncdn.com/i/headshots/nfl/players/full/4686612.png,
Los Angeles Chargers,roster,Justin Herbert,saved,https://a.espncdn.com/i/headshots/nfl/players/full/4038941.png,
Los Angeles Chargers,roster,Alec Ingold,saved,https://a.espncdn.com/i/headshots/nfl/players/full/3917668.png,
Los Angeles Chargers,roster,Gary Jennings,saved,https://a.espncdn.com/i/headshots/nfl/players/full/3916071.png,
Los Angeles Chargers,roster,Quentin Johnston,saved,https://a.espncdn.com/i/headshots/nfl/players/full/4429025.png,
Los Angeles Chargers,roster,Charlie Kolar,saved,https://a.espncdn.com/i/headshots/nfl/players/full/4241263.png,
Los Angeles Chargers,roster,Trey Lance,saved,https://a.espncdn.com/i/headshots/nfl/players/full/4383351.png,
Los Angeles Chargers,roster,Ladd McConkey,saved,https://a.espncdn.com/i/headshots/nfl/players/full/4612826.png,
Los Angeles Chargers,roster,Keaton Mitchell,saved,https://a.espncdn.com/i/headshots/nfl/players/full/4596334.png,
Los Angeles Chargers,roster,David Njoku,saved,https://a.espncdn.com/i/headshots/nfl/players/full/3123076.png,
Los Angeles Chargers,roster,Trevor Penning,saved,https://a.espncdn.com/i/headshots/nfl/players/full/4248627.png,
Los Angeles Chargers,roster,Trey Pipkins III,saved,https://a.espncdn.com/i/headshots/nfl/players/full/4411189.png,
Los Angeles Chargers,roster,Rashawn Slater,saved,https://a.espncdn.com/i/headshots/nfl/players/full/4242283.png,
Los Angeles Chargers,roster,Jake Slaughter,saved,https://a.espncdn.com/i/headshots/nfl/players/full/4682506.png,
Los Angeles Chargers,roster,Jacob Spomer,saved,https://a.espncdn.com/i/headshots/nfl/players/full/5082312.png,
Los Angeles Chargers,roster,Cole Strange,saved,https://a.espncdn.com/i/headshots/nfl/players/full/4051001.png,
Los Angeles Chargers,roster,Logan Taylor,saved,https://a.espncdn.com/i/headshots/nfl/players/full/4682789.png,
Los Angeles Chargers,roster,Brenen Thompson,saved,https://a.espncdn.com/i/headshots/nfl/players/full/4685553.png,
Los Angeles Chargers,roster,Kimani Vidal,saved,https://a.espncdn.com/i/headshots/nfl/players/full/4430968.png,
Los Angeles Chargers,roster,Nick Barrett,saved,https://a.espncdn.com/i/headshots/nfl/players/full/4682818.png,
Los Angeles Chargers,roster,Jamaree Caldwell,saved,https://a.espncdn.com/i/headshots/nfl/players/full/5089178.png,
Los Angeles Chargers,roster,Bud Dupree,saved,https://a.espncdn.com/i/headshots/nfl/players/full/2576702.png,
Los Angeles Chargers,roster,Troy Dye,saved,https://a.espncdn.com/i/headshots/nfl/players/full/4038946.png,
Los Angeles Chargers,roster,Justin Eboigbe,saved,https://a.espncdn.com/i/headshots/nfl/players/full/4567138.png,
Los Angeles Chargers,roster,Cam Hart,saved,https://a.espncdn.com/i/headshots/nfl/players/full/4427404.png,
Los Angeles Chargers,roster,Daiyan Henley,saved,https://a.espncdn.com/i/headshots/nfl/players/full/4241597.png,
Los Angeles Chargers,roster,Donte Jackson,saved,https://a.espncdn.com/i/headshots/nfl/players/full/3843769.png,
Los Angeles Chargers,roster,Derwin James Jr.,saved,https://a.espncdn.com/i/headshots/nfl/players/full/3691739.png,
Los Angeles Chargers,roster,Tony Jefferson,saved,https://a.espncdn.com/i/headshots/nfl/players/full/16195.png,
Los Angeles Chargers,roster,Deane Leonard,saved,https://a.espncdn.com/i/headshots/nfl/players/full/4690171.png,
Los Angeles Chargers,roster,Khalil Mack,saved,https://a.espncdn.com/i/headshots/nfl/players/full/16710.png,
Los Angeles Chargers,roster,Akheem Mesidor,saved,https://a.espncdn.com/i/headshots/nfl/players/full/4429190.png,
Los Angeles Chargers,roster,RJ Mickens,saved,https://a.espncdn.com/i/headshots/nfl/players/full/4429018.png,
Los Angeles Chargers,roster,Elijah Molden,saved,https://a.espncdn.com/i/headshots/nfl/players/full/4243328.png,
Los Angeles Chargers,roster,Del'Shawn Phillips,saved,https://a.espncdn.com/i/headshots/nfl/players/full/4240528.png,
Los Angeles Chargers,roster,Rodney Shelley,saved,https://a.espncdn.com/i/headshots/nfl/players/full/4838693.png,
Los Angeles Chargers,roster,Genesis Smith,saved,https://a.espncdn.com/i/headshots/nfl/players/full/4950551.png,
Los Angeles Chargers,roster,Tarheeb Still,saved,https://a.espncdn.com/i/headshots/nfl/players/full/4432571.png,
Los Angeles Chargers,roster,Teair Tart,saved,https://a.espncdn.com/i/headshots/nfl/players/full/4374269.png,
Los Angeles Chargers,roster,Dalvin Tomlinson,saved,https://a.espncdn.com/i/headshots/nfl/players/full/2979860.png,
Los Angeles Chargers,roster,Tuli Tuipulotu,saved,https://a.espncdn.com/i/headshots/nfl/players/full/4431442.png,
Los Angeles Chargers,roster,Marlowe Wax,saved,https://a.espncdn.com/i/headshots/nfl/players/full/4431467.png,
Los Angeles Chargers,roster,Isas Waxter,saved,https://a.espncdn.com/i/headshots/nfl/players/full/4574105.png,
Los Angeles Chargers,roster,Kendall Williamson,saved,https://a.espncdn.com/i/headshots/nfl/players/full/4360745.png,
Los Angeles Chargers,roster,Cameron Dicker,saved,https://a.espncdn.com/i/headshots/nfl/players/full/4362081.png,
Los Angeles Chargers,roster,Josh Harris,saved,https://a.espncdn.com/i/headshots/nfl/players/full/15151.png,
Los Angeles Chargers,roster,JK Scott,saved,https://a.espncdn.com/i/headshots/nfl/players/full/3126368.png,
Los Angeles Chargers,roster,KeAndre Lambert-Smith,saved,https://a.espncdn.com/i/headshots/nfl/players/full/4430870.png,
Los Angeles Chargers,roster,Scott Matlock,saved,https://a.espncdn.com/i/headshots/nfl/players/full/4373684.png,
Los Angeles Chargers,roster,Denzel Perryman,saved,https://a.espncdn.com/i/headshots/nfl/players/full/2579621.png,
Los Angeles Chargers,roster,Branson Taylor,saved,https://a.espncdn.com/i/headshots/nfl/players/full/4433914.png,
Los Angeles Chargers,roster,Isaiah World,saved,https://a.espncdn.com/i/headshots/nfl/players/full/5084965.png,
Los Angeles Chargers,roster,Lander Barton,saved,https://a.espncdn.com/i/headshots/nfl/players/full/4685272.png,
Los Angeles Chargers,roster,Andre Carter II,saved,https://a.espncdn.com/i/headshots/nfl/players/full/4577333.png,
Los Angeles Chargers,roster,Junior Colson,saved,https://a.espncdn.com/i/headshots/nfl/players/full/4431212.png,
Los Angeles Chargers,roster,Greg Desrosiers Jr.,saved,https://a.espncdn.com/i/headshots/nfl/players/full/4691889.png,
Los Angeles Chargers,roster,Kaiir Elam,saved,https://a.espncdn.com/i/headshots/nfl/players/full/4567399.png,
Los Angeles Chargers,roster,Patrick Herbert,saved,https://a.espncdn.com/i/headshots/nfl/players/full/4429811.png,
Los Angeles Chargers,roster,Jordan Jefferson,saved,https://a.espncdn.com/i/headshots/nfl/players/full/4569448.png,
Los Angeles Chargers,roster,Amar Johnson,saved,https://a.espncdn.com/i/headshots/nfl/players/full/4878878.png,
Los Angeles Chargers,roster,Josh Kaltenberger,saved,https://a.espncdn.com/i/headshots/nfl/players/full/4430114.png,
Los Angeles Chargers,roster,Caleb Murphy,saved,https://a.espncdn.com/i/headshots/nfl/players/full/4911489.png,
Los Angeles Chargers,roster,Evan Svoboda,saved,https://a.espncdn.com/i/headshots/nfl/players/full/5082633.png,
Los Angeles Chargers,roster,DJ Uiagalelei,saved,https://a.espncdn.com/i/headshots/nfl/players/full/4429020.png,
Los Angeles Chargers,roster,Laekin Vakalahi,saved,https://a.espncdn.com/i/headshots/nfl/players/full/5211218.png,
Los Angeles Chargers,roster,Marquez Valdes-Scantling,saved,https://a.espncdn.com/i/headshots/nfl/players/full/3051738.png,
Los Angeles Chargers,roster,Theo Wease Jr.,saved,https://a.espncdn.com/i/headshots/nfl/players/full/4426535.png,
Los Angeles Chargers,roster,Terry Webb,saved,https://a.espncdn.com/i/headshots/nfl/players/full/5152226.png,
Los Angeles Chargers,staff,Jim Harbaugh,saved,https://static.clubs.nfl.com/image/upload/t_editorial_landscape_12_desktop/chargers/mkoyd76svgrapwhpujxp,Not an image
Los Angeles Chargers,staff,Chris O’Leary,saved,https://static.clubs.nfl.com/image/upload/t_headshot_desktop/f_auto/chargers/dfqgwjxke1uzd1xixgch.jpg,
Los Angeles Chargers,staff,Steve Clinkscale,saved,https://static.clubs.nfl.com/image/upload/t_headshot_desktop/f_auto/chargers/o3ybxac7rlmdp5t7fvrv.jpg,
Los Angeles Chargers,staff,Mike Elston,saved,https://static.clubs.nfl.com/image/upload/t_headshot_desktop/f_auto/chargers/t6jvkhagjlmu3nv5ph8a.jpg,
Los Angeles Chargers,staff,Mike Hiestand,saved,https://static.clubs.nfl.com/image/upload/t_headshot_desktop/f_auto/chargers/pskfzitzkk8ycvqvioea.jpg,
Los Angeles Chargers,staff,Sean Spence,saved,https://static.clubs.nfl.com/image/upload/t_headshot_desktop/f_auto/chargers/y5knb532bptdz8oray84.jpg,
Los Angeles Chargers,staff,Adam Fuller,saved,https://static.clubs.nfl.com/image/upload/t_headshot_desktop/f_auto/chargers/kvleift4guejcqexahcw.jpg,
Los Angeles Chargers,staff,Dylan Roney,saved,https://static.clubs.nfl.com/image/upload/t_headshot_desktop/f_auto/chargers/g2ngore6ipfojjuled8w.jpg,
Los Angeles Chargers,staff,Julian Campenni,saved,https://static.clubs.nfl.com/image/upload/t_headshot_desktop/f_auto/chargers/gdf82jpc9if6pvjxfdsh.jpg,
Los Angeles Chargers,staff,Denzel Martin,saved,https://static.clubs.nfl.com/image/upload/t_headshot_desktop/f_auto/chargers/bvxfchkgjcf8xmqubykl.jpg,
Los Angeles Chargers,staff,Mike McDaniel,saved,https://static.clubs.nfl.com/image/upload/t_headshot_desktop/f_auto/chargers/xj1ifsjajstwchqhgcfl.jpg,
Los Angeles Chargers,staff,Shane Day,saved,https://static.clubs.nfl.com/image/upload/t_headshot_desktop/f_auto/chargers/xnok83fsryxs8bmoicze.jpg,
Los Angeles Chargers,staff,Nick Hardwick,saved,https://static.clubs.nfl.com/image/upload/t_headshot_desktop/f_auto/chargers/qvayu22k73fdlnrldzzi.jpg,
Los Angeles Chargers,staff,Sanjay Lal,saved,https://static.clubs.nfl.com/image/upload/t_headshot_desktop/f_auto/chargers/jpndzemupaf7ro426heg.jpg,
Los Angeles Chargers,staff,Butch Barry,saved,https://static.clubs.nfl.com/image/upload/t_headshot_desktop/f_auto/chargers/vxlwgakbly5q2aut2xrf.jpg,
Los Angeles Chargers,staff,Chandler Henley,saved,https://static.clubs.nfl.com/image/upload/t_headshot_desktop/f_auto/chargers/i1qr9mn1swe7mcmupyxw.jpg,
Los Angeles Chargers,staff,Max McCaffrey,saved,https://static.clubs.nfl.com/image/upload/t_headshot_desktop/f_auto/chargers/xlqivncvlzndtqbb3nag.jpg,
Los Angeles Chargers,staff,Adam Gase,saved,https://static.clubs.nfl.com/image/upload/t_headshot_desktop/f_auto/chargers/d3hjyq3ufonvckf8j9pw.jpg,
Los Angeles Chargers,staff,Rob Everett,saved,https://static.clubs.nfl.com/image/upload/t_headshot_desktop/f_auto/chargers/gzwzjiniz7bgnvsnuz1s.jpg,
Los Angeles Chargers,staff,Kirk Campbell,saved,https://static.clubs.nfl.com/image/upload/t_headshot_desktop/f_auto/chargers/mrqhqd65lnqt6l45lfe0.jpg,
Los Angeles Chargers,staff,Josh Hammond,saved,https://static.clubs.nfl.com/image/upload/t_headshot_desktop/f_auto/chargers/ydm9bgkygepdn40hkoxm.jpg,
Los Angeles Chargers,staff,Ryan Ficken,saved,https://static.clubs.nfl.com/image/upload/t_headshot_desktop/f_auto/chargers/pgerqxfixocr0tmq5cf4.jpg,
Los Angeles Chargers,staff,Chris Gould,saved,https://static.clubs.nfl.com/image/upload/t_headshot_desktop/f_auto/chargers/ncum0etgnzm3brwn1a8i.jpg,
Los Angeles Chargers,staff,Ben Herbert,saved,https://static.clubs.nfl.com/image/upload/t_headshot_desktop/f_auto/chargers/vsuvbcahwgxjwujfpig5.jpg,
Los Angeles Chargers,staff,Jonathan Brooks,saved,https://static.clubs.nfl.com/image/upload/t_headshot_desktop/f_auto/chargers/db7vs5lyaipq1fayvmqg.jpg,
Los Angeles Chargers,staff,Devin Woodhouse,saved,https://static.clubs.nfl.com/image/upload/t_headshot_desktop/f_auto/chargers/aylujlpixsq8oaukub1x.jpg,
Los Angeles Chargers,staff,Ben Rabe,saved,https://static.clubs.nfl.com/image/upload/t_headshot_desktop/f_auto/chargers/kxwe2oejfxsjaoaalhrm.jpg,
Los Angeles Chargers,staff,Lincoln DeWolf,saved,https://static.clubs.nfl.com/image/upload/t_headshot_desktop/f_auto/chargers/fcolfnwcf8krz5lettcm.jpg,
Los Angeles Chargers,staff,Jarrod James,saved,https://static.clubs.nfl.com/image/upload/t_headshot_desktop/f_auto/chargers/ps09curiukcjy6mnqiuw.jpg,
Los Angeles Chargers,staff,Beau Snuggs,saved,https://static.clubs.nfl.com/image/upload/t_headshot_desktop/f_auto/chargers/cjp77p2qjkebncmy6sih.jpg,
Los Angeles Chargers,staff,Jimmy Thompson,saved,https://static.clubs.nfl.com/image/upload/t_headshot_desktop/f_auto/chargers/figtbnz7vahxumc2tmjk.jpg,
Los Angeles Rams,roster,Davante Adams,saved,https://a.espncdn.com/i/headshots/nfl/players/full/16800.png,
Los Angeles Rams,roster,Davis Allen,saved,https://a.espncdn.com/i/headshots/nfl/players/full/4426553.png,
Los Angeles Rams,roster,Tutu Atwell,saved,https://a.espncdn.com/i/headshots/nfl/players/full/4360797.png,
Los Angeles Rams,roster,Steve Avila,saved,https://a.espncdn.com/i/headshots/nfl/players/full/4362474.png,
Los Angeles Rams,roster,Stetson Bennett IV,saved,https://a.espncdn.com/i/headshots/nfl/players/full/4259553.png,
Los Angeles Rams,roster,Blake Corum,saved,https://a.espncdn.com/i/headshots/nfl/players/full/4429096.png,
Los Angeles Rams,roster,CJ Daniels,saved,https://a.espncdn.com/i/headshots/nfl/players/full/4605951.png,
Los Angeles Rams,roster,Kevin Dotson,saved,https://a.espncdn.com/i/headshots/nfl/players/full/3917599.png,
Los Angeles Rams,roster,Terrance Ferguson,saved,https://a.espncdn.com/i/headshots/nfl/players/full/4570037.png,
Los Angeles Rams,roster,Tyler Higbee,saved,https://a.espncdn.com/i/headshots/nfl/players/full/2573401.png,
Los Angeles Rams,roster,Alaric Jackson,saved,https://a.espncdn.com/i/headshots/nfl/players/full/4036135.png,
Los Angeles Rams,roster,Max Klare,saved,https://a.espncdn.com/i/headshots/nfl/players/full/4833029.png,
Los Angeles Rams,roster,Beaux Limmer,saved,https://a.espncdn.com/i/headshots/nfl/players/full/4567175.png,
Los Angeles Rams,roster,Warren McClendon Jr.,saved,https://a.espncdn.com/i/headshots/nfl/players/full/4426512.png,
Los Angeles Rams,roster,Dylan McMahon,saved,https://a.espncdn.com/i/headshots/nfl/players/full/4430155.png,
Los Angeles Rams,roster,Konata Mumpfield,saved,https://a.espncdn.com/i/headshots/nfl/players/full/4710855.png,
Los Angeles Rams,roster,Bill Murray,saved,https://a.espncdn.com/i/headshots/nfl/players/full/3912189.png,
Los Angeles Rams,roster,Puka Nacua,saved,https://a.espncdn.com/i/headshots/nfl/players/full/4426515.png,
Los Angeles Rams,roster,Colby Parkinson,saved,https://a.espncdn.com/i/headshots/nfl/players/full/4242557.png,
Los Angeles Rams,roster,David Quessenberry,saved,https://a.espncdn.com/i/headshots/nfl/players/full/15946.png,
Los Angeles Rams,roster,Ronnie Rivers,saved,https://a.espncdn.com/i/headshots/nfl/players/full/4243003.png,
Los Angeles Rams,roster,Coleman Shelton,saved,https://a.espncdn.com/i/headshots/nfl/players/full/3052180.png,
Los Angeles Rams,roster,Ty Simpson,saved,https://a.espncdn.com/i/headshots/nfl/players/full/4685522.png,
Los Angeles Rams,roster,Xavier Smith,saved,https://a.espncdn.com/i/headshots/nfl/players/full/4386544.png,
Los Angeles Rams,roster,Matthew Stafford,saved,https://a.espncdn.com/i/headshots/nfl/players/full/12483.png,
Los Angeles Rams,roster,Jordan Whittington,saved,https://a.espncdn.com/i/headshots/nfl/players/full/4569382.png,
Los Angeles Rams,roster,Kyren Williams,saved,https://a.espncdn.com/i/headshots/nfl/players/full/4430737.png,
Los Angeles Rams,roster,Wesley Bailey,saved,https://a.espncdn.com/i/headshots/nfl/players/full/4430919.png,
Los Angeles Rams,roster,Kam Curl,saved,https://a.espncdn.com/i/headshots/nfl/players/full/4242154.png,
Los Angeles Rams,roster,Tyler Davis,saved,https://a.espncdn.com/i/headshots/nfl/players/full/4568217.png,
Los Angeles Rams,roster,Shaun Dolac,saved,https://a.espncdn.com/i/headshots/nfl/players/full/4693848.png,
Los Angeles Rams,roster,Aaron Donald,saved,https://a.espncdn.com/i/headshots/nfl/players/full/16716.png,
Los Angeles Rams,roster,Braden Fiske,saved,https://a.espncdn.com/i/headshots/nfl/players/full/4362245.png,
Los Angeles Rams,roster,Emmanuel Forbes Jr.,saved,https://a.espncdn.com/i/headshots/nfl/players/full/4429767.png,
Los Angeles Rams,roster,Poona Ford,saved,https://a.espncdn.com/i/headshots/nfl/players/full/3125114.png,
Los Angeles Rams,roster,Ty Hamilton,saved,https://a.espncdn.com/i/headshots/nfl/players/full/4431118.png,
Los Angeles Rams,roster,Tanner Ingle,saved,https://a.espncdn.com/i/headshots/nfl/players/full/4361651.png,
Los Angeles Rams,roster,Desjuan Johnson,saved,https://a.espncdn.com/i/headshots/nfl/players/full/4362294.png,
Los Angeles Rams,roster,Kamren Kinchens,saved,https://a.espncdn.com/i/headshots/nfl/players/full/4596363.png,
Los Angeles Rams,roster,Quentin Lake,saved,https://a.espncdn.com/i/headshots/nfl/players/full/4249128.png,
Los Angeles Rams,roster,Nate Landman,saved,https://a.espncdn.com/i/headshots/nfl/players/full/4243181.png,
Los Angeles Rams,roster,Jaylen McCollough,saved,https://a.espncdn.com/i/headshots/nfl/players/full/4427120.png,
Los Angeles Rams,roster,Trent McDuffie,saved,https://a.espncdn.com/i/headshots/nfl/players/full/4426405.png,
Los Angeles Rams,roster,Elias Neal,saved,https://a.espncdn.com/i/headshots/nfl/players/full/4428098.png,
Los Angeles Rams,roster,Omar Speights,saved,https://a.espncdn.com/i/headshots/nfl/players/full/4428550.png,
Los Angeles Rams,roster,Josaiah Stewart,saved,https://a.espncdn.com/i/headshots/nfl/players/full/4682983.png,
Los Angeles Rams,roster,Grant Stuard,saved,https://a.espncdn.com/i/headshots/nfl/players/full/4240255.png,
Los Angeles Rams,roster,Kobie Turner,saved,https://a.espncdn.com/i/headshots/nfl/players/full/4250621.png,
Los Angeles Rams,roster,Josh Wallace,saved,https://a.espncdn.com/i/headshots/nfl/players/full/4572371.png,
Los Angeles Rams,roster,Jaylen Watson,saved,https://a.espncdn.com/i/headshots/nfl/players/full/4697639.png,
Los Angeles Rams,roster,Byron Young,saved,https://a.espncdn.com/i/headshots/nfl/players/full/4875196.png,
Los Angeles Rams,roster,Joe Cardona,saved,https://a.espncdn.com/i/headshots/nfl/players/full/2575907.png,
Los Angeles Rams,roster,Ethan Evans,saved,https://a.espncdn.com/i/headshots/nfl/players/full/5125875.png,
Los Angeles Rams,roster,Harrison Mevis,saved,https://a.espncdn.com/i/headshots/nfl/players/full/4574716.png,
Los Angeles Rams,roster,Matthew Caldwell,saved,https://a.espncdn.com/i/headshots/nfl/players/full/4877717.png,
Los Angeles Rams,roster,Justin Dedich,saved,https://a.espncdn.com/i/headshots/nfl/players/full/4360859.png,
Los Angeles Rams,roster,Myles Garrett,saved,https://a.espncdn.com/i/headshots/nfl/players/full/3122132.png,
Los Angeles Rams,roster,Zech McPhearson,saved,https://a.espncdn.com/i/headshots/nfl/players/full/4045161.png,
Los Angeles Rams,roster,Daniel Rickert,saved,https://a.espncdn.com/i/headshots/nfl/players/full/4695022.png,
Los Angeles Rams,roster,Keir Thomas II,saved,https://a.espncdn.com/i/headshots/nfl/players/full/4038843.png,
Los Angeles Rams,roster,Keagen Trost,saved,https://a.espncdn.com/i/headshots/nfl/players/full/4575003.png,
Los Angeles Rams,roster,Eddie Walls III,saved,https://a.espncdn.com/i/headshots/nfl/players/full/4877357.png,
Los Angeles Rams,roster,Nick Andersen,saved,https://a.espncdn.com/i/headshots/nfl/players/full/4690182.png,
Los Angeles Rams,roster,Alex Bachman,saved,https://a.espncdn.com/i/headshots/nfl/players/full/3919510.png,
Los Angeles Rams,roster,Austin Blaske,saved,https://a.espncdn.com/i/headshots/nfl/players/full/4430949.png,
Los Angeles Rams,roster,Jack Bouwmeester,saved,https://a.espncdn.com/i/headshots/nfl/players/full/4426752.png,
Los Angeles Rams,roster,Dean Connors,saved,https://a.espncdn.com/i/headshots/nfl/players/full/5082269.png,
Los Angeles Rams,roster,Nyzier Fourqurean,saved,https://a.espncdn.com/i/headshots/nfl/players/full/5160648.png,
Los Angeles Rams,roster,Blake Hance,saved,https://a.espncdn.com/i/headshots/nfl/players/full/3116135.png,
Los Angeles Rams,roster,Cam Lampkin,saved,https://a.espncdn.com/i/headshots/nfl/players/full/4427752.png,
Los Angeles Rams,roster,Jaxson Moi,saved,https://a.espncdn.com/i/headshots/nfl/players/full/4791223.png,
Los Angeles Rams,roster,Larrell Murchison,saved,https://a.espncdn.com/i/headshots/nfl/players/full/4240123.png,
Los Angeles Rams,roster,Bill Norton,saved,https://a.espncdn.com/i/headshots/nfl/players/full/4426401.png,
Los Angeles Rams,roster,Darryl Peterson III,saved,https://a.espncdn.com/i/headshots/nfl/players/full/4598574.png,
Los Angeles Rams,roster,Brennan Presley,saved,https://a.espncdn.com/i/headshots/nfl/players/full/4431342.png,
Los Angeles Rams,roster,Jamie Sheriff,saved,https://a.espncdn.com/i/headshots/nfl/players/full/4685984.png,
Los Angeles Rams,roster,Dan Villari,saved,https://a.espncdn.com/i/headshots/nfl/players/full/4608858.png,
Los Angeles Rams,roster,Jordan Waters,saved,https://a.espncdn.com/i/headshots/nfl/players/full/4428803.png,
Los Angeles Rams,staff,Sean McVay,saved,https://a.espncdn.com/i/headshots/nfl/coaches/65/2499338.jpg,
Los Angeles Rams,staff,Nate Scheelhaase,saved,https://static.clubs.nfl.com/image/upload/t_editorial_landscape_6_desktop/f_auto/rams/iuveb79wsaaj1hank4bm.jpg,"<urlopen error [Errno 8] nodename nor servname provided, or not known>"
Los Angeles Rams,staff,Chris Shula,saved,https://static.clubs.nfl.com/image/upload/t_editorial_landscape_6_desktop/f_auto/rams/uqqyzwihyesgyhpgvrxx.jpg,"<urlopen error [Errno 8] nodename nor servname provided, or not known>"
Los Angeles Rams,staff,Bubba Ventrone,saved,https://static.clubs.nfl.com/image/upload/t_editorial_landscape_6_desktop/f_auto/rams/nwhx9wojxuj4hbaign8u.jpg,"<urlopen error [Errno 8] nodename nor servname provided, or not known>"
Los Angeles Rams,staff,Kliff Kingsbury,saved,https://static.clubs.nfl.com/image/upload/t_editorial_landscape_6_desktop/f_auto/rams/ahnletfpcuuttmw09flr.jpg,"<urlopen error [Errno 8] nodename nor servname provided, or not known>"
Los Angeles Rams,staff,Brian Allen,saved,https://static.clubs.nfl.com/image/upload/t_headshot_desktop/f_auto/rams/fvsljnlj0x2eqkdczwd4.jpg,
Los Angeles Rams,staff,Chris Beake,saved,https://static.clubs.nfl.com/image/upload/t_headshot_desktop/f_auto/rams/t4kwcjvj8swiezr41r2o.jpg,
Los Angeles Rams,staff,Rob Calabrese,saved,https://static.clubs.nfl.com/image/upload/t_headshot_desktop/f_auto/rams/wwt0zkjm8rzg472rnhla.jpg,
Los Angeles Rams,staff,Joe Coniglio,saved,https://static.clubs.nfl.com/image/upload/t_headshot_desktop/f_auto/rams/ae2kydxanp4ignrgz0qn.jpg,
Los Angeles Rams,staff,Ron Gould,saved,https://static.clubs.nfl.com/image/upload/t_headshot_desktop/f_auto/rams/rjm0us9yompflooe1yee.jpg,
Los Angeles Rams,staff,Kyle Hoke,saved,https://static.clubs.nfl.com/image/upload/t_headshot_desktop/f_auto/rams/vct0blufbm1dnuzel7yl.jpg,
Los Angeles Rams,staff,Scott Huff,saved,https://static.clubs.nfl.com/image/upload/t_headshot_desktop/f_auto/rams/iilmmrohogkbmwuaweuw.jpg,
Los Angeles Rams,staff,Michael Hunter,saved,https://static.clubs.nfl.com/image/upload/t_headshot_desktop/f_auto/rams/yhhy2dwgg0nskzicjdba.jpg,
Los Angeles Rams,staff,Brian Johnson,saved,https://static.clubs.nfl.com/image/upload/t_headshot_desktop/f_auto/rams/j2clj5tdbxwu3agc4oes.jpg,
Los Angeles Rams,staff,Zak Kromer,saved,https://static.clubs.nfl.com/image/upload/t_headshot_desktop/f_auto/rams/o1fx5ko6oigxsb3vv72z.jpg,
Los Angeles Rams,staff,Jimmy Lake,saved,https://static.clubs.nfl.com/image/upload/t_headshot_desktop/f_auto/rams/rf1b2qwnhyorvg9gq7vs.jpg,
Los Angeles Rams,staff,Dave Ragone,saved,https://static.clubs.nfl.com/image/upload/t_headshot_desktop/f_auto/rams/h55bmzytk93gepehrp3g.jpg,
Los Angeles Rams,staff,Dan Shamash,saved,https://static.clubs.nfl.com/image/upload/t_headshot_desktop/f_auto/rams/tt60kkmw7xmqhdxij3vw.jpg,
Los Angeles Rams,staff,Giff Smith,saved,https://static.clubs.nfl.com/image/upload/t_headshot_desktop/f_auto/rams/svnp6dbr4dxovl7zkr4f.jpg,
Los Angeles Rams,staff,Ryan Wendell,saved,https://static.clubs.nfl.com/image/upload/t_headshot_desktop/f_auto/rams/rxiiilmjwfscrabtayha.jpg,
Los Angeles Rams,staff,Drew Wilkins,saved,https://static.clubs.nfl.com/image/upload/t_headshot_desktop/f_auto/rams/qv3g3tuxgtzzcugx0k1m.jpg,
Los Angeles Rams,staff,Greg Williams,saved,https://static.clubs.nfl.com/image/upload/t_headshot_desktop/f_auto/rams/kwgbfdtjhlt7omrylbfj.jpg,
Los Angeles Rams,staff,Robert Woods,saved,https://static.clubs.nfl.com/image/upload/t_headshot_desktop/f_auto/rams/n9y8yaxxiwns2macqggm.jpg,
Los Angeles Rams,staff,Robert Wright,saved,https://static.clubs.nfl.com/image/upload/t_headshot_desktop/f_auto/rams/rlyhcbricaca72zhaiw6.jpg,
Los Angeles Rams,staff,Eric Yarber,saved,https://static.clubs.nfl.com/image/upload/t_headshot_desktop/f_auto/rams/me3d0wlpzbgnqzygku9w.jpg,
Los Angeles Rams,staff,Carter Crutchfield,saved,https://static.clubs.nfl.com/image/upload/t_headshot_desktop/f_auto/rams/ocithsyah7aezaturtdd.jpg,
Miami Dolphins,roster,De'Von Achane,saved,https://a.espncdn.com/i/headshots/nfl/players/full/4429160.png,
Miami Dolphins,roster,Chris Bell,saved,https://a.espncdn.com/i/headshots/nfl/players/full/4869961.png,
Miami Dolphins,roster,Aaron Brewer,saved,https://a.espncdn.com/i/headshots/nfl/players/full/4040537.png,
Miami Dolphins,roster,DJ Campbell,saved,https://a.espncdn.com/i/headshots/nfl/players/full/5081977.png,
Miami Dolphins,roster,Kevin Coleman Jr.,saved,https://a.espncdn.com/i/headshots/nfl/players/full/4685307.png,
Miami Dolphins,roster,Brady Cook,saved,https://a.espncdn.com/i/headshots/nfl/players/full/4429435.png,
Miami Dolphins,roster,Caleb Douglas,saved,https://a.espncdn.com/i/headshots/nfl/players/full/4869645.png,
Miami Dolphins,roster,Greg Dulcich,saved,https://a.espncdn.com/i/headshots/nfl/players/full/4367209.png,
Miami Dolphins,roster,Chukwuebuka Godrick,saved,https://a.espncdn.com/i/headshots/nfl/players/full/5144457.png,
Miami Dolphins,roster,Ollie Gordon II,saved,https://a.espncdn.com/i/headshots/nfl/players/full/4711533.png,
Miami Dolphins,roster,DJ Herman,saved,https://a.espncdn.com/i/headshots/nfl/players/full/4685116.png,
Miami Dolphins,roster,Austin Jackson,saved,https://a.espncdn.com/i/headshots/nfl/players/full/4271632.png,
Miami Dolphins,roster,Justin Joly,saved,https://a.espncdn.com/i/headshots/nfl/players/full/4912052.png,
Miami Dolphins,roster,Will Kacmarek,saved,https://a.espncdn.com/i/headshots/nfl/players/full/4880236.png,
Miami Dolphins,roster,Jarrett Kingston,saved,https://a.espncdn.com/i/headshots/nfl/players/full/4373474.png,
Miami Dolphins,roster,Kyle McCord,saved,https://a.espncdn.com/i/headshots/nfl/players/full/4433971.png,
Miami Dolphins,roster,Andrew Meyer,saved,https://a.espncdn.com/i/headshots/nfl/players/full/4362064.png,
Miami Dolphins,roster,Ryan Miller,saved,https://a.espncdn.com/i/headshots/nfl/players/full/4369466.png,
Miami Dolphins,roster,Patrick Paul,saved,https://a.espncdn.com/i/headshots/nfl/players/full/4567493.png,
Miami Dolphins,roster,Kadyn Proctor,saved,https://a.espncdn.com/i/headshots/nfl/players/full/4870976.png,
Miami Dolphins,roster,Jonah Savaiinaea,saved,https://a.espncdn.com/i/headshots/nfl/players/full/4819257.png,
Miami Dolphins,roster,Jalen Tolbert,saved,https://a.espncdn.com/i/headshots/nfl/players/full/4249417.png,
Miami Dolphins,roster,Seydou Traore,saved,https://a.espncdn.com/i/headshots/nfl/players/full/4714379.png,
Miami Dolphins,roster,Caedan Wallace,saved,https://a.espncdn.com/i/headshots/nfl/players/full/4426446.png,
Miami Dolphins,roster,Malik Washington,saved,https://a.espncdn.com/i/headshots/nfl/players/full/4569603.png,
Miami Dolphins,roster,Malik Willis,saved,https://a.espncdn.com/i/headshots/nfl/players/full/4242512.png,
Miami Dolphins,roster,Jaylen Wright,saved,https://a.espncdn.com/i/headshots/nfl/players/full/4682745.png,
Miami Dolphins,roster,Zayne Anderson,saved,https://a.espncdn.com/i/headshots/nfl/players/full/3932335.png,
Miami Dolphins,roster,Robert Beal Jr.,saved,https://a.espncdn.com/i/headshots/nfl/players/full/4259558.png,
Miami Dolphins,roster,Zeek Biggers,saved,https://a.espncdn.com/i/headshots/nfl/players/full/4683276.png,
Miami Dolphins,roster,JuJu Brents,saved,https://a.espncdn.com/i/headshots/nfl/players/full/4360488.png,
Miami Dolphins,roster,Jordyn Brooks,saved,https://a.espncdn.com/i/headshots/nfl/players/full/4043130.png,
Miami Dolphins,roster,Keith Cooper Jr.,saved,https://a.espncdn.com/i/headshots/nfl/players/full/4712462.png,
Miami Dolphins,roster,Marcellas Dial Jr.,saved,https://a.espncdn.com/i/headshots/nfl/players/full/4875079.png,
Miami Dolphins,roster,Clelin Ferrell,saved,https://a.espncdn.com/i/headshots/nfl/players/full/3728258.png,
Miami Dolphins,roster,Willie Gay Jr.,saved,https://a.espncdn.com/i/headshots/nfl/players/full/4259804.png,
Miami Dolphins,roster,Malik Herring,saved,https://a.espncdn.com/i/headshots/nfl/players/full/4259547.png,
Miami Dolphins,roster,Chris Johnson,saved,https://a.espncdn.com/i/headshots/nfl/players/full/4869579.png,
Miami Dolphins,roster,Max Llewellyn,saved,https://a.espncdn.com/i/headshots/nfl/players/full/4683101.png,
Miami Dolphins,roster,Jason Marshall Jr.,saved,https://a.espncdn.com/i/headshots/nfl/players/full/4432730.png,
Miami Dolphins,roster,Jordan Phillips,saved,https://a.espncdn.com/i/headshots/nfl/players/full/4837188.png,
Miami Dolphins,roster,Chop Robinson,saved,https://a.espncdn.com/i/headshots/nfl/players/full/4431586.png,
Miami Dolphins,roster,Jacob Rodriguez,saved,https://a.espncdn.com/i/headshots/nfl/players/full/4566094.png,
Miami Dolphins,roster,Zach Sieler,saved,https://a.espncdn.com/i/headshots/nfl/players/full/3057956.png,
Miami Dolphins,roster,Jaylin Simpson,saved,https://a.espncdn.com/i/headshots/nfl/players/full/4567225.png,
Miami Dolphins,roster,Michael Taaffe,saved,https://a.espncdn.com/i/headshots/nfl/players/full/4880346.png,
Miami Dolphins,roster,Reese Taylor,saved,https://a.espncdn.com/i/headshots/nfl/players/full/4371946.png,
Miami Dolphins,roster,Dante Trader Jr.,saved,https://a.espncdn.com/i/headshots/nfl/players/full/4431664.png,
Miami Dolphins,roster,Josh Uche,saved,https://a.espncdn.com/i/headshots/nfl/players/full/4046528.png,
Miami Dolphins,roster,Julius Wood,saved,https://a.espncdn.com/i/headshots/nfl/players/full/4872841.png,
Miami Dolphins,roster,Jackson Woodard,saved,https://a.espncdn.com/i/headshots/nfl/players/full/4685637.png,
Miami Dolphins,roster,Tucker Addington,saved,https://a.espncdn.com/i/headshots/nfl/players/full/4034729.png,
Miami Dolphins,roster,Riley Patterson,saved,https://a.espncdn.com/i/headshots/nfl/players/full/4243371.png,
Miami Dolphins,roster,Bradley Pinion,saved,https://a.espncdn.com/i/headshots/nfl/players/full/2977680.png,
Miami Dolphins,roster,Darrell Baker Jr.,saved,https://a.espncdn.com/i/headshots/nfl/players/full/4036660.png,
Miami Dolphins,roster,Storm Duck,saved,https://a.espncdn.com/i/headshots/nfl/players/full/4427103.png,
Miami Dolphins,roster,James Ester,saved,https://a.espncdn.com/i/headshots/nfl/players/full/4429576.png,
Miami Dolphins,roster,Kenneth Grant,saved,https://a.espncdn.com/i/headshots/nfl/players/full/4894654.png,
Miami Dolphins,roster,Ronnie Harrison Jr.,saved,https://a.espncdn.com/i/headshots/nfl/players/full/3859006.png,
Miami Dolphins,roster,Rene Konga,saved,https://a.espncdn.com/i/headshots/nfl/players/full/4698109.png,
Miami Dolphins,roster,Kyle Louis,saved,https://a.espncdn.com/i/headshots/nfl/players/full/4880273.png,
Miami Dolphins,roster,Trey Moore,saved,https://a.espncdn.com/i/headshots/nfl/players/full/4879212.png,
Miami Dolphins,roster,Cole Turner,saved,https://a.espncdn.com/i/headshots/nfl/players/full/4361438.png,
Miami Dolphins,roster,Cal Adomitis,saved,https://a.espncdn.com/i/headshots/nfl/players/full/4240719.png,
Miami Dolphins,roster,Gottlieb Ayedze,saved,https://a.espncdn.com/i/headshots/nfl/players/full/5145719.png,
Miami Dolphins,roster,Ethan Bonner,saved,https://a.espncdn.com/i/headshots/nfl/players/full/4360746.png,
Miami Dolphins,roster,Major Burns,saved,https://a.espncdn.com/i/headshots/nfl/players/full/4429036.png,
Miami Dolphins,roster,Amari Gainer,saved,https://a.espncdn.com/i/headshots/nfl/players/full/4360469.png,
Miami Dolphins,roster,Jarquez Hunter,saved,https://a.espncdn.com/i/headshots/nfl/players/full/4710341.png,
Miami Dolphins,roster,Rodney McGraw,saved,https://a.espncdn.com/i/headshots/nfl/players/full/4433974.png,
Miami Dolphins,roster,Jordan Miller,saved,https://a.espncdn.com/i/headshots/nfl/players/full/4362524.png,
Miami Dolphins,roster,Jalen Reagor,saved,https://a.espncdn.com/i/headshots/nfl/players/full/4241802.png,
Miami Dolphins,roster,Will Sheppard,saved,https://a.espncdn.com/i/headshots/nfl/players/full/4608679.png,
Miami Dolphins,roster,Mazi Smith,saved,https://a.espncdn.com/i/headshots/nfl/players/full/4426347.png,
Miami Dolphins,roster,Carlos Washington Jr.,saved,https://a.espncdn.com/i/headshots/nfl/players/full/4248425.png,
Miami Dolphins,roster,Tre Watson,saved,https://a.espncdn.com/i/headshots/nfl/players/full/4685784.png,
Miami Dolphins,staff,Jeff Hafley,saved,https://static.clubs.nfl.com/image/upload/t_editorial_landscape_12_desktop/dolphins/cgnnqs8d7ngwnmssmhfa,Not an image
Miami Dolphins,staff,Bobby Slowik,saved,https://static.clubs.nfl.com/image/upload/t_headshot_desktop/f_auto/dolphins/ww5qxutszxderq24t0wo.jpg,
Miami Dolphins,staff,Matt Applebaum,saved,https://static.clubs.nfl.com/image/upload/t_headshot_desktop/f_auto/dolphins/h0a2kkvqyrmljooqljw0.jpg,
Miami Dolphins,staff,Ladell Betts,saved,https://static.clubs.nfl.com/image/upload/t_headshot_desktop/f_auto/dolphins/blt6dwg0kfeb9td48bt1.jpg,
Miami Dolphins,staff,CJ Conrad,saved,https://static.clubs.nfl.com/image/upload/t_headshot_desktop/f_auto/dolphins/nukq3kympsozksbff8cc.jpg,
Miami Dolphins,staff,Bush Hamdan,saved,https://static.clubs.nfl.com/image/upload/t_headshot_desktop/f_auto/dolphins/rnwlyunbikjg0kmhvp7i.jpg,
Miami Dolphins,staff,Lemuel Jeanpierre,saved,https://static.clubs.nfl.com/image/upload/t_headshot_desktop/f_auto/dolphins/ashzui0udqhbzq0mguxa.jpg,
Miami Dolphins,staff,Jonathan Krause,saved,https://static.clubs.nfl.com/image/upload/t_headshot_desktop/f_auto/dolphins/gstri1kqxcfkjoysd0vp.jpg,
Miami Dolphins,staff,Ron Middleton,saved,https://static.clubs.nfl.com/image/upload/t_headshot_desktop/f_auto/dolphins/xmdlbi4wdj2wxlkgnaz1.jpg,
Miami Dolphins,staff,Kevin Patullo,saved,https://static.clubs.nfl.com/image/upload/t_headshot_desktop/f_auto/dolphins/vun6whna2bu64igjhokj.jpg,
Miami Dolphins,staff,Tyke Tolbert,saved,https://static.clubs.nfl.com/image/upload/t_headshot_desktop/f_auto/dolphins/qlrlfj8qt3dbvff0qgb7.jpg,
Miami Dolphins,staff,Leander Wallace,saved,https://static.clubs.nfl.com/image/upload/t_headshot_desktop/f_auto/dolphins/nqzhtoxjfwvfeppf5uvj.jpg,
Miami Dolphins,staff,Zach Yenser,saved,https://static.clubs.nfl.com/image/upload/t_headshot_desktop/f_auto/dolphins/mq64t2zzbhutk2dvzf8a.jpg,
Miami Dolphins,staff,Sean Duggan,saved,https://static.clubs.nfl.com/image/upload/t_headshot_desktop/f_auto/dolphins/ipc38ygtepixa24prauv.jpg,
Miami Dolphins,staff,Jahmile Addae,saved,https://static.clubs.nfl.com/image/upload/t_headshot_desktop/f_auto/dolphins/wjolt2o0fjgut3uzv135.jpg,
Miami Dolphins,staff,Joe Barry,saved,https://static.clubs.nfl.com/image/upload/t_headshot_desktop/f_auto/dolphins/c4otty4hooel3mkcee4n.jpg,
Miami Dolphins,staff,Austin Clark,saved,https://static.clubs.nfl.com/image/upload/t_headshot_desktop/f_auto/dolphins/fssmwnqyjmfsfavutua2.jpg,
Miami Dolphins,staff,Wendel Davis,saved,https://static.clubs.nfl.com/image/upload/t_headshot_desktop/f_auto/dolphins/ws6bua9bgaa6zprydkfj.jpg,
Miami Dolphins,staff,Siriki Diabate,saved,https://static.clubs.nfl.com/image/upload/t_headshot_desktop/f_auto/dolphins/ecm9c7zdjp7arv8rh2pa.jpg,
Miami Dolphins,staff,Ryan Downard,saved,https://static.clubs.nfl.com/image/upload/t_headshot_desktop/f_auto/dolphins/ry7cv6nhafhyjqrk5qig.jpg,
Miami Dolphins,staff,Chuka Ndulue,saved,https://static.clubs.nfl.com/image/upload/t_headshot_desktop/f_auto/dolphins/ix0xxwwjurxgs4lippwj.jpg,
Miami Dolphins,staff,DeShawn Shead,saved,https://static.clubs.nfl.com/image/upload/t_headshot_desktop/f_auto/dolphins/l4qd9ijx5wnylcp7bh0i.jpg,
Miami Dolphins,staff,Al Washington,saved,https://static.clubs.nfl.com/image/upload/t_headshot_desktop/f_auto/dolphins/fa2yvlfw4rmpprwovdhw.jpg,
Miami Dolphins,staff,Chris Tabor,saved,https://static.clubs.nfl.com/image/upload/t_headshot_desktop/f_auto/dolphins/ptrtu0shm2v6pxdpfrrg.jpg,
Miami Dolphins,staff,Brock Olivo,saved,https://static.clubs.nfl.com/image/upload/t_headshot_desktop/f_auto/dolphins/a6tev9nleaaloekocl03.jpg,
Miami Dolphins,staff,Darius Eubanks,saved,https://static.clubs.nfl.com/image/upload/t_headshot_desktop/f_auto/dolphins/ruu0fbhs8lnusvzp6gkq.jpg,
Miami Dolphins,staff,Todd Hunt,saved,https://static.clubs.nfl.com/image/upload/t_headshot_desktop/f_auto/dolphins/n2uqgbf5l2ktcxx9tzmp.jpg,
Miami Dolphins,staff,Willie Jones,saved,https://static.clubs.nfl.com/image/upload/t_headshot_desktop/f_auto/dolphins/pkzu4ei8gwwllqrivcep.jpg,
Miami Dolphins,staff,Ike Brown,saved,https://static.clubs.nfl.com/image/upload/t_headshot_desktop/f_auto/dolphins/ht2jffem8b97krcturav.jpg,
Miami Dolphins,staff,Andrew Papirio,saved,https://static.clubs.nfl.com/image/upload/t_headshot_desktop/f_auto/dolphins/xpu6mtbxksdg2dmbynf6.jpg,
Minnesota Vikings,roster,Jordan Addison,saved,https://a.espncdn.com/i/headshots/nfl/players/full/4429205.png,
Minnesota Vikings,roster,Gavin Bartholomew,saved,https://a.espncdn.com/i/headshots/nfl/players/full/4708049.png,
Minnesota Vikings,roster,Dillon Bell,saved,https://a.espncdn.com/i/headshots/nfl/players/full/4712579.png,
Minnesota Vikings,roster,Blake Brandel,saved,https://a.espncdn.com/i/headshots/nfl/players/full/3930270.png,
Minnesota Vikings,roster,Max Bredeson,saved,https://a.espncdn.com/i/headshots/nfl/players/full/4878695.png,
Minnesota Vikings,roster,Demond Claiborne,saved,https://a.espncdn.com/i/headshots/nfl/players/full/4832846.png,
Minnesota Vikings,roster,DeeJay Dallas,saved,https://a.espncdn.com/i/headshots/nfl/players/full/4240631.png,
Minnesota Vikings,roster,Christian Darrisaw,saved,https://a.espncdn.com/i/headshots/nfl/players/full/4361985.png,
Minnesota Vikings,roster,Tai Felton,saved,https://a.espncdn.com/i/headshots/nfl/players/full/4565185.png,
Minnesota Vikings,roster,Will Fries,saved,https://a.espncdn.com/i/headshots/nfl/players/full/4045176.png,
Minnesota Vikings,roster,T.J. Hockenson,saved,https://a.espncdn.com/i/headshots/nfl/players/full/4036133.png,
Minnesota Vikings,roster,Joe Huber,saved,https://a.espncdn.com/i/headshots/nfl/players/full/4690210.png,
Minnesota Vikings,roster,Donovan Jackson,saved,https://a.espncdn.com/i/headshots/nfl/players/full/4431553.png,
Minnesota Vikings,roster,Justin Jefferson,saved,https://a.espncdn.com/i/headshots/nfl/players/full/4262921.png,
Minnesota Vikings,roster,Jauan Jennings,saved,https://a.espncdn.com/i/headshots/nfl/players/full/3886598.png,
Minnesota Vikings,roster,Jeshaun Jones,saved,https://a.espncdn.com/i/headshots/nfl/players/full/4360637.png,
Minnesota Vikings,roster,Aaron Jones Sr.,saved,https://a.espncdn.com/i/headshots/nfl/players/full/3042519.png,
Minnesota Vikings,roster,Trevor Keegan,saved,https://a.espncdn.com/i/headshots/nfl/players/full/4427140.png,
Minnesota Vikings,roster,J.J. McCarthy,saved,https://a.espncdn.com/i/headshots/nfl/players/full/4433970.png,
Minnesota Vikings,roster,Kyler Murray,saved,https://a.espncdn.com/i/headshots/nfl/players/full/3917315.png,
Minnesota Vikings,roster,Brian O'Neill,saved,https://a.espncdn.com/i/headshots/nfl/players/full/3123954.png,
Minnesota Vikings,roster,Josh Oliver,saved,https://a.espncdn.com/i/headshots/nfl/players/full/3921690.png,
Minnesota Vikings,roster,Myles Price,saved,https://a.espncdn.com/i/headshots/nfl/players/full/4430656.png,
Minnesota Vikings,roster,Nick Samac,saved,https://a.espncdn.com/i/headshots/nfl/players/full/4428421.png,
Minnesota Vikings,roster,Caleb Tiernan,saved,https://a.espncdn.com/i/headshots/nfl/players/full/4592836.png,
Minnesota Vikings,roster,Ryan Van Demark,saved,https://a.espncdn.com/i/headshots/nfl/players/full/4239140.png,
Minnesota Vikings,roster,Carson Wentz,saved,https://a.espncdn.com/i/headshots/nfl/players/full/2573079.png,
Minnesota Vikings,roster,Caleb Banks,saved,https://a.espncdn.com/i/headshots/nfl/players/full/4602019.png,
Minnesota Vikings,roster,Blake Cashman,saved,https://a.espncdn.com/i/headshots/nfl/players/full/3728281.png,
Minnesota Vikings,roster,Chaz Chambliss,saved,https://a.espncdn.com/i/headshots/nfl/players/full/4431520.png,
Minnesota Vikings,roster,Charles Demmings,saved,https://a.espncdn.com/i/headshots/nfl/players/full/5091793.png,
Minnesota Vikings,roster,Jake Golday,saved,https://a.espncdn.com/i/headshots/nfl/players/full/4877652.png,
Minnesota Vikings,roster,Tyrion Ingram-Dawkins,saved,https://a.espncdn.com/i/headshots/nfl/players/full/4629149.png,
Minnesota Vikings,roster,Theo Jackson,saved,https://a.espncdn.com/i/headshots/nfl/players/full/4242436.png,
Minnesota Vikings,roster,Joshua Metellus,saved,https://a.espncdn.com/i/headshots/nfl/players/full/4046537.png,
Minnesota Vikings,roster,Byron Murphy Jr.,saved,https://a.espncdn.com/i/headshots/nfl/players/full/4038999.png,
Minnesota Vikings,roster,Domonique Orange,saved,https://a.espncdn.com/i/headshots/nfl/players/full/4698728.png,
Minnesota Vikings,roster,Ivan Pace Jr.,saved,https://a.espncdn.com/i/headshots/nfl/players/full/4430280.png,
Minnesota Vikings,roster,James Pierre,saved,https://a.espncdn.com/i/headshots/nfl/players/full/4259252.png,
Minnesota Vikings,roster,Jalen Redmond,saved,https://a.espncdn.com/i/headshots/nfl/players/full/4360277.png,
Minnesota Vikings,roster,Bo Richter,saved,https://a.espncdn.com/i/headshots/nfl/players/full/4875564.png,
Minnesota Vikings,roster,Isaiah Rodgers,saved,https://a.espncdn.com/i/headshots/nfl/players/full/4044540.png,
Minnesota Vikings,roster,Levi Drake Rodriguez,saved,https://a.espncdn.com/i/headshots/nfl/players/full/5093973.png,
Minnesota Vikings,roster,Harrison Smith,saved,https://a.espncdn.com/i/headshots/nfl/players/full/14945.png,
Minnesota Vikings,roster,Jacob Thomas,saved,https://a.espncdn.com/i/headshots/nfl/players/full/5082397.png,
Minnesota Vikings,roster,Jakobe Thomas,saved,https://a.espncdn.com/i/headshots/nfl/players/full/4710865.png,
Minnesota Vikings,roster,Dallas Turner,saved,https://a.espncdn.com/i/headshots/nfl/players/full/4565190.png,
Minnesota Vikings,roster,Andrew Van Ginkel,saved,https://a.espncdn.com/i/headshots/nfl/players/full/3133487.png,
Minnesota Vikings,roster,Kyle Van Noy,saved,https://a.espncdn.com/i/headshots/nfl/players/full/16772.png,
Minnesota Vikings,roster,Zemaiah Vaughn,saved,https://a.espncdn.com/i/headshots/nfl/players/full/4695609.png,
Minnesota Vikings,roster,Jay Ward,saved,https://a.espncdn.com/i/headshots/nfl/players/full/4568007.png,
Minnesota Vikings,roster,Elijah Williams,saved,https://a.espncdn.com/i/headshots/nfl/players/full/4696782.png,
Minnesota Vikings,roster,Eric Wilson,saved,https://a.espncdn.com/i/headshots/nfl/players/full/3056916.png,
Minnesota Vikings,roster,Andrew DePaola,saved,https://a.espncdn.com/i/headshots/nfl/players/full/15726.png,
Minnesota Vikings,roster,Will Reichard,saved,https://a.espncdn.com/i/headshots/nfl/players/full/4567104.png,
Minnesota Vikings,roster,Brett Thorson,saved,https://a.espncdn.com/i/headshots/college-football/players/full/4799994.png,
Minnesota Vikings,roster,Jamal Adams,saved,https://a.espncdn.com/i/headshots/nfl/players/full/3115373.png,
Minnesota Vikings,roster,Tyler Batty,saved,https://a.espncdn.com/i/headshots/nfl/players/full/4608794.png,
Minnesota Vikings,roster,Michael Jurgens,saved,https://a.espncdn.com/i/headshots/nfl/players/full/4362010.png,
Minnesota Vikings,roster,Jordan Mason,saved,https://a.espncdn.com/i/headshots/nfl/players/full/4360569.png,
Minnesota Vikings,roster,Dwight McGlothern Jr.,saved,https://a.espncdn.com/i/headshots/nfl/players/full/4429128.png,
Minnesota Vikings,roster,Ben Yurosek,saved,https://a.espncdn.com/i/headshots/nfl/players/full/4433959.png,
Minnesota Vikings,roster,Da'Veawn Armstead,saved,https://a.espncdn.com/i/headshots/nfl/players/full/4705513.png,
Minnesota Vikings,roster,Maceo Beard-Aigret,no ESPN headshot,,
Minnesota Vikings,roster,Michael Briscoe,saved,https://a.espncdn.com/i/headshots/nfl/players/full/4688418.png,
Minnesota Vikings,roster,Max Brosmer,saved,https://a.espncdn.com/i/headshots/nfl/players/full/4573398.png,
Minnesota Vikings,roster,Henry Byrd,saved,https://a.espncdn.com/i/headshots/nfl/players/full/4367995.png,
Minnesota Vikings,roster,Kenny Dyson Jr.,saved,https://a.espncdn.com/i/headshots/nfl/players/full/4574008.png,
Minnesota Vikings,roster,Jerome Ford,saved,https://a.espncdn.com/i/headshots/nfl/players/full/4372019.png,
Minnesota Vikings,roster,Cam Grandy,saved,https://a.espncdn.com/i/headshots/nfl/players/full/4700712.png,
Minnesota Vikings,roster,Naquan Jones,saved,https://a.espncdn.com/i/headshots/nfl/players/full/4046716.png,
Minnesota Vikings,roster,Bangally Kamara,saved,https://a.espncdn.com/i/headshots/nfl/players/full/4432325.png,
Minnesota Vikings,roster,Jack Nelson,saved,https://a.espncdn.com/i/headshots/nfl/players/full/4693369.png,
Minnesota Vikings,roster,Bryce Phillips,saved,https://a.espncdn.com/i/headshots/nfl/players/full/5084574.png,
Minnesota Vikings,roster,Jahvaree Ritzie,saved,https://a.espncdn.com/i/headshots/nfl/players/full/4431584.png,
Minnesota Vikings,roster,Trayvon Rudolph,no ESPN headshot,,
Minnesota Vikings,roster,Tavierre Thomas,saved,https://a.espncdn.com/i/headshots/nfl/players/full/4334405.png,
Minnesota Vikings,roster,Jihad Ward,saved,https://a.espncdn.com/i/headshots/nfl/players/full/3115914.png,
Minnesota Vikings,staff,Kevin O'Connell,saved,https://static.clubs.nfl.com/image/private/t_editorial_landscape_6_desktop/f_auto/vikings/hozn31ftfmnuslvaojle.jpg,"<urlopen error [Errno 8] nodename nor servname provided, or not known>"
Minnesota Vikings,staff,Matt Daniels,saved,https://static.clubs.nfl.com/image/private/t_headshot_desktop/f_auto/vikings/feggihyg9enl6t41schm.jpg,"<urlopen error [Errno 8] nodename nor servname provided, or not known>"
Minnesota Vikings,staff,Brian Flores,saved,https://static.clubs.nfl.com/image/private/t_headshot_desktop/f_auto/vikings/njq3aeug6vj7r7oejdyj.jpg,"<urlopen error [Errno 8] nodename nor servname provided, or not known>"
Minnesota Vikings,staff,Wes Phillips,saved,https://static.clubs.nfl.com/image/private/t_headshot_desktop/f_auto/vikings/rzzjaguw0xrvmdepn8t8.jpg,"<urlopen error [Errno 8] nodename nor servname provided, or not known>"
Minnesota Vikings,staff,Frank Smith,saved,https://static.clubs.nfl.com/image/upload/t_headshot_desktop/f_png/vikings/pazwwdznzlhafmxtdcmm.png,"<urlopen error [Errno 8] nodename nor servname provided, or not known>"
Minnesota Vikings,staff,Gerald Alexander,saved,https://static.clubs.nfl.com/image/upload/t_headshot_desktop/f_png/vikings/estwqjzkxqurjbju3wep.png,"<urlopen error [Errno 8] nodename nor servname provided, or not known>"
Minnesota Vikings,staff,Thad Bogardus,saved,https://static.clubs.nfl.com/image/private/t_headshot_desktop/f_auto/vikings/jj3nkjqvtunpnirakxav.jpg,"<urlopen error [Errno 8] nodename nor servname provided, or not known>"
Minnesota Vikings,staff,Keith Carter,saved,https://static.clubs.nfl.com/image/upload/t_headshot_desktop/f_auto/vikings/tf2hmrunhlwtdq2e3evm.jpg,
Minnesota Vikings,staff,Ryan Cordell,saved,https://static.clubs.nfl.com/image/private/t_headshot_desktop/f_auto/vikings/cpmdbjzhbxg8yitea1jp.jpg,"<urlopen error [Errno 8] nodename nor servname provided, or not known>"
Minnesota Vikings,staff,Keenan McCardell,saved,https://static.clubs.nfl.com/image/private/t_headshot_desktop/f_auto/vikings/rg16pp7rdvzxhsn5tomc.jpg,"<urlopen error [Errno 8] nodename nor servname provided, or not known>"
Minnesota Vikings,staff,Josh McCown,saved,https://static.clubs.nfl.com/image/upload/t_headshot_desktop/f_auto/vikings/a0bm3tqicgl5h1d6ibvc.jpg,
Minnesota Vikings,staff,Curtis Modkins,saved,https://static.clubs.nfl.com/image/private/t_headshot_desktop/f_auto/vikings/hfr1epsnaq6fhymquj7d.jpg,"<urlopen error [Errno 8] nodename nor servname provided, or not known>"
Minnesota Vikings,staff,Ryan Nielsen,saved,https://static.clubs.nfl.com/image/upload/t_headshot_desktop/f_png/vikings/nyawvyiiotbdfrhzlfwf.png,"<urlopen error [Errno 8] nodename nor servname provided, or not known>"
Minnesota Vikings,staff,Mike Siravo,saved,https://static.clubs.nfl.com/image/private/t_headshot_desktop/f_auto/vikings/pnavg6xdvmozgxvj6mm5.jpg,"<urlopen error [Errno 8] nodename nor servname provided, or not known>"
Minnesota Vikings,staff,Kyle Caskey,saved,https://static.clubs.nfl.com/image/upload/t_headshot_desktop/f_png/vikings/xesmyf1gaw8jr3ivve9x.png,"<urlopen error [Errno 8] nodename nor servname provided, or not known>"
Minnesota Vikings,staff,Chili Davis,saved,https://static.clubs.nfl.com/image/upload/t_headshot_desktop/f_png/vikings/f6j7kxo57k88n50r3h3h.png,"<urlopen error [Errno 8] nodename nor servname provided, or not known>"
Minnesota Vikings,staff,Ben Ellefson,saved,https://static.clubs.nfl.com/image/upload/t_headshot_desktop/f_auto/vikings/vb1pe6ighskktr3tk97c.jpg,
Minnesota Vikings,staff,Charlie Frye,saved,https://static.clubs.nfl.com/image/upload/t_headshot_desktop/f_auto/vikings/r8gdm2ddhhjv7ewcmm1z.jpg,
Minnesota Vikings,staff,Chenzo Funari,saved,https://static.clubs.nfl.com/image/upload/t_headshot_desktop/f_auto/vikings/uws6els7snfjdyvbfgii.jpg,
Minnesota Vikings,staff,Dalmin Gibson,saved,https://static.clubs.nfl.com/image/private/t_headshot_desktop/f_auto/vikings/yctsm0f9ji6rabwqlvkw.jpg,"<urlopen error [Errno 8] nodename nor servname provided, or not known>"
Minnesota Vikings,staff,Patrick Hill,saved,https://static.clubs.nfl.com/image/private/t_headshot_desktop/f_auto/vikings/xobrppbajgfhwmpx7tik.jpg,"<urlopen error [Errno 8] nodename nor servname provided, or not known>"
Minnesota Vikings,staff,Will Johnson,saved,https://static.clubs.nfl.com/image/upload/t_headshot_desktop/f_png/vikings/wbj9bmk8wkr9pvzd5mwj.png,"<urlopen error [Errno 8] nodename nor servname provided, or not known>"
Minnesota Vikings,staff,Bobby McCain,saved,https://static.clubs.nfl.com/image/upload/t_headshot_desktop/f_png/vikings/fppr4gzgk7uotfvrizgf.png,"<urlopen error [Errno 8] nodename nor servname provided, or not known>"
Minnesota Vikings,staff,Derron Montgomery,saved,https://static.clubs.nfl.com/image/private/t_headshot_desktop/f_auto/vikings/wajzmlrjc5xwhjoizxia.jpg,"<urlopen error [Errno 8] nodename nor servname provided, or not known>"
Minnesota Vikings,staff,Chris O'Hara,saved,https://static.clubs.nfl.com/image/private/t_headshot_desktop/f_auto/vikings/sdsmkromkxsbcdaxsxv5.jpg,"<urlopen error [Errno 8] nodename nor servname provided, or not known>"
Minnesota Vikings,staff,Henry Schneider IV,saved,https://static.clubs.nfl.com/image/upload/t_headshot_desktop/f_auto/vikings/jei6tt1xqlieyval5vzy.jpg,
Minnesota Vikings,staff,Jordan Traylor,saved,https://static.clubs.nfl.com/image/upload/t_headshot_desktop/f_png/vikings/p3rmhpodoapnyzq9ygzn.png,
Minnesota Vikings,staff,Derek Warehime,saved,https://static.clubs.nfl.com/image/upload/t_headshot_desktop/f_png/vikings/bua5mlohggwa5gy93gzk.png,
New England Patriots,roster,Tanner Arkin,saved,https://a.espncdn.com/i/headshots/nfl/players/full/4683308.png,
New England Patriots,roster,Ben Brown,saved,https://a.espncdn.com/i/headshots/nfl/players/full/4362890.png,
New England Patriots,roster,Will Campbell,saved,https://a.espncdn.com/i/headshots/nfl/players/full/4685298.png,
New England Patriots,roster,Efton Chism III,saved,https://a.espncdn.com/i/headshots/nfl/players/full/4695193.png,
New England Patriots,roster,Dametrious Crownover,saved,https://a.espncdn.com/i/headshots/nfl/players/full/4431526.png,
New England Patriots,roster,Tommy DeVito,saved,https://a.espncdn.com/i/headshots/nfl/players/full/4240391.png,
New England Patriots,roster,Romeo Doubs,saved,https://a.espncdn.com/i/headshots/nfl/players/full/4361432.png,
New England Patriots,roster,DeMario Douglas,saved,https://a.espncdn.com/i/headshots/nfl/players/full/4427095.png,
New England Patriots,roster,Reggie Gilliam,saved,https://a.espncdn.com/i/headshots/nfl/players/full/4039505.png,
New England Patriots,roster,TreVeyon Henderson,saved,https://a.espncdn.com/i/headshots/nfl/players/full/4432710.png,
New England Patriots,roster,Hunter Henry,saved,https://a.espncdn.com/i/headshots/nfl/players/full/3046439.png,
New England Patriots,roster,Mack Hollins,saved,https://a.espncdn.com/i/headshots/nfl/players/full/2991662.png,
New England Patriots,roster,Jalen Hurd,saved,https://a.espncdn.com/i/headshots/nfl/players/full/3115328.png,
New England Patriots,roster,Corey Kiner,saved,https://a.espncdn.com/i/headshots/nfl/players/full/4431431.png,
New England Patriots,roster,Lan Larison,saved,https://a.espncdn.com/i/headshots/nfl/players/full/4698253.png,
New England Patriots,roster,Cameron Latu,saved,https://a.espncdn.com/i/headshots/nfl/players/full/4372026.png,
New England Patriots,roster,Caleb Lomu,saved,https://a.espncdn.com/i/headshots/nfl/players/full/4921438.png,
New England Patriots,roster,Drake Maye,saved,https://a.espncdn.com/i/headshots/nfl/players/full/4431452.png,
New England Patriots,roster,Behren Morton,saved,https://a.espncdn.com/i/headshots/nfl/players/full/4431465.png,
New England Patriots,roster,Morgan Moses,saved,https://a.espncdn.com/i/headshots/nfl/players/full/16771.png,
New England Patriots,roster,Mike Onwenu,saved,https://a.espncdn.com/i/headshots/nfl/players/full/4046545.png,
New England Patriots,roster,Eli Raridon,saved,https://a.espncdn.com/i/headshots/nfl/players/full/4831959.png,
New England Patriots,roster,Walter Rouse,saved,https://a.espncdn.com/i/headshots/nfl/players/full/4428394.png,
New England Patriots,roster,Rhamondre Stevenson,saved,https://a.espncdn.com/i/headshots/nfl/players/full/4569173.png,
New England Patriots,roster,Greg Van Roten,saved,https://a.espncdn.com/i/headshots/nfl/players/full/15718.png,
New England Patriots,roster,Alijah Vera-Tucker,saved,https://a.espncdn.com/i/headshots/nfl/players/full/4259646.png,
New England Patriots,roster,Kyle Williams,saved,https://a.espncdn.com/i/headshots/nfl/players/full/4613202.png,
New England Patriots,roster,Jared Wilson,saved,https://a.espncdn.com/i/headshots/nfl/players/full/4599198.png,
New England Patriots,roster,Christian Barmore,saved,https://a.espncdn.com/i/headshots/nfl/players/full/4372030.png,
New England Patriots,roster,Kevin Byard,saved,https://a.espncdn.com/i/headshots/nfl/players/full/2574056.png,
New England Patriots,roster,Channing Canada,saved,https://a.espncdn.com/i/headshots/nfl/players/full/4688779.png,
New England Patriots,roster,Carlton Davis III,saved,https://a.espncdn.com/i/headshots/nfl/players/full/3916923.png,
New England Patriots,roster,Cory Durden,saved,https://a.espncdn.com/i/headshots/nfl/players/full/4240042.png,
New England Patriots,roster,Christian Elliss,saved,https://a.espncdn.com/i/headshots/nfl/players/full/4245273.png,
New England Patriots,roster,Joshua Farmer,saved,https://a.espncdn.com/i/headshots/nfl/players/full/4611993.png,
New England Patriots,roster,Christian Gonzalez,saved,https://a.espncdn.com/i/headshots/nfl/players/full/4686772.png,
New England Patriots,roster,Erick Hunter,saved,https://a.espncdn.com/i/headshots/nfl/players/full/4890074.png,
New England Patriots,roster,Quintayvious Hutchins,saved,https://a.espncdn.com/i/headshots/nfl/players/full/4698181.png,
New England Patriots,roster,Gabe Jacas,saved,https://a.espncdn.com/i/headshots/nfl/players/full/4837244.png,
New England Patriots,roster,DaQuan Jones,saved,https://a.espncdn.com/i/headshots/nfl/players/full/16910.png,
New England Patriots,roster,Dre'Mont Jones,saved,https://a.espncdn.com/i/headshots/nfl/players/full/3915525.png,
New England Patriots,roster,Marcus Jones,saved,https://a.espncdn.com/i/headshots/nfl/players/full/4241720.png,
New England Patriots,roster,Darius Muasau,saved,https://a.espncdn.com/i/headshots/nfl/players/full/4428072.png,
New England Patriots,roster,Namdi Obiazor,saved,https://a.espncdn.com/i/headshots/nfl/players/full/5085407.png,
New England Patriots,roster,Dell Pettus,saved,https://a.espncdn.com/i/headshots/nfl/players/full/4428232.png,
New England Patriots,roster,Elijah Ponder,saved,https://a.espncdn.com/i/headshots/nfl/players/full/4688432.png,
New England Patriots,roster,Karon Prunty,saved,https://a.espncdn.com/i/headshots/nfl/players/full/4606666.png,
New England Patriots,roster,Jaylen Reed,saved,https://a.espncdn.com/i/headshots/nfl/players/full/4432758.png,
New England Patriots,roster,Robert Spillane,saved,https://a.espncdn.com/i/headshots/nfl/players/full/3129446.png,
New England Patriots,roster,Leonard Taylor III,saved,https://a.espncdn.com/i/headshots/nfl/players/full/4431598.png,
New England Patriots,roster,Milton Williams,saved,https://a.espncdn.com/i/headshots/nfl/players/full/4239699.png,
New England Patriots,roster,Charles Woods,saved,https://a.espncdn.com/i/headshots/nfl/players/full/4368113.png,
New England Patriots,roster,Craig Woodson,saved,https://a.espncdn.com/i/headshots/nfl/players/full/4428930.png,
New England Patriots,roster,Julian Ashby,saved,https://a.espncdn.com/i/headshots/nfl/players/full/4695254.png,
New England Patriots,roster,Andy Borregales,saved,https://a.espncdn.com/i/headshots/nfl/players/full/4569923.png,
New England Patriots,roster,Mitch Wishnowsky,saved,https://a.espncdn.com/i/headshots/nfl/players/full/4035685.png,
New England Patriots,roster,Bryce Baringer,saved,https://a.espncdn.com/i/headshots/nfl/players/full/4240545.png,
New England Patriots,roster,A.J. Brown,saved,https://a.espncdn.com/i/headshots/nfl/players/full/4047646.png,
New England Patriots,roster,Marcus Bryant,saved,https://a.espncdn.com/i/headshots/nfl/players/full/4565293.png,
New England Patriots,roster,Julian Hill,saved,https://a.espncdn.com/i/headshots/nfl/players/full/4365395.png,
New England Patriots,roster,Khalil Jacobs,saved,https://a.espncdn.com/i/headshots/nfl/players/full/4912116.png,
New England Patriots,roster,Harold Landry III,saved,https://a.espncdn.com/i/headshots/nfl/players/full/3122793.png,
New England Patriots,roster,Myles Montgomery,saved,https://a.espncdn.com/i/headshots/nfl/players/full/4676889.png,
New England Patriots,roster,Brenden Schooler,saved,https://a.espncdn.com/i/headshots/nfl/players/full/4047941.png,
New England Patriots,roster,Jeremiah Webb,saved,https://a.espncdn.com/i/headshots/nfl/players/full/4572655.png,
New England Patriots,roster,Chandler Brayboy,saved,https://a.espncdn.com/i/headshots/nfl/players/full/4573243.png,
New England Patriots,roster,K.J. Britt,saved,https://a.espncdn.com/i/headshots/nfl/players/full/4242521.png,
New England Patriots,roster,Elliott Davison,saved,https://a.espncdn.com/i/headshots/nfl/players/full/4688366.png,
New England Patriots,roster,Kyle Dixon,saved,https://a.espncdn.com/i/headshots/nfl/players/full/5011554.png,
New England Patriots,roster,Cameron Dorner,saved,https://a.espncdn.com/i/headshots/nfl/players/full/5295981.png,
New England Patriots,roster,Eric Gregory,saved,https://a.espncdn.com/i/headshots/nfl/players/full/4567171.png,
New England Patriots,roster,Xavier Holmes,saved,https://a.espncdn.com/i/headshots/nfl/players/full/4877877.png,
New England Patriots,roster,Jake Kubas,saved,https://a.espncdn.com/i/headshots/nfl/players/full/4383405.png,
New England Patriots,roster,Lorenz Metz,saved,https://a.espncdn.com/i/headshots/nfl/players/full/4360063.png,
New England Patriots,roster,Xavier Newman,saved,https://a.espncdn.com/i/headshots/nfl/players/full/4259186.png,
New England Patriots,roster,Jeremiah Pharms Jr.,saved,https://a.espncdn.com/i/headshots/nfl/players/full/5081728.png,
New England Patriots,roster,Jose Ramirez,saved,https://a.espncdn.com/i/headshots/nfl/players/full/4569068.png,
New England Patriots,roster,Kindle Vildor,saved,https://a.espncdn.com/i/headshots/nfl/players/full/4036651.png,
New England Patriots,roster,Riley Wilson,saved,https://a.espncdn.com/i/headshots/nfl/players/full/4613029.png,
New England Patriots,staff,Mike Vrabel,saved,https://a.espncdn.com/i/headshots/nfl/coaches/65/1257.jpg,
New England Patriots,staff,Terrell Williams,saved,https://static.clubs.nfl.com/image/upload/t_headshot_desktop/f_png/patriots/hd9dgqzg3ve6wx0i6eif.png,
New England Patriots,staff,Josh McDaniels,saved,https://static.clubs.nfl.com/image/upload/t_headshot_desktop/f_png/patriots/bidlnwaxv8yq9fmel75c.png,
New England Patriots,staff,Thomas Brown,saved,https://static.clubs.nfl.com/image/upload/t_headshot_desktop/f_png/v1781282572/patriots/szfqqj33wly6bhosp6od.png,
New England Patriots,staff,Jonathan Decoster,saved,https://static.clubs.nfl.com/image/upload/t_headshot_desktop/f_png/patriots/hz3mon4909q0smwutff3.png,
New England Patriots,staff,Tony Dews,saved,https://static.clubs.nfl.com/image/upload/t_headshot_desktop/f_png/patriots/fmgflvaj859uvlmabbgm.png,
New England Patriots,staff,Todd Downing,saved,https://static.clubs.nfl.com/image/upload/t_headshot_desktop/f_png/patriots/cp6j0dhc6jwkgvfz00r9.png,
New England Patriots,staff,Ashton Grant,saved,https://static.clubs.nfl.com/image/upload/t_headshot_desktop/f_png/patriots/mcwt0lbopvabmv1btieq.png,
New England Patriots,staff,Jason Houghtaling,saved,https://static.clubs.nfl.com/image/upload/t_headshot_desktop/f_png/v1781284344/patriots/pdccwcxv7zvf8ozpusb2.png,
New England Patriots,staff,Chuckie Keeton,saved,https://static.clubs.nfl.com/image/upload/t_headshot_desktop/f_png/patriots/baavub1gduiuir0qouys.png,
New England Patriots,staff,Riley Larkin,saved,https://static.clubs.nfl.com/image/upload/t_headshot_desktop/f_png/v1781283189/patriots/rqfl5m8pmzwgtibnstq9.png,
New England Patriots,staff,Charles London,saved,https://static.clubs.nfl.com/image/upload/t_headshot_desktop/f_png/patriots/fhgmprxssuka7e23vgdw.png,
New England Patriots,staff,Doug Marrone,saved,https://static.clubs.nfl.com/image/upload/t_headshot_desktop/f_png/patriots/u3r8chkpsmp3rpslcjpp.png,
New England Patriots,staff,Zak Kuhr,saved,https://static.clubs.nfl.com/image/upload/t_headshot_desktop/f_png/patriots/x3hgjac4pejjnrtz3rji.png,
New England Patriots,staff,Scott Booker,saved,https://static.clubs.nfl.com/image/upload/t_headshot_desktop/f_png/v1781284662/patriots/mmjfwnrfzo7aslfwb5jn.png,
New England Patriots,staff,Vinny DePalma,saved,https://static.clubs.nfl.com/image/upload/t_headshot_desktop/f_png/v1781284758/patriots/i37eglx6yo4ymwbrkkwx.png,
New England Patriots,staff,BJ Edmonds,saved,https://static.clubs.nfl.com/image/upload/t_headshot_desktop/f_png/patriots/hiovzjtfbyyuaha6jrah.png,
New England Patriots,staff,Justin Hamilton,saved,https://static.clubs.nfl.com/image/upload/t_headshot_desktop/f_png/patriots/rfsn6njjiljtbs4arbph.png,
New England Patriots,staff,Clinton McMillan,saved,https://static.clubs.nfl.com/image/upload/t_headshot_desktop/f_png/patriots/wcahhb2xtnimwcnxsrtm.png,
New England Patriots,staff,Kevin Richardson,saved,https://static.clubs.nfl.com/image/upload/t_headshot_desktop/f_png/patriots/fymzemujqrbfkvrj8o0z.png,
New England Patriots,staff,Mike Smith,saved,https://static.clubs.nfl.com/image/upload/t_headshot_desktop/f_png/patriots/l5iqvibmko2dh5ybkjuj.png,
New England Patriots,staff,Jeremy Springer,saved,https://static.clubs.nfl.com/image/upload/t_headshot_desktop/f_png/patriots/usy58p88xcb1qexlcfr9.png,
New England Patriots,staff,Tom Quinn,saved,https://static.clubs.nfl.com/image/upload/t_headshot_desktop/f_png/patriots/fgtdmdj4olol2wbh5lt7.png,
New England Patriots,staff,Frank Piraino,saved,https://static.clubs.nfl.com/image/upload/t_headshot_desktop/f_png/patriots/yho1tci6w1wob8m8i7qs.png,
New England Patriots,staff,Brandon Martuccio,saved,https://static.clubs.nfl.com/image/upload/t_headshot_desktop/f_png/patriots/uefmgcedig5zdy2ich7d.png,
New England Patriots,staff,Deron Mayo,saved,https://static.clubs.nfl.com/image/upload/t_headshot_desktop/f_png/patriots/cggkv2cysqfn1ip02ejt.png,
New England Patriots,staff,Brian McDonough,saved,https://static.clubs.nfl.com/image/upload/t_headshot_desktop/f_png/patriots/h3d35iqhsmtfrax8izde.png,
New England Patriots,staff,John Streicher,saved,https://static.clubs.nfl.com/image/upload/t_headshot_desktop/f_png/patriots/mdxa3dusm6ndkgrkdfzr.png,
New England Patriots,staff,Ekene Olekanma,saved,https://static.clubs.nfl.com/image/upload/t_headshot_desktop/f_png/patriots/n92xtzrunygi9ukepish.png,
New Orleans Saints,roster,Kevin Austin Jr.,saved,https://a.espncdn.com/i/headshots/nfl/players/full/4372758.png,
New Orleans Saints,roster,Kelvin Banks Jr.,saved,https://a.espncdn.com/i/headshots/nfl/players/full/4685260.png,
New Orleans Saints,roster,Barion Brown,saved,https://a.espncdn.com/i/headshots/nfl/players/full/4698597.png,
New Orleans Saints,roster,Oscar Delp,saved,https://a.espncdn.com/i/headshots/nfl/players/full/4702559.png,
New Orleans Saints,roster,CJ Donaldson,saved,https://a.espncdn.com/i/headshots/nfl/players/full/5081999.png,
New Orleans Saints,roster,David Edwards,saved,https://a.espncdn.com/i/headshots/nfl/players/full/3917660.png,
New Orleans Saints,roster,Travis Etienne Jr.,saved,https://a.espncdn.com/i/headshots/nfl/players/full/4239996.png,
New Orleans Saints,roster,Noah Fant,saved,https://a.espncdn.com/i/headshots/nfl/players/full/4036131.png,
New Orleans Saints,roster,Taliese Fuaga,saved,https://a.espncdn.com/i/headshots/nfl/players/full/4606711.png,
New Orleans Saints,roster,Juwan Johnson,saved,https://a.espncdn.com/i/headshots/nfl/players/full/3929645.png,
New Orleans Saints,roster,Alvin Kamara,saved,https://a.espncdn.com/i/headshots/nfl/players/full/3054850.png,
New Orleans Saints,roster,Bryce Lance,saved,https://a.espncdn.com/i/headshots/nfl/players/full/4879276.png,
New Orleans Saints,roster,Erik McCoy,saved,https://a.espncdn.com/i/headshots/nfl/players/full/3917331.png,
New Orleans Saints,roster,Kendre Miller,saved,https://a.espncdn.com/i/headshots/nfl/players/full/4599739.png,
New Orleans Saints,roster,Mason Murphy,saved,https://a.espncdn.com/i/headshots/nfl/players/full/4682479.png,
New Orleans Saints,roster,Chris Olave,saved,https://a.espncdn.com/i/headshots/nfl/players/full/4361370.png,
New Orleans Saints,roster,Spencer Rattler,saved,https://a.espncdn.com/i/headshots/nfl/players/full/4426339.png,
New Orleans Saints,roster,Brock Rechsteiner,saved,https://a.espncdn.com/i/headshots/nfl/players/full/4877738.png,
New Orleans Saints,roster,Asim Richards,saved,https://a.espncdn.com/i/headshots/nfl/players/full/4430379.png,
New Orleans Saints,roster,Cesar Ruiz,saved,https://a.espncdn.com/i/headshots/nfl/players/full/4258199.png,
New Orleans Saints,roster,William Sherman,saved,https://a.espncdn.com/i/headshots/nfl/players/full/4243186.png,
New Orleans Saints,roster,Tyler Shough,saved,https://a.espncdn.com/i/headshots/nfl/players/full/4360689.png,
New Orleans Saints,roster,Devaughn Vele,saved,https://a.espncdn.com/i/headshots/nfl/players/full/4569559.png,
New Orleans Saints,roster,Treyton Welch,saved,https://a.espncdn.com/i/headshots/nfl/players/full/4430684.png,
New Orleans Saints,roster,Zach Wilson,saved,https://a.espncdn.com/i/headshots/nfl/players/full/4361259.png,
New Orleans Saints,roster,Jeremiah Wright,saved,https://a.espncdn.com/i/headshots/nfl/players/full/4433938.png,
New Orleans Saints,roster,Julian Blackmon,saved,https://a.espncdn.com/i/headshots/nfl/players/full/4035661.png,
New Orleans Saints,roster,Khristian Boyd,saved,https://a.espncdn.com/i/headshots/nfl/players/full/4384595.png,
New Orleans Saints,roster,Vernon Broughton,saved,https://a.espncdn.com/i/headshots/nfl/players/full/4429040.png,
New Orleans Saints,roster,Kaden Elliss,saved,https://a.espncdn.com/i/headshots/nfl/players/full/3124890.png,
New Orleans Saints,roster,Martin Emerson Jr.,saved,https://a.espncdn.com/i/headshots/nfl/players/full/4429568.png,
New Orleans Saints,roster,Davon Godchaux,saved,https://a.espncdn.com/i/headshots/nfl/players/full/3115383.png,
New Orleans Saints,roster,Carl Granderson,saved,https://a.espncdn.com/i/headshots/nfl/players/full/3918310.png,
New Orleans Saints,roster,Jordan Howden,saved,https://a.espncdn.com/i/headshots/nfl/players/full/4360949.png,
New Orleans Saints,roster,Anfernee Jennings,saved,https://a.espncdn.com/i/headshots/nfl/players/full/3925350.png,
New Orleans Saints,roster,Cameron Jordan,saved,https://a.espncdn.com/i/headshots/nfl/players/full/13971.png,
New Orleans Saints,roster,Kool-Aid McKinstry,saved,https://a.espncdn.com/i/headshots/nfl/players/full/4433975.png,
New Orleans Saints,roster,Christen Miller,saved,https://a.espncdn.com/i/headshots/nfl/players/full/4685479.png,
New Orleans Saints,roster,Jayden Price,saved,https://a.espncdn.com/i/headshots/nfl/players/full/4383391.png,
New Orleans Saints,roster,Justin Reid,saved,https://a.espncdn.com/i/headshots/nfl/players/full/3931399.png,
New Orleans Saints,roster,Mike Reid,saved,https://a.espncdn.com/i/headshots/nfl/players/full/4775268.png,
New Orleans Saints,roster,Decamerion Richardson,saved,https://a.espncdn.com/i/headshots/nfl/players/full/4605498.png,
New Orleans Saints,roster,John Ridgeway III,saved,https://a.espncdn.com/i/headshots/nfl/players/full/4248047.png,
New Orleans Saints,roster,Quincy Riley,saved,https://a.espncdn.com/i/headshots/nfl/players/full/4428350.png,
New Orleans Saints,roster,Chris Rumph II,saved,https://a.espncdn.com/i/headshots/nfl/players/full/4240475.png,
New Orleans Saints,roster,Jonas Sanker,saved,https://a.espncdn.com/i/headshots/nfl/players/full/4683813.png,
New Orleans Saints,roster,Nathan Shepherd,saved,https://a.espncdn.com/i/headshots/nfl/players/full/4076951.png,
New Orleans Saints,roster,Isaiah Stalbird,saved,https://a.espncdn.com/i/headshots/nfl/players/full/4361194.png,
New Orleans Saints,roster,Danny Stutsman,saved,https://a.espncdn.com/i/headshots/nfl/players/full/4683215.png,
New Orleans Saints,roster,Pete Werner,saved,https://a.espncdn.com/i/headshots/nfl/players/full/4241993.png,
New Orleans Saints,roster,Tyree Wilson,saved,https://a.espncdn.com/i/headshots/nfl/players/full/4372533.png,
New Orleans Saints,roster,Colby Wooden,saved,https://a.espncdn.com/i/headshots/nfl/players/full/4567224.png,
New Orleans Saints,roster,Chase Young,saved,https://a.espncdn.com/i/headshots/nfl/players/full/4241986.png,
New Orleans Saints,roster,Daniel Carlson,saved,https://a.espncdn.com/i/headshots/nfl/players/full/3051909.png,
New Orleans Saints,roster,Scott Daly,saved,https://a.espncdn.com/i/headshots/nfl/players/full/2980138.png,
New Orleans Saints,roster,Ryan Wright,saved,https://a.espncdn.com/i/headshots/nfl/players/full/4361823.png,
New Orleans Saints,roster,Bryan Bresee,saved,https://a.espncdn.com/i/headshots/nfl/players/full/4428988.png,
New Orleans Saints,roster,Ty Chandler,saved,https://a.espncdn.com/i/headshots/nfl/players/full/4242431.png,
New Orleans Saints,roster,Audric Estime,saved,https://a.espncdn.com/i/headshots/nfl/players/full/4569682.png,
New Orleans Saints,roster,Jaylan Ford,saved,https://a.espncdn.com/i/headshots/nfl/players/full/4566088.png,
New Orleans Saints,roster,David Long Jr.,saved,https://a.espncdn.com/i/headshots/nfl/players/full/4046536.png,
New Orleans Saints,roster,Moliki Matavao,saved,https://a.espncdn.com/i/headshots/nfl/players/full/4432731.png,
New Orleans Saints,roster,Dillon Radunz,saved,https://a.espncdn.com/i/headshots/nfl/players/full/4040945.png,
New Orleans Saints,roster,Nick Saldiveri,saved,https://a.espncdn.com/i/headshots/nfl/players/full/4361600.png,
New Orleans Saints,roster,Lorenzo Styles Jr.,saved,https://a.espncdn.com/i/headshots/nfl/players/full/4432768.png,
New Orleans Saints,roster,Mason Tipton,saved,https://a.espncdn.com/i/headshots/nfl/players/full/4573697.png,
New Orleans Saints,roster,Jordyn Tyson,saved,https://a.espncdn.com/i/headshots/nfl/players/full/4880281.png,
New Orleans Saints,roster,Zach Wood,saved,https://a.espncdn.com/i/headshots/nfl/players/full/2575788.png,
New Orleans Saints,roster,Rejzohn Wright,saved,https://a.espncdn.com/i/headshots/nfl/players/full/4696043.png,
New Orleans Saints,roster,Fadil Diggs,saved,https://a.espncdn.com/i/headshots/nfl/players/full/4429073.png,
New Orleans Saints,roster,TJ Hall Jr.,saved,https://a.espncdn.com/i/headshots/nfl/players/full/4873075.png,
New Orleans Saints,roster,Alan Herron,saved,https://a.espncdn.com/i/headshots/nfl/players/full/5164879.png,
New Orleans Saints,roster,Easton Kilty,saved,https://a.espncdn.com/i/headshots/nfl/players/full/4696488.png,
New Orleans Saints,roster,Jalen Moreno-Cropper,saved,https://a.espncdn.com/i/headshots/nfl/players/full/4426990.png,
New Orleans Saints,roster,Trey Palmer,saved,https://a.espncdn.com/i/headshots/nfl/players/full/4426407.png,
New Orleans Saints,roster,Kyrese Rowan,saved,https://a.espncdn.com/i/headshots/nfl/players/full/4574860.png,
New Orleans Saints,roster,Jackson Sirmon,saved,https://a.espncdn.com/i/headshots/nfl/players/full/4361101.png,
New Orleans Saints,roster,Stone Smartt,saved,https://a.espncdn.com/i/headshots/nfl/players/full/4250764.png,
New Orleans Saints,roster,Charlie Smyth,saved,https://a.espncdn.com/i/headshots/nfl/players/full/5208518.png,
New Orleans Saints,roster,Jay'viar Suggs,saved,https://a.espncdn.com/i/headshots/nfl/players/full/5213029.png,
New Orleans Saints,roster,Cedric Tillman,saved,https://a.espncdn.com/i/headshots/nfl/players/full/4369863.png,
New Orleans Saints,roster,Zamir White,saved,https://a.espncdn.com/i/headshots/nfl/players/full/4361777.png,
New Orleans Saints,roster,Jonah Williams,saved,https://a.espncdn.com/i/headshots/nfl/players/full/4032481.png,
New Orleans Saints,roster,Alex Wollschlaeger,saved,https://a.espncdn.com/i/headshots/nfl/players/full/4433930.png,
New Orleans Saints,staff,Kellen Moore,saved,https://static.clubs.nfl.com/image/upload/t_editorial_landscape_6_desktop/f_auto/saints/ahvamdhwedu0nqkumb9h.jpg,"<urlopen error [Errno 8] nodename nor servname provided, or not known>"
New Orleans Saints,staff,Doug Nussmeier,saved,https://static.clubs.nfl.com/image/upload/t_headshot_desktop/f_auto/saints/zxhcovmyv0kqer28r49d.jpg,
New Orleans Saints,staff,Joel Thomas,saved,https://static.clubs.nfl.com/image/upload/t_headshot_desktop/f_auto/saints/zwkwvwjkskzjpixdmjra.jpg,
New Orleans Saints,staff,T.J. Paganetti,saved,https://static.clubs.nfl.com/image/upload/t_headshot_desktop/f_auto/saints/ddrx8h7nkw9s7z2sekqu.jpg,
New Orleans Saints,staff,Will Clapp,saved,https://static.clubs.nfl.com/image/upload/t_headshot_desktop/f_auto/saints/uqscfmxxtureis6v24ys.jpg,
New Orleans Saints,staff,Chase Haslett,saved,https://static.clubs.nfl.com/image/upload/t_headshot_desktop/f_auto/saints/mcs3e1uyk6ftun4wqych.jpg,
New Orleans Saints,staff,Josh Hill,saved,https://static.clubs.nfl.com/image/upload/t_headshot_desktop/f_auto/saints/fdviwfysq6xnpn3dkixs.jpg,
New Orleans Saints,staff,Tobijah Hughley,saved,https://static.clubs.nfl.com/image/upload/t_headshot_desktop/f_auto/saints/yrkbvpne76djuor3xkdz.jpg,
New Orleans Saints,staff,Brendan Nugent,saved,https://static.clubs.nfl.com/image/upload/t_headshot_desktop/f_auto/saints/wl716kauatgbif0modzy.jpg,
New Orleans Saints,staff,Scott Linehan,saved,https://static.clubs.nfl.com/image/upload/t_headshot_desktop/f_auto/saints/vaihdypqkxqlpxigfyqi.jpg,
New Orleans Saints,staff,Mike Martinez,saved,https://static.clubs.nfl.com/image/upload/t_headshot_desktop/f_auto/saints/bgqqekpall6agn61tilo.jpg,
New Orleans Saints,staff,Scott Tolzien,saved,https://static.clubs.nfl.com/image/upload/t_headshot_desktop/f_auto/saints/mm8qsiyjkbwf5ztp93ls.jpg,
New Orleans Saints,staff,Kyle Valero,saved,https://static.clubs.nfl.com/image/upload/t_headshot_desktop/f_auto/saints/tgqpbj7cpwicspspyes1.jpg,
New Orleans Saints,staff,Keith Williams,saved,https://static.clubs.nfl.com/image/upload/t_headshot_desktop/f_auto/saints/k1ediaoamtnpkcxvzvtc.jpg,
New Orleans Saints,staff,Brandon Staley,saved,https://static.clubs.nfl.com/image/upload/t_headshot_desktop/f_auto/saints/crs6v11guoqyiohtotlq.jpg,
New Orleans Saints,staff,Terry Joseph,saved,https://static.clubs.nfl.com/image/upload/t_headshot_desktop/f_auto/saints/qsscrxpjg6iucrg4lysj.jpg,
New Orleans Saints,staff,Robert Blanton,saved,https://static.clubs.nfl.com/image/upload/t_headshot_desktop/f_auto/saints/czukjy1blut4uxifohxc.jpg,
New Orleans Saints,staff,Grady Brown,saved,https://static.clubs.nfl.com/image/upload/t_headshot_desktop/f_auto/saints/s5uakv32ztm8ru8py581.jpg,
New Orleans Saints,staff,Bo Davis,saved,https://static.clubs.nfl.com/image/upload/t_headshot_desktop/f_auto/saints/dacqkgngqxosmvmuvdmp.jpg,
New Orleans Saints,staff,Peter Giunta,saved,https://static.clubs.nfl.com/image/upload/t_headshot_desktop/f_auto/saints/bhw3l5esi4dobs5funvj.jpg,
New Orleans Saints,staff,Adam Gristick,saved,https://static.clubs.nfl.com/image/upload/t_headshot_desktop/f_auto/saints/tlts8judn5pj7uc1fcqe.jpg,
New Orleans Saints,staff,Jay Rodgers,saved,https://static.clubs.nfl.com/image/upload/t_headshot_desktop/f_auto/saints/ntz02itxartslsdd95qe.jpg,
New Orleans Saints,staff,Peter Sirmon,saved,https://static.clubs.nfl.com/image/upload/t_headshot_desktop/f_auto/saints/povbe1rdfmkwyupegtha.jpg,
New Orleans Saints,staff,Brian Young,saved,https://static.clubs.nfl.com/image/private/t_headshot_desktop/f_auto/saints/lemamryltpsd252gitse.jpg,"<urlopen error [Errno 8] nodename nor servname provided, or not known>"
New Orleans Saints,staff,Phil Galiano,saved,https://static.clubs.nfl.com/image/private/t_headshot_desktop/f_auto/saints/e6vommswow9e0o0rzhkb.jpg,"<urlopen error [Errno 8] nodename nor servname provided, or not known>"
New Orleans Saints,staff,Kyle Wilber,saved,https://static.clubs.nfl.com/image/upload/t_headshot_desktop/f_auto/saints/ze3fyotirnerm2csutwz.jpg,
New York Giants,roster,Odell Beckham Jr.,saved,https://a.espncdn.com/i/headshots/nfl/players/full/16733.png,
New York Giants,roster,Braxton Berrios,saved,https://a.espncdn.com/i/headshots/nfl/players/full/3123075.png,
New York Giants,roster,Jaxson Dart,saved,https://a.espncdn.com/i/headshots/nfl/players/full/4689114.png,
New York Giants,roster,J.C. Davis,saved,https://a.espncdn.com/i/headshots/nfl/players/full/5082353.png,
New York Giants,roster,Jermaine Eluemunor,saved,https://a.espncdn.com/i/headshots/nfl/players/full/3115303.png,
New York Giants,roster,Thomas Fidone II,saved,https://a.espncdn.com/i/headshots/nfl/players/full/4590292.png,
New York Giants,roster,Malachi Fields,saved,https://a.espncdn.com/i/headshots/nfl/players/full/4682648.png,
New York Giants,roster,Najee Harris,saved,https://a.espncdn.com/i/headshots/nfl/players/full/4241457.png,
New York Giants,roster,Bryan Hudson,saved,https://a.espncdn.com/i/headshots/nfl/players/full/4426489.png,
New York Giants,roster,Theo Johnson,saved,https://a.espncdn.com/i/headshots/nfl/players/full/4429148.png,
New York Giants,roster,Isaiah Likely,saved,https://a.espncdn.com/i/headshots/nfl/players/full/4361050.png,
New York Giants,roster,Chris Manhertz,saved,https://a.espncdn.com/i/headshots/nfl/players/full/2531358.png,
New York Giants,roster,Francis Mauigoa,saved,https://a.espncdn.com/i/headshots/nfl/players/full/4870914.png,
New York Giants,roster,Marcus Mbow,saved,https://a.espncdn.com/i/headshots/nfl/players/full/4686362.png,
New York Giants,roster,Darnell Mooney,saved,https://a.espncdn.com/i/headshots/nfl/players/full/4040655.png,
New York Giants,roster,Malik Nabers,saved,https://a.espncdn.com/i/headshots/nfl/players/full/4595348.png,
New York Giants,roster,Patrick Ricard,saved,https://a.espncdn.com/i/headshots/nfl/players/full/2975417.png,
New York Giants,roster,Jon Runyan,saved,https://a.espncdn.com/i/headshots/nfl/players/full/3929936.png,
New York Giants,roster,John Michael Schmitz Jr.,saved,https://a.espncdn.com/i/headshots/nfl/players/full/4240771.png,
New York Giants,roster,Devin Singletary,saved,https://a.espncdn.com/i/headshots/nfl/players/full/4040761.png,
New York Giants,roster,Cam Skattebo,saved,https://a.espncdn.com/i/headshots/nfl/players/full/4696981.png,
New York Giants,roster,Aaron Stinnie,saved,https://a.espncdn.com/i/headshots/nfl/players/full/3049339.png,
New York Giants,roster,Andrew Thomas,saved,https://a.espncdn.com/i/headshots/nfl/players/full/4259566.png,
New York Giants,roster,Tyrone Tracy Jr.,saved,https://a.espncdn.com/i/headshots/nfl/players/full/4360516.png,
New York Giants,roster,Jameis Winston,saved,https://a.espncdn.com/i/headshots/nfl/players/full/2969939.png,
New York Giants,roster,Darius Alexander,saved,https://a.espncdn.com/i/headshots/nfl/players/full/4426542.png,
New York Giants,roster,Deonte Banks,saved,https://a.espncdn.com/i/headshots/nfl/players/full/4428328.png,
New York Giants,roster,Zaire Barnes,saved,https://a.espncdn.com/i/headshots/nfl/players/full/4362234.png,
New York Giants,roster,Brian Burns,saved,https://a.espncdn.com/i/headshots/nfl/players/full/4035631.png,
New York Giants,roster,Elijah Campbell,saved,https://a.espncdn.com/i/headshots/nfl/players/full/3932901.png,
New York Giants,roster,Abdul Carter,saved,https://a.espncdn.com/i/headshots/nfl/players/full/4725996.png,
New York Giants,roster,Tremaine Edmunds,saved,https://a.espncdn.com/i/headshots/nfl/players/full/3929950.png,
New York Giants,roster,Chauncey Golston,saved,https://a.espncdn.com/i/headshots/nfl/players/full/4036132.png,
New York Giants,roster,Shelby Harris,saved,https://a.espncdn.com/i/headshots/nfl/players/full/16837.png,
New York Giants,roster,Malik Harrison,saved,https://a.espncdn.com/i/headshots/nfl/players/full/4040615.png,
New York Giants,roster,Jevon Holland,saved,https://a.espncdn.com/i/headshots/nfl/players/full/4373809.png,
New York Giants,roster,Colton Hood,saved,https://a.espncdn.com/i/headshots/nfl/players/full/4921249.png,
New York Giants,roster,Bobby Jamison-Travis,saved,https://a.espncdn.com/i/headshots/nfl/players/full/5159928.png,
New York Giants,roster,Nic Jones,saved,https://a.espncdn.com/i/headshots/nfl/players/full/4427636.png,
New York Giants,roster,Jack Kelly,saved,https://a.espncdn.com/i/headshots/nfl/players/full/4876380.png,
New York Giants,roster,Micah McFadden,saved,https://a.espncdn.com/i/headshots/nfl/players/full/4371961.png,
New York Giants,roster,Greg Newsome II,saved,https://a.espncdn.com/i/headshots/nfl/players/full/4361266.png,
New York Giants,roster,Tyler Nubin,saved,https://a.espncdn.com/i/headshots/nfl/players/full/4430261.png,
New York Giants,roster,CJ Okoye,saved,https://a.espncdn.com/i/headshots/nfl/players/full/5144942.png,
New York Giants,roster,Dru Phillips,saved,https://a.espncdn.com/i/headshots/nfl/players/full/4431321.png,
New York Giants,roster,Jason Pinnock,saved,https://a.espncdn.com/i/headshots/nfl/players/full/4240706.png,
New York Giants,roster,DJ Reader,saved,https://a.espncdn.com/i/headshots/nfl/players/full/2977670.png,
New York Giants,roster,Nikko Reed,saved,https://a.espncdn.com/i/headshots/nfl/players/full/4691043.png,
New York Giants,roster,Arvell Reese,saved,https://a.espncdn.com/i/headshots/nfl/players/full/4950400.png,
New York Giants,roster,Kayvon Thibodeaux,saved,https://a.espncdn.com/i/headshots/nfl/players/full/4426326.png,
New York Giants,roster,Josh Tupou,saved,https://a.espncdn.com/i/headshots/nfl/players/full/2979632.png,
New York Giants,roster,Ar'Darius Washington,saved,https://a.espncdn.com/i/headshots/nfl/players/full/4362492.png,
New York Giants,roster,Ben Mann,saved,https://a.espncdn.com/i/headshots/nfl/players/full/4883114.png,
New York Giants,roster,Jordan Stout,saved,https://a.espncdn.com/i/headshots/nfl/players/full/4260224.png,
New York Giants,roster,Dominic Zvada,saved,https://a.espncdn.com/i/headshots/nfl/players/full/5082424.png,
New York Giants,roster,Paulson Adebo,saved,https://a.espncdn.com/i/headshots/nfl/players/full/4242547.png,
New York Giants,roster,Calvin Austin III,saved,https://a.espncdn.com/i/headshots/nfl/players/full/4243389.png,
New York Giants,roster,Jarrick Bernard-Converse,saved,https://a.espncdn.com/i/headshots/nfl/players/full/4361834.png,
New York Giants,roster,Korie Black,saved,https://a.espncdn.com/i/headshots/nfl/players/full/4429281.png,
New York Giants,roster,Thaddeus Dixon,saved,https://a.espncdn.com/i/headshots/nfl/players/full/5151880.png,
New York Giants,roster,DJ James,saved,https://a.espncdn.com/i/headshots/nfl/players/full/4429891.png,
New York Giants,roster,Gunner Olszewski,saved,https://a.espncdn.com/i/headshots/nfl/players/full/4424106.png,
New York Giants,roster,Rico Payton,saved,https://a.espncdn.com/i/headshots/nfl/players/full/4368350.png,
New York Giants,roster,Roy Robertson-Harris,saved,https://a.espncdn.com/i/headshots/nfl/players/full/2574891.png,
New York Giants,roster,Dalen Cambre,saved,https://a.espncdn.com/i/headshots/nfl/players/full/4570296.png,
New York Giants,roster,Kingsley Eguakun,saved,https://a.espncdn.com/i/headshots/nfl/players/full/4567410.png,
New York Giants,roster,Grant Finley,saved,https://a.espncdn.com/i/headshots/nfl/players/full/5393270.png,
New York Giants,roster,Trace Ford,saved,https://a.espncdn.com/i/headshots/nfl/players/full/4427207.png,
New York Giants,roster,Jarrod Gray,saved,https://a.espncdn.com/i/headshots/nfl/players/full/5360470.png,
New York Giants,roster,Jake Haener,saved,https://a.espncdn.com/i/headshots/nfl/players/full/4243322.png,
New York Giants,roster,Jalin Hyatt,saved,https://a.espncdn.com/i/headshots/nfl/players/full/4692590.png,
New York Giants,roster,Charlie Jones,saved,https://a.espncdn.com/i/headshots/nfl/players/full/4257188.png,
New York Giants,roster,Elijah Jones,saved,https://a.espncdn.com/i/headshots/nfl/players/full/4360203.png,
New York Giants,roster,Darian Kinnard,saved,https://a.espncdn.com/i/headshots/nfl/players/full/4362611.png,
New York Giants,roster,Raheem Layne,saved,https://a.espncdn.com/i/headshots/nfl/players/full/4258237.png,
New York Giants,roster,Phil Mafah,saved,https://a.espncdn.com/i/headshots/nfl/players/full/4431562.png,
New York Giants,roster,Chandler Martin,saved,https://a.espncdn.com/i/headshots/nfl/players/full/4695086.png,
New York Giants,roster,Jaden Robinson,saved,https://a.espncdn.com/i/headshots/nfl/players/full/4374032.png,
New York Giants,roster,Geno VanDeMark,saved,https://a.espncdn.com/i/headshots/nfl/players/full/4875981.png,
New York Giants,staff,John Harbaugh,saved,https://a.espncdn.com/i/headshots/nfl/coaches/65/17587.jpg,
New York Giants,staff,Chris Horton,saved,https://static.clubs.nfl.com/image/upload/t_editorial_landscape_6_desktop/f_auto/giants/wbkluc236dhgyslzuqeb.jpg,"<urlopen error [Errno 8] nodename nor servname provided, or not known>"
New York Giants,staff,Matt Nagy,saved,https://static.clubs.nfl.com/image/upload/t_editorial_landscape_6_desktop/f_auto/giants/nmkq4gyrtd0tbkhtourt.jpg,"<urlopen error [Errno 8] nodename nor servname provided, or not known>"
New York Giants,staff,Dennard Wilson,saved,https://static.clubs.nfl.com/image/upload/t_editorial_landscape_6_desktop/f_auto/giants/yadslf0t6mioqiirws76.jpg,"<urlopen error [Errno 8] nodename nor servname provided, or not known>"
New York Giants,staff,Mike Bloomgren,saved,https://static.clubs.nfl.com/image/upload/t_headshot_desktop/f_auto/giants/vu8wociqtxncvrucmben.jpg,
New York Giants,staff,Brian Callahan,saved,https://static.clubs.nfl.com/image/upload/t_headshot_desktop/f_auto/giants/hbeoxuja7qt3kibb5fef.jpg,
New York Giants,staff,Chad Hall,saved,https://static.clubs.nfl.com/image/upload/t_headshot_desktop/f_auto/giants/xygmievjpbgurt3m8izv.jpg,
New York Giants,staff,Tim Kelly,saved,https://static.clubs.nfl.com/image/upload/t_headshot_desktop/f_auto/giants/aga6hfcpb4vtfxtdzrfl.jpg,
New York Giants,staff,Grant Newsome,saved,https://static.clubs.nfl.com/image/upload/t_headshot_desktop/f_auto/giants/f7sdc9yiq8aziybdf8ox.jpg,
New York Giants,staff,Noah Riley,saved,https://static.clubs.nfl.com/image/upload/t_headshot_desktop/f_auto/giants/gcybgogrp8agtpdjxlnz.jpg,
New York Giants,staff,Greg Roman,saved,https://static.clubs.nfl.com/image/upload/t_headshot_desktop/f_auto/giants/jgixzwsujecnyjxxhbsy.jpg,
New York Giants,staff,Adam Schrack,saved,https://static.clubs.nfl.com/image/upload/t_headshot_desktop/f_auto/giants/z6dhtdanpdhm71akhwmb.jpg,
New York Giants,staff,Mike Snyder,saved,https://static.clubs.nfl.com/image/upload/t_headshot_desktop/f_auto/giants/juodzdt9f3y0j28w3jr2.jpg,
New York Giants,staff,Willie Taggart,saved,https://static.clubs.nfl.com/image/upload/t_headshot_desktop/f_auto/giants/oidffczwuaeremybeeht.jpg,
New York Giants,staff,Charlie Bullen,saved,https://static.clubs.nfl.com/image/upload/t_headshot_desktop/f_auto/giants/unsjx7rucwhgrbkykqth.jpg,
New York Giants,staff,Frank Bush,saved,https://static.clubs.nfl.com/image/upload/t_headshot_desktop/f_auto/giants/hoi7lr7wowabfecbuaoo.jpg,
New York Giants,staff,Brendan Clark,saved,https://static.clubs.nfl.com/image/upload/t_headshot_desktop/f_auto/giants/ubg2jipmf7pl5jqe7ar2.jpg,
New York Giants,staff,Donald D'Alesio,saved,https://static.clubs.nfl.com/image/upload/t_headshot_desktop/f_auto/giants/mllhszbobrqer64ileou.jpg,
New York Giants,staff,Dennis Johnson,saved,https://static.clubs.nfl.com/image/upload/t_headshot_desktop/f_auto/giants/ocu4yf7zf0nvxdayx3ez.jpg,
New York Giants,staff,Addison Lynch,saved,https://static.clubs.nfl.com/image/upload/t_headshot_desktop/f_auto/giants/eup329unstrcse7p0z9u.jpg,
New York Giants,staff,Matt Pees,saved,https://static.clubs.nfl.com/image/upload/t_headshot_desktop/f_auto/giants/fvbx1h5llxyljijoujr2.jpg,
New York Giants,staff,Megan Rosburg,saved,https://static.clubs.nfl.com/image/upload/t_headshot_desktop/f_auto/giants/ylxw5czyf1bh1om04zl2.jpg,
New York Giants,staff,T.J. Weist,saved,https://static.clubs.nfl.com/image/upload/t_headshot_desktop/f_auto/giants/jaxpuec6kcfiyzwrvekg.jpg,
New York Giants,staff,Aaron Wellman,saved,https://static.clubs.nfl.com/image/upload/t_headshot_desktop/f_auto/giants/u8m8eq2orqwqwgmbauav.jpg,"<urlopen error [Errno 8] nodename nor servname provided, or not known>"
New York Giants,staff,Sam Rosengarten,saved,https://static.clubs.nfl.com/image/upload/t_headshot_desktop/f_auto/giants/e4oatzunb274bek0sypg.jpg,"<urlopen error [Errno 8] nodename nor servname provided, or not known>"
New York Giants,staff,Ron Shrift,saved,https://static.clubs.nfl.com/image/upload/t_headshot_desktop/f_auto/giants/nnkpmg0qkkwbuzzkcpdx.jpg,"<urlopen error [Errno 8] nodename nor servname provided, or not known>"
New York Giants,staff,Chris Allen,saved,https://static.clubs.nfl.com/image/upload/t_headshot_desktop/f_auto/giants/bubpixqlfu2qm6hxkgpm.jpg,"<urlopen error [Errno 8] nodename nor servname provided, or not known>"
New York Giants,staff,Sam Coad,saved,https://static.clubs.nfl.com/image/upload/t_headshot_desktop/f_auto/giants/hkksyn7nyj23frpgn1rt.jpg,"<urlopen error [Errno 8] nodename nor servname provided, or not known>"
New York Giants,staff,Brian Ellis,saved,https://static.clubs.nfl.com/image/upload/t_headshot_desktop/f_auto/giants/ptgzjuaqo5wrhbyw7pyn.jpg,"<urlopen error [Errno 8] nodename nor servname provided, or not known>"
New York Giants,staff,Matthew Frakes,saved,https://static.clubs.nfl.com/image/upload/t_headshot_desktop/f_auto/giants/sncersikcz4cq3sx7ush.jpg,"<urlopen error [Errno 8] nodename nor servname provided, or not known>"
New York Giants,staff,Mark Naylor,saved,https://static.clubs.nfl.com/image/upload/t_headshot_desktop/f_auto/giants/qbldb1ba0uafauwzza8v.jpg,"<urlopen error [Errno 8] nodename nor servname provided, or not known>"
New York Giants,staff,Drew Wilson,saved,https://static.clubs.nfl.com/image/upload/t_headshot_desktop/f_auto/giants/idq7jaftwpij1linyp6o.jpg,"<urlopen error [Errno 8] nodename nor servname provided, or not known>"
New York Giants,staff,Bonner Bordelon,saved,https://static.clubs.nfl.com/image/upload/t_headshot_desktop/f_auto/giants/xwobqiefpwywjgo9teur.jpg,"<urlopen error [Errno 8] nodename nor servname provided, or not known>"
New York Giants,staff,Taylor Kolste,saved,https://static.clubs.nfl.com/image/upload/t_headshot_desktop/f_auto/giants/alskq6smblwhvzufkilj.jpg,"<urlopen error [Errno 8] nodename nor servname provided, or not known>"
New York Giants,staff,Kyrell Michael,saved,https://static.clubs.nfl.com/image/upload/t_headshot_desktop/f_auto/giants/uj96lowcpolu3sayeieq.jpg,"<urlopen error [Errno 8] nodename nor servname provided, or not known>"
New York Giants,staff,Skyler Mornhinweg,saved,https://static.clubs.nfl.com/image/upload/t_headshot_desktop/f_auto/giants/iic58oqatmn6gnwbecma.jpg,"<urlopen error [Errno 8] nodename nor servname provided, or not known>"
New York Giants,staff,Patrick Moynahan,saved,https://static.clubs.nfl.com/image/upload/t_headshot_desktop/f_auto/giants/sbxng5rimrjb2otrutqy.jpg,"<urlopen error [Errno 8] nodename nor servname provided, or not known>"
New York Jets,roster,Braelon Allen,saved,https://a.espncdn.com/i/headshots/nfl/players/full/4685247.png,
New York Jets,roster,Andrew Beck,saved,https://a.espncdn.com/i/headshots/nfl/players/full/3125107.png,
New York Jets,roster,Isaiah Davis,saved,https://a.espncdn.com/i/headshots/nfl/players/full/4695404.png,
New York Jets,roster,Olu Fashanu,saved,https://a.espncdn.com/i/headshots/nfl/players/full/4431809.png,
New York Jets,roster,Breece Hall,saved,https://a.espncdn.com/i/headshots/nfl/players/full/4427366.png,
New York Jets,roster,Cade Klubnik,saved,https://a.espncdn.com/i/headshots/nfl/players/full/4685413.png,
New York Jets,roster,Armand Membou,saved,https://a.espncdn.com/i/headshots/nfl/players/full/4789907.png,
New York Jets,roster,Jordan Meredith,saved,https://a.espncdn.com/i/headshots/nfl/players/full/4076803.png,
New York Jets,roster,Adonai Mitchell,saved,https://a.espncdn.com/i/headshots/nfl/players/full/4597500.png,
New York Jets,roster,Max Mitchell,saved,https://a.espncdn.com/i/headshots/nfl/players/full/4373656.png,
New York Jets,roster,Josh Myers,saved,https://a.espncdn.com/i/headshots/nfl/players/full/4242000.png,
New York Jets,roster,Kene Nwangwu,saved,https://a.espncdn.com/i/headshots/nfl/players/full/4035537.png,
New York Jets,roster,Chukwuma Okorafor,saved,https://a.espncdn.com/i/headshots/nfl/players/full/3129473.png,
New York Jets,roster,Dylan Parham,saved,https://a.espncdn.com/i/headshots/nfl/players/full/4243375.png,
New York Jets,roster,Jeremy Ruckert,saved,https://a.espncdn.com/i/headshots/nfl/players/full/4361372.png,
New York Jets,roster,Kenyon Sadiq,saved,https://a.espncdn.com/i/headshots/nfl/players/full/5083315.png,
New York Jets,roster,Arian Smith,saved,https://a.espncdn.com/i/headshots/nfl/players/full/4429105.png,
New York Jets,roster,Geno Smith,saved,https://a.espncdn.com/i/headshots/nfl/players/full/15864.png,
New York Jets,roster,Mason Taylor,saved,https://a.espncdn.com/i/headshots/nfl/players/full/4808766.png,
New York Jets,roster,Joe Tippmann,saved,https://a.espncdn.com/i/headshots/nfl/players/full/4428681.png,
New York Jets,roster,Isaiah Williams,saved,https://a.espncdn.com/i/headshots/nfl/players/full/4569371.png,
New York Jets,roster,Garrett Wilson,saved,https://a.espncdn.com/i/headshots/nfl/players/full/4569618.png,
New York Jets,roster,Jelani Woods,saved,https://a.espncdn.com/i/headshots/nfl/players/full/4241410.png,
New York Jets,roster,David Bailey,saved,https://a.espncdn.com/i/headshots/nfl/players/full/4685248.png,
New York Jets,roster,Dane Belton,saved,https://a.espncdn.com/i/headshots/nfl/players/full/4426686.png,
New York Jets,roster,Jowon Briggs,saved,https://a.espncdn.com/i/headshots/nfl/players/full/4426676.png,
New York Jets,roster,Jarvis Brownlee Jr.,saved,https://a.espncdn.com/i/headshots/nfl/players/full/4426817.png,
New York Jets,roster,Andre Cisco,saved,https://a.espncdn.com/i/headshots/nfl/players/full/4361939.png,
New York Jets,roster,Jordan Clark,saved,https://a.espncdn.com/i/headshots/nfl/players/full/4429411.png,
New York Jets,roster,Demario Davis,saved,https://a.espncdn.com/i/headshots/nfl/players/full/14958.png,
New York Jets,roster,Kingsley Enagbare,saved,https://a.espncdn.com/i/headshots/nfl/players/full/4362840.png,
New York Jets,roster,Minkah Fitzpatrick,saved,https://a.espncdn.com/i/headshots/nfl/players/full/3925345.png,
New York Jets,roster,Darrell Jackson Jr.,saved,https://a.espncdn.com/i/headshots/nfl/players/full/4612836.png,
New York Jets,roster,Kiko Mauigoa,saved,https://a.espncdn.com/i/headshots/nfl/players/full/4700136.png,
New York Jets,roster,Marcelino McCrary-Ball,saved,https://a.espncdn.com/i/headshots/nfl/players/full/4045299.png,
New York Jets,roster,Will McDonald IV,saved,https://a.espncdn.com/i/headshots/nfl/players/full/4361767.png,
New York Jets,roster,Braiden McGregor,saved,https://a.espncdn.com/i/headshots/nfl/players/full/4429005.png,
New York Jets,roster,Malachi Moore,saved,https://a.espncdn.com/i/headshots/nfl/players/full/4692024.png,
New York Jets,roster,David Onyemata,saved,https://a.espncdn.com/i/headshots/nfl/players/full/4002046.png,
New York Jets,roster,Joseph Ossai,saved,https://a.espncdn.com/i/headshots/nfl/players/full/4362094.png,
New York Jets,roster,Harrison Phillips,saved,https://a.espncdn.com/i/headshots/nfl/players/full/3117255.png,
New York Jets,roster,D'Angelo Ponds,saved,https://a.espncdn.com/i/headshots/nfl/players/full/5118340.png,
New York Jets,roster,Troy Reeder,saved,https://a.espncdn.com/i/headshots/nfl/players/full/3116177.png,
New York Jets,roster,Jamien Sherwood,saved,https://a.espncdn.com/i/headshots/nfl/players/full/4361331.png,
New York Jets,roster,Brandon Stephens,saved,https://a.espncdn.com/i/headshots/nfl/players/full/4035824.png,
New York Jets,roster,Qwan'tez Stiggers,saved,https://a.espncdn.com/i/headshots/nfl/players/full/5208977.png,
New York Jets,roster,T'Vondre Sweat,saved,https://a.espncdn.com/i/headshots/nfl/players/full/4428617.png,
New York Jets,roster,Azareye'h Thomas,saved,https://a.espncdn.com/i/headshots/nfl/players/full/4685596.png,
New York Jets,roster,Trevin Wallace,saved,https://a.espncdn.com/i/headshots/nfl/players/full/4683815.png,
New York Jets,roster,Nahshon Wright,saved,https://a.espncdn.com/i/headshots/nfl/players/full/4570470.png,
New York Jets,roster,Blake Grupe,saved,https://a.espncdn.com/i/headshots/nfl/players/full/4259619.png,
New York Jets,roster,Thomas Hennessy,saved,https://a.espncdn.com/i/headshots/nfl/players/full/2983155.png,
New York Jets,roster,Austin McNamara,saved,https://a.espncdn.com/i/headshots/nfl/players/full/4427982.png,
New York Jets,roster,Jason Sanders,saved,https://a.espncdn.com/i/headshots/nfl/players/full/3124679.png,
New York Jets,roster,Tyler Baron,saved,https://a.espncdn.com/i/headshots/nfl/players/full/4692555.png,
New York Jets,roster,Tre Brown,saved,https://a.espncdn.com/i/headshots/nfl/players/full/4241373.png,
New York Jets,roster,Anez Cooper,saved,https://a.espncdn.com/i/headshots/nfl/players/full/4905597.png,
New York Jets,roster,Omar Cooper Jr.,saved,https://a.espncdn.com/i/headshots/nfl/players/full/4723820.png,
New York Jets,roster,Kingsley Jonathan,saved,https://a.espncdn.com/i/headshots/nfl/players/full/4240405.png,
New York Jets,roster,Caullin Lacy,saved,https://a.espncdn.com/i/headshots/nfl/players/full/4430185.png,
New York Jets,roster,Tim Patrick,saved,https://a.espncdn.com/i/headshots/nfl/players/full/3134353.png,
New York Jets,roster,VJ Payne,saved,https://a.espncdn.com/i/headshots/nfl/players/full/4837388.png,
New York Jets,roster,Chip Trayanum,saved,https://a.espncdn.com/i/headshots/nfl/players/full/4430893.png,
New York Jets,roster,Mory Bamba,saved,https://a.espncdn.com/i/headshots/nfl/players/full/5092196.png,
New York Jets,roster,Brant Banks,saved,https://a.espncdn.com/i/headshots/nfl/players/full/4426623.png,
New York Jets,roster,Paschal Ekeji,saved,https://a.espncdn.com/i/headshots/nfl/players/full/5279356.png,
New York Jets,roster,Jack Heflin,saved,https://a.espncdn.com/i/headshots/nfl/players/full/4039485.png,
New York Jets,roster,Al-Jay Henderson,saved,https://a.espncdn.com/i/headshots/nfl/players/full/4599158.png,
New York Jets,roster,Tyler Johnson,saved,https://a.espncdn.com/i/headshots/nfl/players/full/2310331.png,
New York Jets,roster,Kohl Levao,saved,https://a.espncdn.com/i/headshots/nfl/players/full/4373951.png,
New York Jets,roster,Nate Lynn,saved,https://a.espncdn.com/i/headshots/nfl/players/full/4574142.png,
New York Jets,roster,Malik McClain,saved,https://a.espncdn.com/i/headshots/nfl/players/full/4682509.png,
New York Jets,roster,Payton Page,saved,https://a.espncdn.com/i/headshots/nfl/players/full/4431582.png,
New York Jets,roster,Jamaal Pritchett,saved,https://a.espncdn.com/i/headshots/nfl/players/full/4892576.png,
New York Jets,roster,John Saunders Jr.,saved,https://a.espncdn.com/i/headshots/nfl/players/full/4608762.png,
New York Jets,roster,Sterling Shepard,saved,https://a.espncdn.com/i/headshots/nfl/players/full/2976592.png,
New York Jets,roster,Samuel Womack III,saved,https://a.espncdn.com/i/headshots/nfl/players/full/4280416.png,
New York Jets,roster,Bailey Zappe,saved,https://a.espncdn.com/i/headshots/nfl/players/full/4250360.png,
New York Jets,staff,Aaron Glenn,saved,https://static.clubs.nfl.com/image/upload/t_headshot_desktop/f_png/jets/o9oqdjxllj9fiqdgd1sx.png,HTTP Error 404: Not Found
New York Jets,staff,Chris Banjo,saved,https://static.clubs.nfl.com/image/upload/t_headshot_desktop/f_png/jets/aheytudlyirlxxaij3xy.png,
New York Jets,staff,Brian Duker,saved,https://static.clubs.nfl.com/image/upload/t_headshot_desktop/f_png/jets/xomu5ytr5be7dfhi8mll.png,
New York Jets,staff,Frank Reich,saved,https://static.clubs.nfl.com/image/upload/t_headshot_desktop/f_png/jets/aco3lepunfgtdyv6i2ks.png,
New York Jets,staff,Ben Bolling,saved,https://static.clubs.nfl.com/image/upload/t_headshot_desktop/f_png/jets/kikjluvqfvcra42edhvc.png,
New York Jets,staff,Ronald Booker,saved,https://static.clubs.nfl.com/image/upload/t_headshot_desktop/f_png/jets/tazyvwlivwuh0dngjar2.png,
New York Jets,staff,Cameron Davis,saved,https://static.clubs.nfl.com/image/upload/t_headshot_desktop/f_png/jets/ikj5ywkrg4yi6m1xhg10.png,
New York Jets,staff,Karl Dunbar,saved,https://static.clubs.nfl.com/image/upload/t_headshot_desktop/f_png/jets/idc9xlu0tqnbooypxpra.png,
New York Jets,staff,Chris Harris,saved,https://static.clubs.nfl.com/image/upload/t_headshot_desktop/f_png/jets/lhj8xuotjw5xzwlux8vg.png,
New York Jets,staff,Steve Heiden,saved,https://static.clubs.nfl.com/image/upload/t_headshot_desktop/f_png/jets/kpypbzihctmzug6vejjv.png,
New York Jets,staff,Shawn Jefferson,saved,https://static.clubs.nfl.com/image/upload/t_headshot_desktop/f_png/jets/gosj5q8yfyqrermrzw0r.png,
New York Jets,staff,Nic McKissic,saved,https://static.clubs.nfl.com/image/upload/t_headshot_desktop/f_png/jets/x3o6xkkvwujnqweuhfic.png,
New York Jets,staff,Thomas Merkle,saved,https://static.clubs.nfl.com/image/upload/t_headshot_desktop/f_png/jets/k7qyd5ozsuzqz1snv6ev.png,
New York Jets,staff,Bill Musgrave,saved,https://static.clubs.nfl.com/image/upload/t_headshot_desktop/f_png/jets/k7xin4sta4ffomydvail.png,
New York Jets,staff,Brian Natkin,saved,https://static.clubs.nfl.com/image/upload/t_headshot_desktop/f_png/jets/hef1ijl3e0qsly5szc5h.png,
New York Jets,staff,Al Netter,saved,https://static.clubs.nfl.com/image/upload/t_headshot_desktop/f_png/jets/ruk7nbgs9k3yokf1aunr.png,
New York Jets,staff,Alfredo Roberts,saved,https://static.clubs.nfl.com/image/upload/t_headshot_desktop/f_png/jets/xsbimy8u2xmcn79ne76l.png,
New York Jets,staff,Seth Ryan,saved,https://static.clubs.nfl.com/image/upload/t_headshot_desktop/f_png/jets/scoihglhn8ufp4aiet0p.png,
New York Jets,staff,Ryan Slowik,saved,https://static.clubs.nfl.com/image/upload/t_headshot_desktop/f_png/jets/m9myj19aspud5zavzpqj.png,
New York Jets,staff,Nathaniel Willingham,saved,https://static.clubs.nfl.com/image/upload/t_headshot_desktop/f_png/jets/perirtjc12xxmywlztrx.png,
New York Jets,staff,Collin Bauer,saved,https://static.clubs.nfl.com/image/upload/t_headshot_desktop/f_png/jets/o3gyqwfyql5hfcbdlqv9.png,
New York Jets,staff,Randall Jette,saved,https://static.clubs.nfl.com/image/upload/t_headshot_desktop/f_png/jets/gxljpucxti0tzwze2zme.png,
New York Jets,staff,Kevin O'Dea,saved,https://static.clubs.nfl.com/image/upload/t_headshot_desktop/f_png/jets/y4l19e0pdmdclo7ehba2.png,
New York Jets,staff,Matthew Sargent,saved,https://static.clubs.nfl.com/image/upload/t_headshot_desktop/f_png/jets/hetgt6uj3ijbtskysx0r.png,
New York Jets,staff,Junior Taylor,saved,https://static.clubs.nfl.com/image/upload/t_headshot_desktop/f_png/jets/rqfq2arsaykxlzkzhjrf.png,
New York Jets,staff,Jon Berger,saved,https://static.clubs.nfl.com/image/upload/t_headshot_desktop/f_png/jets/qqap1ionr8qeobujohdq.png,
Philadelphia Eagles,roster,Saquon Barkley,saved,https://a.espncdn.com/i/headshots/nfl/players/full/3929630.png,
Philadelphia Eagles,roster,Markel Bell,saved,https://a.espncdn.com/i/headshots/nfl/players/full/5219831.png,
Philadelphia Eagles,roster,Tank Bigsby,saved,https://a.espncdn.com/i/headshots/nfl/players/full/4429013.png,
Philadelphia Eagles,roster,Hollywood Brown,saved,https://a.espncdn.com/i/headshots/nfl/players/full/4241372.png,
Philadelphia Eagles,roster,Darius Cooper,saved,https://a.espncdn.com/i/headshots/nfl/players/full/4715355.png,
Philadelphia Eagles,roster,Britain Covey,saved,https://a.espncdn.com/i/headshots/nfl/players/full/3926231.png,
Philadelphia Eagles,roster,Andy Dalton,saved,https://a.espncdn.com/i/headshots/nfl/players/full/14012.png,
Philadelphia Eagles,roster,Dallas Goedert,saved,https://a.espncdn.com/i/headshots/nfl/players/full/3121023.png,
Philadelphia Eagles,roster,Jalen Hurts,saved,https://a.espncdn.com/i/headshots/nfl/players/full/4040715.png,
Philadelphia Eagles,roster,E.J. Jenkins,saved,https://a.espncdn.com/i/headshots/nfl/players/full/4248557.png,
Philadelphia Eagles,roster,Fred Johnson,saved,https://a.espncdn.com/i/headshots/nfl/players/full/3915106.png,
Philadelphia Eagles,roster,Lane Johnson,saved,https://a.espncdn.com/i/headshots/nfl/players/full/15797.png,
Philadelphia Eagles,roster,Cam Jurgens,saved,https://a.espncdn.com/i/headshots/nfl/players/full/4361178.png,
Philadelphia Eagles,roster,Drew Kendall,saved,https://a.espncdn.com/i/headshots/nfl/players/full/4567802.png,
Philadelphia Eagles,roster,Willie Lampkin,saved,https://a.espncdn.com/i/headshots/nfl/players/full/4582836.png,
Philadelphia Eagles,roster,Makai Lemon,saved,https://a.espncdn.com/i/headshots/nfl/players/full/4870795.png,
Philadelphia Eagles,roster,Jordan Mailata,saved,https://a.espncdn.com/i/headshots/nfl/players/full/4334215.png,
Philadelphia Eagles,roster,Tanner McKee,saved,https://a.espncdn.com/i/headshots/nfl/players/full/4685201.png,
Philadelphia Eagles,roster,Elijah Moore,saved,https://a.espncdn.com/i/headshots/nfl/players/full/4372414.png,
Philadelphia Eagles,roster,Micah Morris,saved,https://a.espncdn.com/i/headshots/nfl/players/full/4432738.png,
Philadelphia Eagles,roster,Johnny Mundt,saved,https://a.espncdn.com/i/headshots/nfl/players/full/3052096.png,
Philadelphia Eagles,roster,Cole Payton,saved,https://a.espncdn.com/i/headshots/nfl/players/full/4879250.png,
Philadelphia Eagles,roster,Will Shipley,saved,https://a.espncdn.com/i/headshots/nfl/players/full/4431545.png,
Philadelphia Eagles,roster,DeVonta Smith,saved,https://a.espncdn.com/i/headshots/nfl/players/full/4241478.png,
Philadelphia Eagles,roster,Tyler Steen,saved,https://a.espncdn.com/i/headshots/nfl/players/full/4362805.png,
Philadelphia Eagles,roster,Dontayvion Wicks,saved,https://a.espncdn.com/i/headshots/nfl/players/full/4428850.png,
Philadelphia Eagles,roster,Zack Baun,saved,https://a.espncdn.com/i/headshots/nfl/players/full/3917657.png,
Philadelphia Eagles,roster,Jihaad Campbell,saved,https://a.espncdn.com/i/headshots/nfl/players/full/4685287.png,
Philadelphia Eagles,roster,Jalen Carter,saved,https://a.espncdn.com/i/headshots/nfl/players/full/4685759.png,
Philadelphia Eagles,roster,Michael Carter II,saved,https://a.espncdn.com/i/headshots/nfl/players/full/4240456.png,
Philadelphia Eagles,roster,Jordan Davis,saved,https://a.espncdn.com/i/headshots/nfl/players/full/4381558.png,
Philadelphia Eagles,roster,Cooper DeJean,saved,https://a.espncdn.com/i/headshots/nfl/players/full/4682618.png,
Philadelphia Eagles,roster,Arnold Ebiketie,saved,https://a.espncdn.com/i/headshots/nfl/players/full/4257591.png,
Philadelphia Eagles,roster,AJ Epenesa,saved,https://a.espncdn.com/i/headshots/nfl/players/full/4240585.png,
Philadelphia Eagles,roster,Marcus Epps,saved,https://a.espncdn.com/i/headshots/nfl/players/full/3139368.png,
Philadelphia Eagles,roster,Jonathan Greenard,saved,https://a.espncdn.com/i/headshots/nfl/players/full/3916409.png,
Philadelphia Eagles,roster,Jalyx Hunt,saved,https://a.espncdn.com/i/headshots/nfl/players/full/4571162.png,
Philadelphia Eagles,roster,Jonathan Jones,saved,https://a.espncdn.com/i/headshots/nfl/players/full/2971027.png,
Philadelphia Eagles,roster,Mac McWilliams,saved,https://a.espncdn.com/i/headshots/nfl/players/full/4689651.png,
Philadelphia Eagles,roster,Quinyon Mitchell,saved,https://a.espncdn.com/i/headshots/nfl/players/full/4686273.png,
Philadelphia Eagles,roster,Smael Mondon Jr.,saved,https://a.espncdn.com/i/headshots/nfl/players/full/4431573.png,
Philadelphia Eagles,roster,Andrew Mukuba,saved,https://a.espncdn.com/i/headshots/nfl/players/full/4602197.png,
Philadelphia Eagles,roster,Moro Ojomo,saved,https://a.espncdn.com/i/headshots/nfl/players/full/4362116.png,
Philadelphia Eagles,roster,Maximus Pulley,saved,https://a.espncdn.com/i/headshots/nfl/players/full/5082391.png,
Philadelphia Eagles,roster,Kelee Ringo,saved,https://a.espncdn.com/i/headshots/nfl/players/full/4428992.png,
Philadelphia Eagles,roster,Ty Robinson,saved,https://a.espncdn.com/i/headshots/nfl/players/full/4569586.png,
Philadelphia Eagles,roster,Nolan Smith Jr.,saved,https://a.espncdn.com/i/headshots/nfl/players/full/4426331.png,
Philadelphia Eagles,roster,Jeremiah Trotter Jr.,saved,https://a.espncdn.com/i/headshots/nfl/players/full/4432777.png,
Philadelphia Eagles,roster,Riq Woolen,saved,https://a.espncdn.com/i/headshots/nfl/players/full/4245185.png,
Philadelphia Eagles,roster,Byron Young,saved,https://a.espncdn.com/i/headshots/nfl/players/full/4567123.png,
Philadelphia Eagles,roster,Jake Elliott,saved,https://a.espncdn.com/i/headshots/nfl/players/full/3050478.png,
Philadelphia Eagles,roster,Braden Mann,saved,https://a.espncdn.com/i/headshots/nfl/players/full/4035239.png,
Philadelphia Eagles,roster,Rocco Underwood,saved,https://a.espncdn.com/i/headshots/nfl/players/full/4686566.png,
Philadelphia Eagles,roster,Jakorian Bennett,saved,https://a.espncdn.com/i/headshots/nfl/players/full/4686911.png,
Philadelphia Eagles,roster,Grant Calcaterra,saved,https://a.espncdn.com/i/headshots/nfl/players/full/4241374.png,
Philadelphia Eagles,roster,Tariq Castro-Fields,saved,https://a.espncdn.com/i/headshots/nfl/players/full/4259590.png,
Philadelphia Eagles,roster,Landon Dickerson,saved,https://a.espncdn.com/i/headshots/nfl/players/full/4035624.png,
Philadelphia Eagles,roster,Tucker Large,saved,https://a.espncdn.com/i/headshots/nfl/players/full/4878896.png,
Philadelphia Eagles,roster,Andre' Sam,saved,https://a.espncdn.com/i/headshots/nfl/players/full/4250510.png,
Philadelphia Eagles,roster,Eli Stowers,saved,https://a.espncdn.com/i/headshots/nfl/players/full/4431574.png,
Philadelphia Eagles,roster,Johnny Wilson,saved,https://a.espncdn.com/i/headshots/nfl/players/full/4686104.png,
Philadelphia Eagles,roster,Kiran Amegadjie,saved,https://a.espncdn.com/i/headshots/nfl/players/full/4883090.png,
Philadelphia Eagles,roster,Uar Bernard,saved,https://a.espncdn.com/i/headshots/nfl/players/full/5344966.png,
Philadelphia Eagles,roster,Jaydon Blue,saved,https://a.espncdn.com/i/headshots/nfl/players/full/4685279.png,
Philadelphia Eagles,roster,Chance Campbell,saved,https://a.espncdn.com/i/headshots/nfl/players/full/4372051.png,
Philadelphia Eagles,roster,Josiah Deguara,saved,https://a.espncdn.com/i/headshots/nfl/players/full/3914151.png,
Philadelphia Eagles,roster,Xavier Gipson,saved,https://a.espncdn.com/i/headshots/nfl/players/full/4427278.png,
Philadelphia Eagles,roster,Gabe Hall,saved,https://a.espncdn.com/i/headshots/nfl/players/full/4429731.png,
Philadelphia Eagles,roster,Keyshawn James-Newby,saved,https://a.espncdn.com/i/headshots/nfl/players/full/5165139.png,
Philadelphia Eagles,roster,Robert Longerbeam,saved,https://a.espncdn.com/i/headshots/nfl/players/full/4575860.png,
Philadelphia Eagles,roster,Jake Majors,saved,https://a.espncdn.com/i/headshots/nfl/players/full/4430814.png,
Philadelphia Eagles,roster,John Ojukwu,saved,https://a.espncdn.com/i/headshots/nfl/players/full/4240015.png,
Philadelphia Eagles,roster,Dameon Pierce,saved,https://a.espncdn.com/i/headshots/nfl/players/full/4360238.png,
Philadelphia Eagles,roster,Mason Reiger,saved,https://a.espncdn.com/i/headshots/nfl/players/full/4691903.png,
Philadelphia Eagles,roster,Carson Steele,saved,https://a.espncdn.com/i/headshots/nfl/players/full/4714365.png,
Philadelphia Eagles,roster,Joshua Weru,saved,https://a.espncdn.com/i/headshots/nfl/players/full/5344965.png,
Philadelphia Eagles,roster,Cole Wisniewski,saved,https://a.espncdn.com/i/headshots/nfl/players/full/4693345.png,
Philadelphia Eagles,staff,Nick Sirianni,saved,https://static.clubs.nfl.com/image/private/t_editorial_landscape_12_desktop/v1613077310/eagles/bqj3sr1r5pbs3w6epgrx,Not an image
Philadelphia Eagles,staff,Michael Clay,saved,https://static.clubs.nfl.com/image/private/t_headshot_desktop/f_auto/v1613078768/eagles/auax84lck5j6zajixsz7.jpg,"<urlopen error [Errno 8] nodename nor servname provided, or not known>"
Philadelphia Eagles,staff,Vic Fangio,saved,https://static.clubs.nfl.com/image/upload/t_headshot_desktop/f_auto/eagles/xbe3sxkbtqqqzpf38jet.jpg,
Philadelphia Eagles,staff,Sean Mannion,saved,https://static.clubs.nfl.com/image/upload/t_headshot_desktop/f_png/eagles/bpixaidvibwkawmetq0m.png,
Philadelphia Eagles,staff,Clint Hurtt,saved,https://static.clubs.nfl.com/image/upload/t_headshot_desktop/f_auto/eagles/wkqvw6plu7dplfsclx9k.jpg,
Philadelphia Eagles,staff,Jemal Singleton,saved,https://static.clubs.nfl.com/image/private/t_headshot_desktop/f_auto/v1613078404/eagles/l9ibszxt5athbpdlyjja.jpg,"<urlopen error [Errno 8] nodename nor servname provided, or not known>"
Philadelphia Eagles,staff,Josh Grizzard,saved,https://static.clubs.nfl.com/image/upload/t_headshot_desktop/f_png/eagles/mnqxjh3c2yijwck022yo.png,
Philadelphia Eagles,staff,Joe Kasper,saved,https://static.clubs.nfl.com/image/private/t_headshot_desktop/f_auto/v1613077952/eagles/oe9j6vmq0n9malxlaske.jpg,"<urlopen error [Errno 8] nodename nor servname provided, or not known>"
Philadelphia Eagles,staff,Ryan Mahaffey,saved,https://static.clubs.nfl.com/image/upload/t_headshot_desktop/f_png/eagles/renztjczkrrqebam5ok4.png,
Philadelphia Eagles,staff,Roy Anderson,saved,https://static.clubs.nfl.com/image/upload/t_headshot_desktop/f_auto/eagles/qzyymoqkybu8uzo9fzh3.jpg,
Philadelphia Eagles,staff,Parks Frazier,saved,https://static.clubs.nfl.com/image/upload/t_headshot_desktop/f_png/eagles/myww8dbhjwkil9je1mu0.png,
Philadelphia Eagles,staff,Bobby King,saved,https://static.clubs.nfl.com/image/upload/t_headshot_desktop/f_auto/eagles/layap14f5uvp8xrvig9z.jpg,
Philadelphia Eagles,staff,Chris Kuper,saved,https://static.clubs.nfl.com/image/upload/t_headshot_desktop/f_png/eagles/mezmgbqqlndd3pxivm0u.png,
Philadelphia Eagles,staff,Aaron Moorehead,saved,https://static.clubs.nfl.com/image/private/t_headshot_desktop/f_auto/v1613078340/eagles/trqfrnajvmxqjtpyq7mi.jpg,"<urlopen error [Errno 8] nodename nor servname provided, or not known>"
Philadelphia Eagles,staff,Mike Pellegrino,saved,https://static.clubs.nfl.com/image/upload/t_headshot_desktop/f_png/eagles/sryr6dgd0qannks7o55x.png,
Philadelphia Eagles,staff,Jeremiah Washburn,saved,https://static.clubs.nfl.com/image/private/t_headshot_desktop/f_auto/v1613077733/eagles/q98g8whc9y0y9cboodrs.jpg,"<urlopen error [Errno 8] nodename nor servname provided, or not known>"
Philadelphia Eagles,staff,Jerrod Johnson,saved,https://static.clubs.nfl.com/image/upload/t_headshot_desktop/f_png/eagles/xxiz4hr7xw0hpwxmvazp.png,
Philadelphia Eagles,staff,Joe Pannunzio,saved,https://static.clubs.nfl.com/image/private/t_headshot_desktop/f_auto/v1613078026/eagles/qowsehmhikli0cv6gyv2.jpg,"<urlopen error [Errno 8] nodename nor servname provided, or not known>"
Philadelphia Eagles,staff,Greg Austin,saved,https://static.clubs.nfl.com/image/upload/t_headshot_desktop/f_png/eagles/al5axjxm6hbinlryujc3.png,
Philadelphia Eagles,staff,Tyler Brown,saved,https://static.clubs.nfl.com/image/private/t_headshot_desktop/f_auto/v1613077854/eagles/fezovtvaqattypoif0bc.jpg,"<urlopen error [Errno 8] nodename nor servname provided, or not known>"
Philadelphia Eagles,staff,Eric Dickerson,saved,https://static.clubs.nfl.com/image/private/t_headshot_desktop/f_png/eagles/b2rxzbbdduqx3ahe5qua.png,"<urlopen error [Errno 8] nodename nor servname provided, or not known>"
Philadelphia Eagles,staff,Beyah Rasool,saved,https://static.clubs.nfl.com/image/upload/t_headshot_desktop/f_png/eagles/zwtpi3mi8myqdj4rtpir.png,
Philadelphia Eagles,staff,Tyler Scudder,saved,https://static.clubs.nfl.com/image/private/t_headshot_desktop/f_auto/v1613077796/eagles/z5lvhi9ymszl6f7h1jx0.jpg,"<urlopen error [Errno 8] nodename nor servname provided, or not known>"
Philadelphia Eagles,staff,Allen Smith,saved,https://static.clubs.nfl.com/image/upload/t_headshot_desktop/f_png/eagles/p4s0a3sbpw2kmbxynbfw.png,
Philadelphia Eagles,staff,Montgomery VanGorder,saved,https://static.clubs.nfl.com/image/upload/t_headshot_desktop/f_png/eagles/poqymqm2yrtquth42v5g.png,
Philadelphia Eagles,staff,Cole Peterson,saved,https://static.clubs.nfl.com/image/upload/t_headshot_desktop/f_png/eagles/nskt9g890a7f8xeqdyt8.png,
Philadelphia Eagles,staff,Dom DiSandro,saved,https://static.clubs.nfl.com/image/private/t_headshot_desktop/f_auto/eagles/omolofohcqwqdisgdilu.jpg,"<urlopen error [Errno 8] nodename nor servname provided, or not known>"
Pittsburgh Steelers,roster,Drew Allar,saved,https://a.espncdn.com/i/headshots/nfl/players/full/4714771.png,
Pittsburgh Steelers,roster,Spencer Anderson,saved,https://a.espncdn.com/i/headshots/nfl/players/full/4372056.png,
Pittsburgh Steelers,roster,Germie Bernard,saved,https://a.espncdn.com/i/headshots/nfl/players/full/4685261.png,
Pittsburgh Steelers,roster,Dylan Cook,saved,https://a.espncdn.com/i/headshots/nfl/players/full/4570898.png,
Pittsburgh Steelers,roster,Rico Dowdle,saved,https://a.espncdn.com/i/headshots/nfl/players/full/4038815.png,
Pittsburgh Steelers,roster,Gennings Dunker,saved,https://a.espncdn.com/i/headshots/nfl/players/full/4431258.png,
Pittsburgh Steelers,roster,Troy Fautanu,saved,https://a.espncdn.com/i/headshots/nfl/players/full/4427170.png,
Pittsburgh Steelers,roster,Zach Frazier,saved,https://a.espncdn.com/i/headshots/nfl/players/full/4429775.png,
Pittsburgh Steelers,roster,Pat Freiermuth,saved,https://a.espncdn.com/i/headshots/nfl/players/full/4361411.png,
Pittsburgh Steelers,roster,Eli Heidenreich,saved,https://a.espncdn.com/i/headshots/nfl/players/full/5081508.png,
Pittsburgh Steelers,roster,Brock Hoffman,saved,https://a.espncdn.com/i/headshots/nfl/players/full/4241087.png,
Pittsburgh Steelers,roster,Travis Homer,saved,https://a.espncdn.com/i/headshots/nfl/players/full/4037457.png,
Pittsburgh Steelers,roster,Will Howard,saved,https://a.espncdn.com/i/headshots/nfl/players/full/4429955.png,
Pittsburgh Steelers,roster,Max Iheanachor,saved,https://a.espncdn.com/i/headshots/nfl/players/full/5150136.png,
Pittsburgh Steelers,roster,Ryan McCollum,saved,https://a.espncdn.com/i/headshots/nfl/players/full/4035253.png,
Pittsburgh Steelers,roster,Mason McCormick,saved,https://a.espncdn.com/i/headshots/nfl/players/full/4368304.png,
Pittsburgh Steelers,roster,DK Metcalf,saved,https://a.espncdn.com/i/headshots/nfl/players/full/4047650.png,
Pittsburgh Steelers,roster,Riley Nowakowski,saved,https://a.espncdn.com/i/headshots/nfl/players/full/4693370.png,
Pittsburgh Steelers,roster,Michael Pittman Jr.,saved,https://a.espncdn.com/i/headshots/nfl/players/full/4035687.png,
Pittsburgh Steelers,roster,Aaron Rodgers,saved,https://a.espncdn.com/i/headshots/nfl/players/full/8439.png,
Pittsburgh Steelers,roster,Mason Rudolph,saved,https://a.espncdn.com/i/headshots/nfl/players/full/3116407.png,
Pittsburgh Steelers,roster,Ben Skowronek,saved,https://a.espncdn.com/i/headshots/nfl/players/full/4035656.png,
Pittsburgh Steelers,roster,Robert Tonyan,saved,https://a.espncdn.com/i/headshots/nfl/players/full/2975674.png,
Pittsburgh Steelers,roster,Jaylen Warren,saved,https://a.espncdn.com/i/headshots/nfl/players/full/4569987.png,
Pittsburgh Steelers,roster,Darnell Washington,saved,https://a.espncdn.com/i/headshots/nfl/players/full/4430802.png,
Pittsburgh Steelers,roster,Kaden Wetjen,saved,https://a.espncdn.com/i/headshots/nfl/players/full/5081338.png,
Pittsburgh Steelers,roster,Roman Wilson,saved,https://a.espncdn.com/i/headshots/nfl/players/full/4431492.png,
Pittsburgh Steelers,roster,Keeanu Benton,saved,https://a.espncdn.com/i/headshots/nfl/players/full/4426694.png,
Pittsburgh Steelers,roster,Yahya Black,saved,https://a.espncdn.com/i/headshots/nfl/players/full/4430947.png,
Pittsburgh Steelers,roster,Jaquan Brisker,saved,https://a.espncdn.com/i/headshots/nfl/players/full/4570044.png,
Pittsburgh Steelers,roster,Carson Bruener,saved,https://a.espncdn.com/i/headshots/nfl/players/full/4429490.png,
Pittsburgh Steelers,roster,Jamel Dean,saved,https://a.espncdn.com/i/headshots/nfl/players/full/3873935.png,
Pittsburgh Steelers,roster,Brandin Echols,saved,https://a.espncdn.com/i/headshots/nfl/players/full/4567979.png,
Pittsburgh Steelers,roster,Daylen Everette,saved,https://a.espncdn.com/i/headshots/nfl/players/full/4685327.png,
Pittsburgh Steelers,roster,Derrick Harmon,saved,https://a.espncdn.com/i/headshots/nfl/players/full/4682980.png,
Pittsburgh Steelers,roster,Nick Herbig,saved,https://a.espncdn.com/i/headshots/nfl/players/full/4429164.png,
Pittsburgh Steelers,roster,Cameron Heyward,saved,https://a.espncdn.com/i/headshots/nfl/players/full/13977.png,
Pittsburgh Steelers,roster,Alex Highsmith,saved,https://a.espncdn.com/i/headshots/nfl/players/full/4037333.png,
Pittsburgh Steelers,roster,Cole Holcomb,saved,https://a.espncdn.com/i/headshots/nfl/players/full/3116689.png,
Pittsburgh Steelers,roster,Rayshawn Jenkins,saved,https://a.espncdn.com/i/headshots/nfl/players/full/2969961.png,
Pittsburgh Steelers,roster,Kevin Jobity Jr.,saved,https://a.espncdn.com/i/headshots/nfl/players/full/5084849.png,
Pittsburgh Steelers,roster,Sebastian Joseph-Day,saved,https://a.espncdn.com/i/headshots/nfl/players/full/3047495.png,
Pittsburgh Steelers,roster,Joey Porter Jr.,saved,https://a.espncdn.com/i/headshots/nfl/players/full/4426506.png,
Pittsburgh Steelers,roster,Patrick Queen,saved,https://a.espncdn.com/i/headshots/nfl/players/full/4242207.png,
Pittsburgh Steelers,roster,Jalen Ramsey,saved,https://a.espncdn.com/i/headshots/nfl/players/full/3045373.png,
Pittsburgh Steelers,roster,Gabriel Rubio,saved,https://a.espncdn.com/i/headshots/nfl/players/full/4431533.png,
Pittsburgh Steelers,roster,Asante Samuel Jr.,saved,https://a.espncdn.com/i/headshots/nfl/players/full/4363034.png,
Pittsburgh Steelers,roster,Jack Sawyer,saved,https://a.espncdn.com/i/headshots/nfl/players/full/4431590.png,
Pittsburgh Steelers,roster,Doneiko Slaughter,saved,https://a.espncdn.com/i/headshots/nfl/players/full/4692628.png,
Pittsburgh Steelers,roster,Robert Spears-Jennings,saved,https://a.espncdn.com/i/headshots/nfl/players/full/4820584.png,
Pittsburgh Steelers,roster,T.J. Watt,saved,https://a.espncdn.com/i/headshots/nfl/players/full/3045282.png,
Pittsburgh Steelers,roster,Payton Wilson,saved,https://a.espncdn.com/i/headshots/nfl/players/full/4361652.png,
Pittsburgh Steelers,roster,Chris Boswell,saved,https://a.espncdn.com/i/headshots/nfl/players/full/17372.png,
Pittsburgh Steelers,roster,Cameron Johnston,saved,https://a.espncdn.com/i/headshots/nfl/players/full/3051397.png,
Pittsburgh Steelers,roster,Christian Kuntz,saved,https://a.espncdn.com/i/headshots/nfl/players/full/2978524.png,
Pittsburgh Steelers,roster,Cole Burgess,saved,https://a.espncdn.com/i/headshots/nfl/players/full/5192448.png,
Pittsburgh Steelers,roster,Jack Driscoll,saved,https://a.espncdn.com/i/headshots/nfl/players/full/3932668.png,
Pittsburgh Steelers,roster,DeShon Elliott,saved,https://a.espncdn.com/i/headshots/nfl/players/full/3929846.png,
Pittsburgh Steelers,roster,Daequan Hardy,saved,https://a.espncdn.com/i/headshots/nfl/players/full/4429743.png,
Pittsburgh Steelers,roster,Max Hurleman,saved,https://a.espncdn.com/i/headshots/nfl/players/full/4694237.png,
Pittsburgh Steelers,roster,Donte Kent,saved,https://a.espncdn.com/i/headshots/nfl/players/full/4608004.png,
Pittsburgh Steelers,roster,Logan Lee,saved,https://a.espncdn.com/i/headshots/nfl/players/full/4569474.png,
Pittsburgh Steelers,roster,Kyler Baugh,saved,https://a.espncdn.com/i/headshots/nfl/players/full/4573443.png,
Pittsburgh Steelers,roster,Sebastian Castro,saved,https://a.espncdn.com/i/headshots/nfl/players/full/4426882.png,
Pittsburgh Steelers,roster,Bishop Fitzgerald,saved,https://a.espncdn.com/i/headshots/nfl/players/full/5151810.png,
Pittsburgh Steelers,roster,Brandon Johnson,saved,https://a.espncdn.com/i/headshots/nfl/players/full/4035198.png,
Pittsburgh Steelers,roster,Steven Jones,saved,https://a.espncdn.com/i/headshots/nfl/players/full/4373830.png,
Pittsburgh Steelers,roster,Lake McRee,saved,https://a.espncdn.com/i/headshots/nfl/players/full/4566198.png,
Pittsburgh Steelers,roster,Doug Nester,saved,https://a.espncdn.com/i/headshots/nfl/players/full/4426368.png,
Pittsburgh Steelers,roster,Lew Nichols,saved,https://a.espncdn.com/i/headshots/nfl/players/full/4428119.png,
Pittsburgh Steelers,roster,Esezi Otomewo,saved,https://a.espncdn.com/i/headshots/nfl/players/full/4240759.png,
Pittsburgh Steelers,roster,Brandon Smith,saved,https://a.espncdn.com/i/headshots/nfl/players/full/4240577.png,
Pittsburgh Steelers,roster,Bradyn Swinson,saved,https://a.espncdn.com/i/headshots/nfl/players/full/4431424.png,
Pittsburgh Steelers,roster,Car'lin Vigers,saved,https://a.espncdn.com/i/headshots/nfl/players/full/4917486.png,
Pittsburgh Steelers,roster,Julius Welschof,saved,https://a.espncdn.com/i/headshots/nfl/players/full/4372098.png,
Pittsburgh Steelers,roster,Jacoby Windmon,saved,https://a.espncdn.com/i/headshots/nfl/players/full/4428909.png,
Pittsburgh Steelers,staff,Mike McCarthy,saved,https://a.espncdn.com/i/headshots/nfl/coaches/65/17578.jpg,
Pittsburgh Steelers,staff,Brian Angelichio,saved,https://static.clubs.nfl.com/image/upload/t_editorial_landscape_6_desktop/f_auto/steelers/ddj4njduyy4gvhkbrfrf.jpg,"<urlopen error [Errno 8] nodename nor servname provided, or not known>"
Pittsburgh Steelers,staff,Frank Cignetti Jr.,saved,https://static.clubs.nfl.com/image/upload/t_headshot_desktop/f_auto/steelers/l4deitcwze719ltudeks.jpg,
Pittsburgh Steelers,staff,Tom Arth,saved,https://static.clubs.nfl.com/image/upload/t_headshot_desktop/f_auto/steelers/pdkxqwvmddblqytdvpll.jpg,
Pittsburgh Steelers,staff,James Campen,saved,https://static.clubs.nfl.com/image/upload/t_headshot_desktop/f_auto/steelers/v1en3yb7aaepuiqfgwbw.jpg,
Pittsburgh Steelers,staff,Ramon Chinyoung Sr.,saved,https://static.clubs.nfl.com/image/upload/t_headshot_desktop/f_auto/steelers/yv7umxdbzw9wrkqjby5v.jpg,
Pittsburgh Steelers,staff,Adam Henry,saved,https://static.clubs.nfl.com/image/upload/t_headshot_desktop/f_auto/steelers/lqjjq2iff2kfyfbnlkgp.jpg,
Pittsburgh Steelers,staff,Robert Kugler,saved,https://static.clubs.nfl.com/image/upload/t_headshot_desktop/f_auto/steelers/ecknaskzdlhobnnhkeit.jpg,
Pittsburgh Steelers,staff,Jahri Evans,saved,https://static.clubs.nfl.com/image/upload/t_headshot_desktop/f_auto/steelers/s4viikuwyinvrxiodov9.jpg,
Pittsburgh Steelers,staff,Tim Berbenich,saved,https://static.clubs.nfl.com/image/upload/t_headshot_desktop/f_auto/steelers/psm32khbuf3ei9golcug.jpg,
Pittsburgh Steelers,staff,Eric Simonelli,saved,https://static.clubs.nfl.com/image/upload/t_headshot_desktop/f_auto/steelers/vx5fe0eo4fce2wkte2rx.jpg,
Pittsburgh Steelers,staff,Patrick Graham,saved,https://static.clubs.nfl.com/image/upload/t_editorial_landscape_6_desktop/f_auto/steelers/bxuatzdmh7bkklmqceny.jpg,"<urlopen error [Errno 8] nodename nor servname provided, or not known>"
Pittsburgh Steelers,staff,Joe Whitt Jr.,saved,https://static.clubs.nfl.com/image/upload/t_headshot_desktop/f_auto/steelers/zzuhcpglew7jsr3ueen8.jpg,
Pittsburgh Steelers,staff,Jason Simmons,saved,https://static.clubs.nfl.com/image/upload/t_headshot_desktop/f_auto/steelers/kptxwiatlrzlexipubmw.jpg,
Pittsburgh Steelers,staff,C.J. Ah You,saved,https://static.clubs.nfl.com/image/upload/t_headshot_desktop/f_auto/steelers/gdwmvrvxuchmdrsf8jle.jpg,
Pittsburgh Steelers,staff,Scott McCurley,saved,https://static.clubs.nfl.com/image/upload/t_headshot_desktop/f_auto/steelers/uq6kxzmx4wbut3ky0v7b.jpg,
Pittsburgh Steelers,staff,Domata Peko,saved,https://static.clubs.nfl.com/image/upload/t_headshot_desktop/f_auto/steelers/sbpctx0kdoykxtecrpqi.jpg,
Pittsburgh Steelers,staff,Shawn Howe,saved,https://static.clubs.nfl.com/image/upload/t_headshot_desktop/f_auto/steelers/uowjm7ootvv1wsjyuvzm.jpg,
Pittsburgh Steelers,staff,Pat Reilly,saved,https://static.clubs.nfl.com/image/upload/t_headshot_desktop/f_auto/steelers/zjiunjd3v6nb9gvg4c3f.jpg,
Pittsburgh Steelers,staff,Danny Crossman,saved,https://static.clubs.nfl.com/image/upload/t_editorial_landscape_6_desktop/f_auto/steelers/zto6dqwax7jjgahldo6x.jpg,"<urlopen error [Errno 8] nodename nor servname provided, or not known>"
Pittsburgh Steelers,staff,Darian Thompson,saved,https://static.clubs.nfl.com/image/upload/t_headshot_desktop/f_auto/steelers/xy8vwizse7gqpxanzv88.jpg,
Pittsburgh Steelers,staff,Steve Scarnecchia,saved,https://static.clubs.nfl.com/image/upload/t_editorial_landscape_6_desktop/f_auto/steelers/efsiubosbp7ouiwb8zl0.jpg,"<urlopen error [Errno 8] nodename nor servname provided, or not known>"
Pittsburgh Steelers,staff,Maddie Johnson,saved,https://static.clubs.nfl.com/image/upload/t_headshot_desktop/f_auto/steelers/l0zmo34hfhkbmepqmm4e.jpg,"<urlopen error [Errno 8] nodename nor servname provided, or not known>"
Pittsburgh Steelers,staff,Mark Lovat,saved,https://static.clubs.nfl.com/image/upload/t_editorial_landscape_6_desktop/f_auto/steelers/zbkffg6rtfb0sl2wm6zk.jpg,"<urlopen error [Errno 8] nodename nor servname provided, or not known>"
Pittsburgh Steelers,staff,Grant Thorne,saved,https://static.clubs.nfl.com/image/upload/t_headshot_desktop/f_auto/steelers/k61rsllxhealhbwhgfpo.jpg,
Pittsburgh Steelers,staff,Justus Galac,saved,https://static.clubs.nfl.com/image/upload/t_headshot_desktop/f_auto/steelers/qfvctblwlllerpebe89j.jpg,
Pittsburgh Steelers,staff,Abe Munayer,saved,https://static.clubs.nfl.com/image/upload/t_headshot_desktop/f_auto/steelers/c07it3w91hfax8lzb3vu.jpg,
San Francisco 49ers,roster,Brandon Aiyuk,saved,https://a.espncdn.com/i/headshots/nfl/players/full/4360438.png,
San Francisco 49ers,roster,Kaelon Black,saved,https://a.espncdn.com/i/headshots/nfl/players/full/4696044.png,
San Francisco 49ers,roster,Jake Brendel,saved,https://a.espncdn.com/i/headshots/nfl/players/full/2577185.png,
San Francisco 49ers,roster,Connor Colby,saved,https://a.espncdn.com/i/headshots/nfl/players/full/4431523.png,
San Francisco 49ers,roster,Jacob Cowing,saved,https://a.espncdn.com/i/headshots/nfl/players/full/4575665.png,
San Francisco 49ers,roster,Enrique Cruz Jr.,saved,https://a.espncdn.com/i/headshots/nfl/players/full/4691556.png,
San Francisco 49ers,roster,Mike Evans,saved,https://a.espncdn.com/i/headshots/nfl/players/full/16737.png,
San Francisco 49ers,roster,Luke Farrell,saved,https://a.espncdn.com/i/headshots/nfl/players/full/4040612.png,
San Francisco 49ers,roster,KhaDarel Hodge,saved,https://a.espncdn.com/i/headshots/nfl/players/full/3047876.png,
San Francisco 49ers,roster,Jordan James,saved,https://a.espncdn.com/i/headshots/nfl/players/full/4685397.png,
San Francisco 49ers,roster,Mac Jones,saved,https://a.espncdn.com/i/headshots/nfl/players/full/4241464.png,
San Francisco 49ers,roster,Kyle Juszczyk,saved,https://a.espncdn.com/i/headshots/nfl/players/full/16002.png,
San Francisco 49ers,roster,George Kittle,saved,https://a.espncdn.com/i/headshots/nfl/players/full/3040151.png,
San Francisco 49ers,roster,Vederian Lowe,saved,https://a.espncdn.com/i/headshots/nfl/players/full/4240554.png,
San Francisco 49ers,roster,Christian McCaffrey,saved,https://a.espncdn.com/i/headshots/nfl/players/full/3117251.png,
San Francisco 49ers,roster,Colton McKivitz,saved,https://a.espncdn.com/i/headshots/nfl/players/full/3916075.png,
San Francisco 49ers,roster,Jarrett Patterson,saved,https://a.espncdn.com/i/headshots/nfl/players/full/4372774.png,
San Francisco 49ers,roster,Dominick Puni,saved,https://a.espncdn.com/i/headshots/nfl/players/full/5092959.png,
San Francisco 49ers,roster,Brock Purdy,saved,https://a.espncdn.com/i/headshots/nfl/players/full/4361741.png,
San Francisco 49ers,roster,Demarcus Robinson,saved,https://a.espncdn.com/i/headshots/nfl/players/full/3043116.png,
San Francisco 49ers,roster,Kurtis Rourke,saved,https://a.espncdn.com/i/headshots/nfl/players/full/4430431.png,
San Francisco 49ers,roster,Deebo Samuel Sr.,saved,https://a.espncdn.com/i/headshots/nfl/players/full/3126486.png,
San Francisco 49ers,roster,Jordan Watkins,saved,https://a.espncdn.com/i/headshots/nfl/players/full/4431466.png,
San Francisco 49ers,roster,Trent Williams,saved,https://a.espncdn.com/i/headshots/nfl/players/full/13241.png,
San Francisco 49ers,roster,Brayden Willis,saved,https://a.espncdn.com/i/headshots/nfl/players/full/4360290.png,
San Francisco 49ers,roster,Carver Willis,saved,https://a.espncdn.com/i/headshots/nfl/players/full/4565779.png,
San Francisco 49ers,roster,Tatum Bethune,saved,https://a.espncdn.com/i/headshots/nfl/players/full/4426698.png,
San Francisco 49ers,roster,Nick Bosa,saved,https://a.espncdn.com/i/headshots/nfl/players/full/4040605.png,
San Francisco 49ers,roster,Ji'Ayir Brown,saved,https://a.espncdn.com/i/headshots/nfl/players/full/4693644.png,
San Francisco 49ers,roster,Ashtyn Davis,saved,https://a.espncdn.com/i/headshots/nfl/players/full/3858271.png,
San Francisco 49ers,roster,Jaden Dugger,saved,https://a.espncdn.com/i/headshots/nfl/players/full/5086161.png,
San Francisco 49ers,roster,Luke Gifford,saved,https://a.espncdn.com/i/headshots/nfl/players/full/3116097.png,
San Francisco 49ers,roster,Renardo Green,saved,https://a.espncdn.com/i/headshots/nfl/players/full/4427325.png,
San Francisco 49ers,roster,Dre Greenlaw,saved,https://a.espncdn.com/i/headshots/nfl/players/full/3916903.png,
San Francisco 49ers,roster,Gracen Halton,saved,https://a.espncdn.com/i/headshots/nfl/players/full/4685369.png,
San Francisco 49ers,roster,Romello Height,saved,https://a.espncdn.com/i/headshots/nfl/players/full/4432244.png,
San Francisco 49ers,roster,Jack Jones,saved,https://a.espncdn.com/i/headshots/nfl/players/full/4035686.png,
San Francisco 49ers,roster,Khalid Kareem,saved,https://a.espncdn.com/i/headshots/nfl/players/full/4039029.png,
San Francisco 49ers,roster,Deommodore Lenoir,saved,https://a.espncdn.com/i/headshots/nfl/players/full/4242488.png,
San Francisco 49ers,roster,Malik Mustapha,saved,https://a.espncdn.com/i/headshots/nfl/players/full/4696211.png,
San Francisco 49ers,roster,Siran Neal,saved,https://a.espncdn.com/i/headshots/nfl/players/full/3057524.png,
San Francisco 49ers,roster,Osa Odighizuwa,saved,https://a.espncdn.com/i/headshots/nfl/players/full/4035840.png,
San Francisco 49ers,roster,Ogbo Okoronkwo,saved,https://a.espncdn.com/i/headshots/nfl/players/full/3052667.png,
San Francisco 49ers,roster,Ephesians Prysock,saved,https://a.espncdn.com/i/headshots/nfl/players/full/4685523.png,
San Francisco 49ers,roster,Marques Sigle,saved,https://a.espncdn.com/i/headshots/nfl/players/full/4693337.png,
San Francisco 49ers,roster,Upton Stout,saved,https://a.espncdn.com/i/headshots/nfl/players/full/4565200.png,
San Francisco 49ers,roster,James Thompson Jr.,saved,https://a.espncdn.com/i/headshots/nfl/players/full/4693371.png,
San Francisco 49ers,roster,Garret Wallow,saved,https://a.espncdn.com/i/headshots/nfl/players/full/4241807.png,
San Francisco 49ers,roster,Fred Warner,saved,https://a.espncdn.com/i/headshots/nfl/players/full/3138826.png,
San Francisco 49ers,roster,C.J. West,saved,https://a.espncdn.com/i/headshots/nfl/players/full/4686308.png,
San Francisco 49ers,roster,Keion White,saved,https://a.espncdn.com/i/headshots/nfl/players/full/4243493.png,
San Francisco 49ers,roster,Eddy Pineiro,saved,https://a.espncdn.com/i/headshots/nfl/players/full/4034949.png,
San Francisco 49ers,roster,Corliss Waitman,saved,https://a.espncdn.com/i/headshots/nfl/players/full/3125280.png,
San Francisco 49ers,roster,Jon Weeks,saved,https://a.espncdn.com/i/headshots/nfl/players/full/13729.png,
San Francisco 49ers,roster,Alfred Collins,saved,https://a.espncdn.com/i/headshots/nfl/players/full/4430835.png,
San Francisco 49ers,roster,Andrew Farmer II,saved,https://a.espncdn.com/i/headshots/nfl/players/full/4394894.png,
San Francisco 49ers,roster,Darrick Forrest,saved,https://a.espncdn.com/i/headshots/nfl/players/full/4239088.png,
San Francisco 49ers,roster,Isaac Guerendo,saved,https://a.espncdn.com/i/headshots/nfl/players/full/4372561.png,
San Francisco 49ers,roster,Nate Hobbs,saved,https://a.espncdn.com/i/headshots/nfl/players/full/4240542.png,
San Francisco 49ers,roster,Mikail Kamara,saved,https://a.espncdn.com/i/headshots/nfl/players/full/4696051.png,
San Francisco 49ers,roster,Christian Kirk,saved,https://a.espncdn.com/i/headshots/nfl/players/full/3895856.png,
San Francisco 49ers,roster,Nick Martin,saved,https://a.espncdn.com/i/headshots/nfl/players/full/4573188.png,
San Francisco 49ers,roster,Sam Okuayinonu,saved,https://a.espncdn.com/i/headshots/nfl/players/full/4569497.png,
San Francisco 49ers,roster,Ricky Pearsall,saved,https://a.espncdn.com/i/headshots/nfl/players/full/4428209.png,
San Francisco 49ers,roster,Austen Pleasants,saved,https://a.espncdn.com/i/headshots/nfl/players/full/3920814.png,
San Francisco 49ers,roster,De'Zhaun Stribling,saved,https://a.espncdn.com/i/headshots/nfl/players/full/4710714.png,
San Francisco 49ers,roster,Jake Tonges,saved,https://a.espncdn.com/i/headshots/nfl/players/full/4259147.png,
San Francisco 49ers,roster,Brett Toth,saved,https://a.espncdn.com/i/headshots/nfl/players/full/3129116.png,
San Francisco 49ers,roster,Mykel Williams,saved,https://a.espncdn.com/i/headshots/nfl/players/full/4685623.png,
San Francisco 49ers,roster,Nick Zakelj,saved,https://a.espncdn.com/i/headshots/nfl/players/full/4247590.png,
San Francisco 49ers,roster,Isaac Alarcon,saved,https://a.espncdn.com/i/headshots/nfl/players/full/4686629.png,
San Francisco 49ers,roster,Vincent Anthony Jr.,saved,https://a.espncdn.com/i/headshots/nfl/players/full/4875123.png,
San Francisco 49ers,roster,Brandon Codrington,saved,https://a.espncdn.com/i/headshots/nfl/players/full/4576069.png,
San Francisco 49ers,roster,Khalil Dinkins,saved,https://a.espncdn.com/i/headshots/nfl/players/full/4699678.png,
San Francisco 49ers,roster,Kevin Givens,saved,https://a.espncdn.com/i/headshots/nfl/players/full/3929641.png,
San Francisco 49ers,roster,Jalen Graham,saved,https://a.espncdn.com/i/headshots/nfl/players/full/4570410.png,
San Francisco 49ers,roster,Wesley Grimes,saved,https://a.espncdn.com/i/headshots/nfl/players/full/4888723.png,
San Francisco 49ers,roster,McKinnley Jackson,saved,https://a.espncdn.com/i/headshots/nfl/players/full/4692680.png,
San Francisco 49ers,roster,Sincere McCormick,saved,https://a.espncdn.com/i/headshots/nfl/players/full/4430104.png,
San Francisco 49ers,roster,Drake Nugent,saved,https://a.espncdn.com/i/headshots/nfl/players/full/4428144.png,
San Francisco 49ers,roster,Will Pauling,saved,https://a.espncdn.com/i/headshots/nfl/players/full/4683114.png,
San Francisco 49ers,roster,Jakob Robinson,saved,https://a.espncdn.com/i/headshots/nfl/players/full/4612272.png,
San Francisco 49ers,roster,Foster Sarell,saved,https://a.espncdn.com/i/headshots/nfl/players/full/4242555.png,
San Francisco 49ers,roster,Jack Stoll,saved,https://a.espncdn.com/i/headshots/nfl/players/full/4034862.png,
San Francisco 49ers,roster,Jalen Stroman,saved,https://a.espncdn.com/i/headshots/nfl/players/full/4683155.png,
San Francisco 49ers,roster,Sebastian Valdez,saved,https://a.espncdn.com/i/headshots/nfl/players/full/4775220.png,
San Francisco 49ers,staff,Kyle Shanahan,saved,https://a.espncdn.com/i/headshots/nfl/coaches/65/17533.jpg,
San Francisco 49ers,staff,Raheem Morris,saved,https://static.clubs.nfl.com/image/upload/t_editorial_landscape_6_desktop/f_auto/49ers/at5ik7qtjdiwm42jrmun.jpg,"<urlopen error [Errno 8] nodename nor servname provided, or not known>"
San Francisco 49ers,staff,Klay Kubiak,saved,https://static.clubs.nfl.com/image/upload/t_editorial_landscape_6_desktop/f_png/49ers/uz0xnl4gyjrp3uhzfaq3.png,"<urlopen error [Errno 8] nodename nor servname provided, or not known>"
San Francisco 49ers,staff,Brant Boyer,saved,https://static.clubs.nfl.com/image/upload/t_editorial_landscape_6_desktop/f_png/49ers/fzogxw062pmxgclczli7.png,"<urlopen error [Errno 8] nodename nor servname provided, or not known>"
San Francisco 49ers,staff,Chris Foerster,saved,https://static.clubs.nfl.com/image/upload/t_headshot_desktop/f_auto/49ers/hyfoj7anx6wcrleoq5xu.jpg,
San Francisco 49ers,staff,Colt Anderson,saved,https://static.clubs.nfl.com/image/upload/t_headshot_desktop/f_png/49ers/vpdkqvksgy4wyobsgssh.png,
San Francisco 49ers,staff,Ronald Blair III,saved,https://static.clubs.nfl.com/image/upload/t_headshot_desktop/f_png/49ers/apisba97dgcmnrbwb9c9.png,
San Francisco 49ers,staff,Cameron Brown,saved,https://static.clubs.nfl.com/image/upload/t_headshot_desktop/f_png/49ers/hbelm0rb42hnxus8sgm1.png,
San Francisco 49ers,staff,Ray Brown,saved,https://static.clubs.nfl.com/image/upload/t_headshot_desktop/f_png/49ers/gu2e2m0ltoizhagx4jyy.png,
San Francisco 49ers,staff,Cameron Clemmons,saved,https://static.clubs.nfl.com/image/upload/t_headshot_desktop/f_png/49ers/ewjs88qpmf9rgelqpcyl.png,
San Francisco 49ers,staff,Matt Eberflus,saved,https://static.clubs.nfl.com/image/upload/t_headshot_desktop/f_auto/49ers/xkiavmatc2kq3ileqd1v.jpg,
San Francisco 49ers,staff,Micah Foerster,saved,https://static.clubs.nfl.com/image/upload/t_headshot_desktop/f_auto/49ers/r01eb8kbyrv2fg0yledn.jpg,
San Francisco 49ers,staff,Joe Graves,saved,https://static.clubs.nfl.com/image/upload/t_headshot_desktop/f_png/49ers/d556ztodeenb76gaetps.png,
San Francisco 49ers,staff,Jerry Gray,saved,https://static.clubs.nfl.com/image/upload/t_headshot_desktop/f_auto/49ers/vrwhtcsme3lxrun9pw2k.jpg,
San Francisco 49ers,staff,Leonard Hankerson,saved,https://static.clubs.nfl.com/image/upload/t_headshot_desktop/f_auto/49ers/slxdliwrgxxvsfaw6a5n.jpg,
San Francisco 49ers,staff,Andrew Hayes-Stoker,saved,https://static.clubs.nfl.com/image/upload/t_headshot_desktop/f_png/49ers/xvxnq2yrqtcrnlafky6s.png,
San Francisco 49ers,staff,Johnny Holland,saved,https://static.clubs.nfl.com/image/upload/t_headshot_desktop/f_png/49ers/o759v15gwgrnypcbsdh6.png,
San Francisco 49ers,staff,Kris Kocurek,saved,https://static.clubs.nfl.com/image/upload/t_headshot_desktop/f_png/49ers/w5syex903ptypstnoi0k.png,
San Francisco 49ers,staff,Mick Lombardi,saved,https://static.clubs.nfl.com/image/upload/t_headshot_desktop/f_auto/49ers/kmwqawje7sy8mfnsyw8o.jpg,
San Francisco 49ers,staff,Jake Lynch,saved,https://static.clubs.nfl.com/image/upload/t_headshot_desktop/f_auto/49ers/gbatqgtmfmr5j4qew5hb.jpg,
San Francisco 49ers,staff,Angel Matute,saved,https://static.clubs.nfl.com/image/upload/t_headshot_desktop/f_auto/49ers/porrs1kzrsqfnycixti5.jpg,
San Francisco 49ers,staff,Max Molz,saved,https://static.clubs.nfl.com/image/upload/t_headshot_desktop/f_auto/49ers/g8nzan3enqfpe8a7l75i.jpg,
San Francisco 49ers,staff,Miguel Reveles,saved,https://static.clubs.nfl.com/image/upload/t_headshot_desktop/f_png/49ers/lqyznl446lbjucrkznxk.png,
San Francisco 49ers,staff,Roman Sapolu,saved,https://static.clubs.nfl.com/image/upload/t_headshot_desktop/f_auto/49ers/lvonhv45fbnqhwsmy1gy.jpg,
San Francisco 49ers,staff,Deuce Schwartz,saved,https://static.clubs.nfl.com/image/upload/t_headshot_desktop/f_png/49ers/ivhh0twkbzwxupem3ys1.png,
San Francisco 49ers,staff,Greg Scruggs,saved,https://static.clubs.nfl.com/image/upload/t_headshot_desktop/f_png/49ers/thouordqvtvmamypurc1.png,
San Francisco 49ers,staff,Robert Turner Jr.,saved,https://static.clubs.nfl.com/image/upload/t_headshot_desktop/f_png/49ers/eyvl4v3p3pzknwvp17de.png,
San Francisco 49ers,staff,Jacob Webster,saved,https://static.clubs.nfl.com/image/upload/t_headshot_desktop/f_png/49ers/crpwfz8bkbgvnuikjpjx.png,
San Francisco 49ers,staff,KJ Wright,saved,https://static.clubs.nfl.com/image/upload/t_headshot_desktop/f_png/49ers/cqdtlburhhwefrzet2ab.png,
San Francisco 49ers,staff,Patrick Hagedorn,saved,https://static.clubs.nfl.com/image/upload/t_headshot_desktop/f_auto/49ers/om1kpbjbgg9tod5sbsbr.jpg,
San Francisco 49ers,staff,Mike Nicolini,saved,https://static.clubs.nfl.com/image/upload/t_headshot_desktop/f_png/49ers/uhqo7fwbcknvh0fzbumg.png,
San Francisco 49ers,staff,Jordan Nieuwsma,saved,https://static.clubs.nfl.com/image/upload/t_headshot_desktop/f_png/49ers/bnuxcb1l68k4kfjfaaet.png,"<urlopen error [Errno 8] nodename nor servname provided, or not known>"
San Francisco 49ers,staff,Chauncey Scissum,saved,https://static.clubs.nfl.com/image/upload/t_headshot_desktop/f_png/49ers/nmdceucthpf1oan5bfwh.png,"<urlopen error [Errno 8] nodename nor servname provided, or not known>"
San Francisco 49ers,staff,Gregory Segrove,saved,https://static.clubs.nfl.com/image/upload/t_headshot_desktop/f_png/49ers/bboyjtwcqt3qoxagfz2b.png,"<urlopen error [Errno 8] nodename nor servname provided, or not known>"
Seattle Seahawks,roster,Elijah Arroyo,saved,https://a.espncdn.com/i/headshots/nfl/players/full/4678006.png,
Seattle Seahawks,roster,AJ Barner,saved,https://a.espncdn.com/i/headshots/nfl/players/full/4576297.png,
Seattle Seahawks,roster,Anthony Bradford,saved,https://a.espncdn.com/i/headshots/nfl/players/full/4429211.png,
Seattle Seahawks,roster,Charles Cross,saved,https://a.espncdn.com/i/headshots/nfl/players/full/4426376.png,
Seattle Seahawks,roster,Sam Darnold,saved,https://a.espncdn.com/i/headshots/nfl/players/full/3912547.png,
Seattle Seahawks,roster,Montorie Foster Jr.,saved,https://a.espncdn.com/i/headshots/nfl/players/full/4600597.png,
Seattle Seahawks,roster,Christian Haynes,saved,https://a.espncdn.com/i/headshots/nfl/players/full/4362135.png,
Seattle Seahawks,roster,George Holani,saved,https://a.espncdn.com/i/headshots/nfl/players/full/4429835.png,
Seattle Seahawks,roster,Tory Horton,saved,https://a.espncdn.com/i/headshots/nfl/players/full/4597703.png,
Seattle Seahawks,roster,Josh Jones,saved,https://a.espncdn.com/i/headshots/nfl/players/full/3914630.png,
Seattle Seahawks,roster,Velus Jones Jr.,saved,https://a.espncdn.com/i/headshots/nfl/players/full/4035693.png,
Seattle Seahawks,roster,Nick Kallerup,saved,https://a.espncdn.com/i/headshots/nfl/players/full/4569547.png,
Seattle Seahawks,roster,Cooper Kupp,saved,https://a.espncdn.com/i/headshots/nfl/players/full/2977187.png,
Seattle Seahawks,roster,Drew Lock,saved,https://a.espncdn.com/i/headshots/nfl/players/full/3924327.png,
Seattle Seahawks,roster,Abraham Lucas,saved,https://a.espncdn.com/i/headshots/nfl/players/full/4245171.png,
Seattle Seahawks,roster,Jalen Milroe,saved,https://a.espncdn.com/i/headshots/nfl/players/full/4432734.png,
Seattle Seahawks,roster,Olu Oluwatimi,saved,https://a.espncdn.com/i/headshots/nfl/players/full/4370807.png,
Seattle Seahawks,roster,Jadarian Price,saved,https://a.espncdn.com/i/headshots/nfl/players/full/4685512.png,
Seattle Seahawks,roster,Brady Russell,saved,https://a.espncdn.com/i/headshots/nfl/players/full/4243176.png,
Seattle Seahawks,roster,Eric Saubert,saved,https://a.espncdn.com/i/headshots/nfl/players/full/2975863.png,
Seattle Seahawks,roster,Rashid Shaheed,saved,https://a.espncdn.com/i/headshots/nfl/players/full/4032473.png,
Seattle Seahawks,roster,Jaxon Smith-Njigba,saved,https://a.espncdn.com/i/headshots/nfl/players/full/4430878.png,
Seattle Seahawks,roster,Beau Stephens,saved,https://a.espncdn.com/i/headshots/nfl/players/full/4592823.png,
Seattle Seahawks,roster,Jalen Sundell,saved,https://a.espncdn.com/i/headshots/nfl/players/full/4383409.png,
Seattle Seahawks,roster,Emanuel Wilson,saved,https://a.espncdn.com/i/headshots/nfl/players/full/4887558.png,
Seattle Seahawks,roster,Grey Zabel,saved,https://a.espncdn.com/i/headshots/nfl/players/full/4693346.png,
Seattle Seahawks,roster,Terrion Arnold,saved,https://a.espncdn.com/i/headshots/nfl/players/full/4592837.png,
Seattle Seahawks,roster,Nick Emmanwori,saved,https://a.espncdn.com/i/headshots/nfl/players/full/4869523.png,
Seattle Seahawks,roster,AJ Finley,saved,https://a.espncdn.com/i/headshots/nfl/players/full/4427190.png,
Seattle Seahawks,roster,Dante Fowler Jr.,saved,https://a.espncdn.com/i/headshots/nfl/players/full/2980100.png,
Seattle Seahawks,roster,Derick Hall,saved,https://a.espncdn.com/i/headshots/nfl/players/full/4567226.png,
Seattle Seahawks,roster,Josh Jobe,saved,https://a.espncdn.com/i/headshots/nfl/players/full/4372020.png,
Seattle Seahawks,roster,Ernest Jones IV,saved,https://a.espncdn.com/i/headshots/nfl/players/full/4362851.png,
Seattle Seahawks,roster,Tyrice Knight,saved,https://a.espncdn.com/i/headshots/nfl/players/full/4686540.png,
Seattle Seahawks,roster,DeMarcus Lawrence,saved,https://a.espncdn.com/i/headshots/nfl/players/full/16802.png,
Seattle Seahawks,roster,Julian Love,saved,https://a.espncdn.com/i/headshots/nfl/players/full/4046675.png,
Seattle Seahawks,roster,Rylie Mills,saved,https://a.espncdn.com/i/headshots/nfl/players/full/4430838.png,
Seattle Seahawks,roster,Mike Morris,saved,https://a.espncdn.com/i/headshots/nfl/players/full/4572055.png,
Seattle Seahawks,roster,Byron Murphy II,saved,https://a.espncdn.com/i/headshots/nfl/players/full/4570040.png,
Seattle Seahawks,roster,Julian Neal,saved,https://a.espncdn.com/i/headshots/nfl/players/full/4684543.png,
Seattle Seahawks,roster,Uchenna Nwosu,saved,https://a.espncdn.com/i/headshots/nfl/players/full/3120358.png,
Seattle Seahawks,roster,Patrick O'Connell,saved,https://a.espncdn.com/i/headshots/nfl/players/full/4364623.png,
Seattle Seahawks,roster,Connor O'Toole,saved,https://a.espncdn.com/i/headshots/nfl/players/full/4605491.png,
Seattle Seahawks,roster,Ty Okada,saved,https://a.espncdn.com/i/headshots/nfl/players/full/4247808.png,
Seattle Seahawks,roster,Brandon Pili,saved,https://a.espncdn.com/i/headshots/nfl/players/full/4259651.png,
Seattle Seahawks,roster,Nehemiah Pritchett,saved,https://a.espncdn.com/i/headshots/nfl/players/full/4567222.png,
Seattle Seahawks,roster,Jarran Reed,saved,https://a.espncdn.com/i/headshots/nfl/players/full/3115312.png,
Seattle Seahawks,roster,Avery Smith,saved,https://a.espncdn.com/i/headshots/nfl/players/full/5082331.png,
Seattle Seahawks,roster,Chazz Surratt,saved,https://a.espncdn.com/i/headshots/nfl/players/full/4037521.png,
Seattle Seahawks,roster,Drake Thomas,saved,https://a.espncdn.com/i/headshots/nfl/players/full/4428659.png,
Seattle Seahawks,roster,Rodney Thomas II,saved,https://a.espncdn.com/i/headshots/nfl/players/full/4248455.png,
Seattle Seahawks,roster,Leonard Williams,saved,https://a.espncdn.com/i/headshots/nfl/players/full/2971622.png,
Seattle Seahawks,roster,Devon Witherspoon,saved,https://a.espncdn.com/i/headshots/nfl/players/full/4575431.png,
Seattle Seahawks,roster,Michael Dickson,saved,https://a.espncdn.com/i/headshots/nfl/players/full/3929851.png,
Seattle Seahawks,roster,Jason Myers,saved,https://a.espncdn.com/i/headshots/nfl/players/full/2473037.png,
Seattle Seahawks,roster,Chris Stoll,saved,https://a.espncdn.com/i/headshots/nfl/players/full/4259606.png,
Seattle Seahawks,roster,Jake Bobo,saved,https://a.espncdn.com/i/headshots/nfl/players/full/4360405.png,
Seattle Seahawks,roster,Zach Charbonnet,saved,https://a.espncdn.com/i/headshots/nfl/players/full/4426385.png,
Seattle Seahawks,roster,Irv Charles,saved,https://a.espncdn.com/i/headshots/nfl/players/full/3929636.png,
Seattle Seahawks,roster,Bud Clark,saved,https://a.espncdn.com/i/headshots/nfl/players/full/4430262.png,
Seattle Seahawks,roster,Robbie Ouzts,saved,https://a.espncdn.com/i/headshots/nfl/players/full/4691688.png,
Seattle Seahawks,roster,Mason Richman,saved,https://a.espncdn.com/i/headshots/nfl/players/full/4432525.png,
Seattle Seahawks,roster,Evan Beerntsen,saved,https://a.espncdn.com/i/headshots/nfl/players/full/4572675.png,
Seattle Seahawks,roster,D'Anthony Bell,saved,https://a.espncdn.com/i/headshots/nfl/players/full/4608386.png,
Seattle Seahawks,roster,Logan Brown,saved,https://a.espncdn.com/i/headshots/nfl/players/full/4570075.png,
Seattle Seahawks,roster,Michael Dansby,saved,https://a.espncdn.com/i/headshots/nfl/players/full/2094390.png,
Seattle Seahawks,roster,Trevon Diggs,saved,https://a.espncdn.com/i/headshots/nfl/players/full/4040966.png,
Seattle Seahawks,roster,Deven Eastern,saved,https://a.espncdn.com/i/headshots/nfl/players/full/4609203.png,
Seattle Seahawks,roster,Andre Fuller,saved,https://a.espncdn.com/i/headshots/nfl/players/full/4693934.png,
Seattle Seahawks,roster,Bobby Hart,saved,https://a.espncdn.com/i/headshots/nfl/players/full/2576789.png,
Seattle Seahawks,roster,Emmanuel Henderson Jr.,saved,https://a.espncdn.com/i/headshots/nfl/players/full/4685381.png,
Seattle Seahawks,roster,Julian Hicks,saved,https://a.espncdn.com/i/headshots/nfl/players/full/4244768.png,
Seattle Seahawks,roster,Maxen Hook,saved,https://a.espncdn.com/i/headshots/nfl/players/full/4431145.png,
Seattle Seahawks,roster,Aidan Hubbard,saved,https://a.espncdn.com/i/headshots/nfl/players/full/4603089.png,
Seattle Seahawks,roster,Federico Maranges,saved,https://a.espncdn.com/i/headshots/nfl/players/full/4430070.png,
Seattle Seahawks,roster,Ricky White III,saved,https://a.espncdn.com/i/headshots/nfl/players/full/4431479.png,
Seattle Seahawks,roster,Jacardia Wright,saved,https://a.espncdn.com/i/headshots/nfl/players/full/4428943.png,
Seattle Seahawks,staff,Mike Macdonald,saved,https://static.clubs.nfl.com/image/upload/t_editorial_landscape_12_desktop/seahawks/c9c4uivyfdcurorpmprs,"<urlopen error [Errno 8] nodename nor servname provided, or not known>"
Seattle Seahawks,staff,Brian Fleury,saved,https://static.clubs.nfl.com/image/upload/t_headshot_desktop/f_auto/seahawks/ai7cmquf01lmkcvxjjco.jpg,"<urlopen error [Errno 8] nodename nor servname provided, or not known>"
Seattle Seahawks,staff,Aden Durde,saved,https://static.clubs.nfl.com/image/upload/t_headshot_desktop/f_auto/seahawks/biagkcrccrzjcz45jge3.jpg,
Seattle Seahawks,staff,Jay Harbaugh,saved,https://static.clubs.nfl.com/image/upload/t_headshot_desktop/f_auto/seahawks/n1m9ljvpp3fhhxxfsptt.jpg,
Seattle Seahawks,staff,John Benton,saved,https://static.clubs.nfl.com/image/upload/t_headshot_desktop/f_auto/seahawks/czjd2royq4wowcjjyelh.jpg,
Seattle Seahawks,staff,Mack Brown,saved,https://static.clubs.nfl.com/image/upload/t_headshot_desktop/f_auto/seahawks/gfhk7fiouska9pxsz8cy.jpg,
Seattle Seahawks,staff,Josh Bynes,saved,https://static.clubs.nfl.com/image/upload/t_headshot_desktop/f_auto/seahawks/t890aohm58ijhwvnrm1m.jpg,
Seattle Seahawks,staff,Michael Byrne,saved,https://static.clubs.nfl.com/image/upload/t_headshot_desktop/f_auto/seahawks/gfln5ctdaebo1brrx3em.jpg,
Seattle Seahawks,staff,Rob Caprice,saved,https://static.clubs.nfl.com/image/upload/t_headshot_desktop/f_auto/seahawks/v0f4nivovywnwarpqvo0.jpg,
Seattle Seahawks,staff,Keller Chryst,saved,https://static.clubs.nfl.com/image/upload/t_headshot_desktop/f_auto/seahawks/q16e1y2rzogi2iyzi96a.jpg,
Seattle Seahawks,staff,Devin Fitzsimmons,saved,https://static.clubs.nfl.com/image/upload/t_headshot_desktop/f_auto/seahawks/fghgnxy4j5p8gm6cusps.jpg,
Seattle Seahawks,staff,Leslie Frazier,saved,https://static.clubs.nfl.com/image/upload/t_headshot_desktop/f_auto/seahawks/iglo9q5amzirloeszacg.jpg,
Seattle Seahawks,staff,Thomas Garcia,saved,https://static.clubs.nfl.com/image/private/t_headshot_desktop/f_auto/seahawks/phcybsvxskgbm7nzz5a5.jpg,"<urlopen error [Errno 8] nodename nor servname provided, or not known>"
Seattle Seahawks,staff,Thomas Hammock,saved,https://static.clubs.nfl.com/image/upload/t_headshot_desktop/f_auto/seahawks/nn96xnq0vf5hrbuxvalx.jpg,"<urlopen error [Errno 8] nodename nor servname provided, or not known>"
Seattle Seahawks,staff,Justin Hinds,saved,https://static.clubs.nfl.com/image/upload/t_headshot_desktop/f_auto/seahawks/hlhivsgodlpuhfndwmal.jpg,
Seattle Seahawks,staff,Jeff Howard,saved,https://static.clubs.nfl.com/image/upload/t_headshot_desktop/f_auto/seahawks/wgiatyxhklpisa6cztxb.jpg,
Seattle Seahawks,staff,Frisman Jackson,saved,https://static.clubs.nfl.com/image/upload/t_headshot_desktop/f_auto/seahawks/x7h2ploboc3rl7m0fuxd.jpg,
Seattle Seahawks,staff,Ivan Lewis,saved,https://static.clubs.nfl.com/image/upload/t_headshot_desktop/f_png/seahawks/vnh8zoiz36qx8u0qdjj2.png,
Seattle Seahawks,staff,Quinshon Odom,saved,https://static.clubs.nfl.com/image/upload/t_headshot_desktop/f_auto/seahawks/hmngj6ixisydnqq67wdn.jpg,
Seattle Seahawks,staff,Tim Ojeda,saved,https://static.clubs.nfl.com/image/upload/t_headshot_desktop/f_auto/seahawks/s2twqvtu27wcfbfii5m0.jpg,
Seattle Seahawks,staff,Kirk Olivadotti,saved,https://static.clubs.nfl.com/image/upload/t_headshot_desktop/f_auto/seahawks/xbduli8blpwnd3esgnoh.jpg,
Seattle Seahawks,staff,Zachary Orr,saved,https://static.clubs.nfl.com/image/upload/t_headshot_desktop/f_auto/seahawks/ykz5sasqta3rwnc5pnbf.jpg,
Seattle Seahawks,staff,Justin Outten,saved,https://static.clubs.nfl.com/image/upload/t_headshot_desktop/f_auto/seahawks/cwpgkjf0kgi61avk12hg.jpg,
Seattle Seahawks,staff,Chris Partridge,saved,https://static.clubs.nfl.com/image/upload/t_headshot_desktop/f_auto/seahawks/p9rlkcovbvvudgxsfdjv.jpg,
Seattle Seahawks,staff,Jake Peetz,saved,https://static.clubs.nfl.com/image/upload/t_headshot_desktop/f_auto/seahawks/u62jnrr98ourqsgvoirh.jpg,
Seattle Seahawks,staff,Mark Philipp,saved,https://static.clubs.nfl.com/image/upload/t_headshot_desktop/f_auto/seahawks/afziybgpmxcwcy9hmome.jpg,
Seattle Seahawks,staff,Tyson Prince,saved,https://static.clubs.nfl.com/image/upload/t_headshot_desktop/f_auto/seahawks/hh54dlpldjdspzpsmjm4.jpg,
Seattle Seahawks,staff,Karl Scott,saved,https://static.clubs.nfl.com/image/upload/t_headshot_desktop/f_auto/seahawks/vyjlmjrqoab4n9lzuxmr.jpg,
Seattle Seahawks,staff,Daniel Stern,saved,https://static.clubs.nfl.com/image/upload/t_headshot_desktop/f_auto/seahawks/oagaco2lsyfkxqkcvpyj.jpg,"<urlopen error [Errno 8] nodename nor servname provided, or not known>"
Seattle Seahawks,staff,Neiko Thorpe,saved,https://static.clubs.nfl.com/image/private/t_headshot_desktop/f_auto/seahawks/awxeku4iyt3dnxiofi6o.jpg,"<urlopen error [Errno 8] nodename nor servname provided, or not known>"
Seattle Seahawks,staff,Danny van Dijk,saved,https://static.clubs.nfl.com/image/private/t_headshot_desktop/f_auto/seahawks/myltyaw16n1pfigz7sng.jpg,"<urlopen error [Errno 8] nodename nor servname provided, or not known>"
Seattle Seahawks,staff,Johnathan Williams,saved,https://static.clubs.nfl.com/image/upload/t_headshot_desktop/f_auto/seahawks/idshwkxjktkdqxoony7j.jpg,
Seattle Seahawks,staff,Jamie Yanchar,saved,https://static.clubs.nfl.com/image/private/t_headshot_desktop/f_png/seahawks/qbrydy2blb68bs5iosvj.png,"<urlopen error [Errno 8] nodename nor servname provided, or not known>"
Tampa Bay Buccaneers,roster,Graham Barton,saved,https://a.espncdn.com/i/headshots/nfl/players/full/4429251.png,
Tampa Bay Buccaneers,roster,Ben Bredeson,saved,https://a.espncdn.com/i/headshots/nfl/players/full/4046551.png,
Tampa Bay Buccaneers,roster,Benjamin Chukwuma,saved,https://a.espncdn.com/i/headshots/nfl/players/full/4690787.png,
Tampa Bay Buccaneers,roster,Jalon Daniels,saved,https://a.espncdn.com/i/headshots/nfl/players/full/4596472.png,
Tampa Bay Buccaneers,roster,Payne Durham,saved,https://a.espncdn.com/i/headshots/nfl/players/full/4372505.png,
Tampa Bay Buccaneers,roster,Emeka Egbuka,saved,https://a.espncdn.com/i/headshots/nfl/players/full/4567750.png,
Tampa Bay Buccaneers,roster,Dan Feeney,saved,https://a.espncdn.com/i/headshots/nfl/players/full/2979482.png,
Tampa Bay Buccaneers,roster,Kenny Gainwell,saved,https://a.espncdn.com/i/headshots/nfl/players/full/4371733.png,
Tampa Bay Buccaneers,roster,Chris Godwin Jr.,saved,https://a.espncdn.com/i/headshots/nfl/players/full/3116165.png,
Tampa Bay Buccaneers,roster,Luke Goedeke,saved,https://a.espncdn.com/i/headshots/nfl/players/full/4380507.png,
Tampa Bay Buccaneers,roster,Luke Haggard,saved,https://a.espncdn.com/i/headshots/nfl/players/full/4686884.png,
Tampa Bay Buccaneers,roster,Ted Hurst III,saved,https://a.espncdn.com/i/headshots/nfl/players/full/5220680.png,
Tampa Bay Buccaneers,roster,Bucky Irving,saved,https://a.espncdn.com/i/headshots/nfl/players/full/4596448.png,
Tampa Bay Buccaneers,roster,Kameron Johnson,saved,https://a.espncdn.com/i/headshots/nfl/players/full/5097554.png,
Tampa Bay Buccaneers,roster,Tez Johnson,saved,https://a.espncdn.com/i/headshots/nfl/players/full/4608810.png,
Tampa Bay Buccaneers,roster,Ko Kieft,saved,https://a.espncdn.com/i/headshots/nfl/players/full/4034779.png,
Tampa Bay Buccaneers,roster,Cody Mauch,saved,https://a.espncdn.com/i/headshots/nfl/players/full/4248545.png,
Tampa Bay Buccaneers,roster,Baker Mayfield,saved,https://a.espncdn.com/i/headshots/nfl/players/full/3052587.png,
Tampa Bay Buccaneers,roster,Jalen McMillan,saved,https://a.espncdn.com/i/headshots/nfl/players/full/4430834.png,
Tampa Bay Buccaneers,roster,Cade Otton,saved,https://a.espncdn.com/i/headshots/nfl/players/full/4243331.png,
Tampa Bay Buccaneers,roster,Billy Schrauth,saved,https://a.espncdn.com/i/headshots/nfl/players/full/4685549.png,
Tampa Bay Buccaneers,roster,Bauer Sharp,saved,https://a.espncdn.com/i/headshots/nfl/players/full/4890373.png,
Tampa Bay Buccaneers,roster,Justin Skule,saved,https://a.espncdn.com/i/headshots/nfl/players/full/3915777.png,
Tampa Bay Buccaneers,roster,Sean Tucker,saved,https://a.espncdn.com/i/headshots/nfl/players/full/4430871.png,
Tampa Bay Buccaneers,roster,Josh Williams,saved,https://a.espncdn.com/i/headshots/nfl/players/full/4568024.png,
Tampa Bay Buccaneers,roster,Tristan Wirfs,saved,https://a.espncdn.com/i/headshots/nfl/players/full/4240589.png,
Tampa Bay Buccaneers,roster,Alex Anzalone,saved,https://a.espncdn.com/i/headshots/nfl/players/full/3043107.png,
Tampa Bay Buccaneers,roster,Rueben Bain Jr.,saved,https://a.espncdn.com/i/headshots/nfl/players/full/4870617.png,
Tampa Bay Buccaneers,roster,DeMonte Capehart,saved,https://a.espncdn.com/i/headshots/nfl/players/full/4429007.png,
Tampa Bay Buccaneers,roster,SirVocea Dennis,saved,https://a.espncdn.com/i/headshots/nfl/players/full/4429511.png,
Tampa Bay Buccaneers,roster,Yaya Diaby,saved,https://a.espncdn.com/i/headshots/nfl/players/full/4686334.png,
Tampa Bay Buccaneers,roster,Ayden Garnes,saved,https://a.espncdn.com/i/headshots/nfl/players/full/4890885.png,
Tampa Bay Buccaneers,roster,Calijah Kancey,saved,https://a.espncdn.com/i/headshots/nfl/players/full/4427673.png,
Tampa Bay Buccaneers,roster,Miles Killebrew,saved,https://a.espncdn.com/i/headshots/nfl/players/full/2575164.png,
Tampa Bay Buccaneers,roster,Kevin Knowles,saved,https://a.espncdn.com/i/headshots/nfl/players/full/4602648.png,
Tampa Bay Buccaneers,roster,Zyon McCollum,saved,https://a.espncdn.com/i/headshots/nfl/players/full/4250392.png,
Tampa Bay Buccaneers,roster,Ifeatu Melifonwu,saved,https://a.espncdn.com/i/headshots/nfl/players/full/4240401.png,
Tampa Bay Buccaneers,roster,Benjamin Morrison,saved,https://a.espncdn.com/i/headshots/nfl/players/full/4816107.png,
Tampa Bay Buccaneers,roster,Al-Quadin Muhammad,saved,https://a.espncdn.com/i/headshots/nfl/players/full/3051942.png,
Tampa Bay Buccaneers,roster,Anthony Nelson,saved,https://a.espncdn.com/i/headshots/nfl/players/full/3894856.png,
Tampa Bay Buccaneers,roster,Rakeem Nunez-Roches,saved,https://a.espncdn.com/i/headshots/nfl/players/full/2575453.png,
Tampa Bay Buccaneers,roster,Jacob Parrish,saved,https://a.espncdn.com/i/headshots/nfl/players/full/4912847.png,
Tampa Bay Buccaneers,roster,Elijah Roberts,saved,https://a.espncdn.com/i/headshots/nfl/players/full/4690795.png,
Tampa Bay Buccaneers,roster,A'Shawn Robinson,saved,https://a.espncdn.com/i/headshots/nfl/players/full/3054857.png,
Tampa Bay Buccaneers,roster,Christian Rozeboom,saved,https://a.espncdn.com/i/headshots/nfl/players/full/3909013.png,
Tampa Bay Buccaneers,roster,Keionte Scott,saved,https://a.espncdn.com/i/headshots/nfl/players/full/5093694.png,
Tampa Bay Buccaneers,roster,Elijah Simmons,saved,https://a.espncdn.com/i/headshots/nfl/players/full/4430478.png,
Tampa Bay Buccaneers,roster,Tykee Smith,saved,https://a.espncdn.com/i/headshots/nfl/players/full/4428522.png,
Tampa Bay Buccaneers,roster,Josiah Trotter,saved,https://a.espncdn.com/i/headshots/nfl/players/full/4870998.png,
Tampa Bay Buccaneers,roster,Vita Vea,saved,https://a.espncdn.com/i/headshots/nfl/players/full/3134362.png,
Tampa Bay Buccaneers,roster,David Walker,saved,https://a.espncdn.com/i/headshots/nfl/players/full/5085355.png,
Tampa Bay Buccaneers,roster,Antoine Winfield Jr.,saved,https://a.espncdn.com/i/headshots/nfl/players/full/4034790.png,
Tampa Bay Buccaneers,roster,Evan Deckers,saved,https://a.espncdn.com/i/headshots/nfl/players/full/4361727.png,
Tampa Bay Buccaneers,roster,Riley Dixon,saved,https://a.espncdn.com/i/headshots/nfl/players/full/2577619.png,
Tampa Bay Buccaneers,roster,Chase McLaughlin,saved,https://a.espncdn.com/i/headshots/nfl/players/full/3150744.png,
Tampa Bay Buccaneers,roster,Josh Hayes,saved,https://a.espncdn.com/i/headshots/nfl/players/full/4248533.png,
Tampa Bay Buccaneers,roster,Mohamed Kamara,saved,https://a.espncdn.com/i/headshots/nfl/players/full/4427677.png,
Tampa Bay Buccaneers,roster,Deshawn McKnight,saved,https://a.espncdn.com/i/headshots/nfl/players/full/4683248.png,
Tampa Bay Buccaneers,roster,David Sills V,saved,https://a.espncdn.com/i/headshots/nfl/players/full/3871102.png,
Tampa Bay Buccaneers,roster,CJ Dippre,saved,https://a.espncdn.com/i/headshots/nfl/players/full/4596545.png,
Tampa Bay Buccaneers,roster,Caden Fordham,saved,https://a.espncdn.com/i/headshots/nfl/players/full/4683096.png,
Tampa Bay Buccaneers,roster,Garrett Greene,saved,https://a.espncdn.com/i/headshots/nfl/players/full/4429847.png,
Tampa Bay Buccaneers,roster,Yasir Holmes,saved,https://a.espncdn.com/i/headshots/nfl/players/full/5225091.png,
Tampa Bay Buccaneers,roster,Jayson Jones,saved,https://a.espncdn.com/i/headshots/nfl/players/full/4431184.png,
Tampa Bay Buccaneers,roster,Henry Lutovsky,saved,https://a.espncdn.com/i/headshots/nfl/players/full/4594329.png,
Tampa Bay Buccaneers,roster,Sean Murphy-Bunting,saved,https://a.espncdn.com/i/headshots/nfl/players/full/3932886.png,
Tampa Bay Buccaneers,roster,Dean Patterson,saved,https://a.espncdn.com/i/headshots/nfl/players/full/4875613.png,
Tampa Bay Buccaneers,roster,Eric Rivers Jr.,saved,https://a.espncdn.com/i/headshots/nfl/players/full/4713277.png,
Tampa Bay Buccaneers,roster,JJ Roberts,saved,https://a.espncdn.com/i/headshots/nfl/players/full/4566165.png,
Tampa Bay Buccaneers,roster,Paul Rubelt,saved,https://a.espncdn.com/i/headshots/nfl/players/full/4567896.png,
Tampa Bay Buccaneers,roster,Ben Scott,saved,https://a.espncdn.com/i/headshots/nfl/players/full/4569202.png,
Tampa Bay Buccaneers,roster,Easton Stick,saved,https://a.espncdn.com/i/headshots/nfl/players/full/3120590.png,
Tampa Bay Buccaneers,roster,Silas Walters,saved,https://a.espncdn.com/i/headshots/nfl/players/full/4880219.png,
Tampa Bay Buccaneers,roster,Javin Wright,saved,https://a.espncdn.com/i/headshots/nfl/players/full/4428941.png,
Tampa Bay Buccaneers,staff,Todd Bowles,saved,https://a.espncdn.com/i/headshots/nfl/coaches/65/7157.jpg,
Tampa Bay Buccaneers,staff,Zac Robinson,saved,https://static.clubs.nfl.com/image/upload/t_editorial_landscape_6_desktop/f_auto/buccaneers/zutxtvcex1kejjw6uqq7.jpg,"<urlopen error [Errno 8] nodename nor servname provided, or not known>"
Tampa Bay Buccaneers,staff,Kevin Carberry,saved,https://static.clubs.nfl.com/image/upload/t_editorial_landscape_6_desktop/f_auto/buccaneers/o61f5bl2qriea2yg3z0m.jpg,"<urlopen error [Errno 8] nodename nor servname provided, or not known>"
Tampa Bay Buccaneers,staff,George Edwards,saved,https://static.clubs.nfl.com/image/private/t_editorial_landscape_6_desktop/f_auto/buccaneers/jc5dyd3vfqwan4pofyq9.jpg,"<urlopen error [Errno 8] nodename nor servname provided, or not known>"
Tampa Bay Buccaneers,staff,Larry Foote,saved,https://static.clubs.nfl.com/image/private/t_editorial_landscape_6_desktop/f_auto/buccaneers/nce9ebwpwtsmjbrgjebe.jpg,"<urlopen error [Errno 8] nodename nor servname provided, or not known>"
Tampa Bay Buccaneers,staff,T.J. Yates,saved,https://static.clubs.nfl.com/image/upload/t_editorial_landscape_6_desktop/f_auto/buccaneers/uhdtfs9y9hyixrbfrsxw.jpg,"<urlopen error [Errno 8] nodename nor servname provided, or not known>"
Tampa Bay Buccaneers,staff,Danny Smith,saved,https://static.clubs.nfl.com/image/upload/t_editorial_landscape_6_desktop/f_auto/buccaneers/yxf8btgnipqoty7xikdw.jpg,"<urlopen error [Errno 8] nodename nor servname provided, or not known>"
Tampa Bay Buccaneers,staff,Tim Atkins,saved,https://static.clubs.nfl.com/image/upload/t_headshot_desktop/f_auto/buccaneers/xaqti9jsfdepv4bwsthp.jpg,
Tampa Bay Buccaneers,staff,Cory Bichey,saved,https://static.clubs.nfl.com/image/private/t_headshot_desktop/f_auto/buccaneers/dzgul7shs3ytedqizngl.jpg,"<urlopen error [Errno 8] nodename nor servname provided, or not known>"
Tampa Bay Buccaneers,staff,Todd Bowles Jr.,saved,https://static.clubs.nfl.com/image/upload/t_headshot_desktop/f_auto/buccaneers/tmuakznphe87i2lz2kdv.jpg,
Tampa Bay Buccaneers,staff,Mike Caldwell,saved,https://static.clubs.nfl.com/image/upload/t_headshot_desktop/f_auto/buccaneers/m04luqg1cahvb0uqwvn8.jpg,
Tampa Bay Buccaneers,staff,Sarah Evans,saved,https://static.clubs.nfl.com/image/upload/t_headshot_desktop/f_auto/buccaneers/oaw9h2y6rgm0qfy7kzre.jpg,
Tampa Bay Buccaneers,staff,Joey Fitzgerald,saved,https://static.clubs.nfl.com/image/private/t_headshot_desktop/f_auto/buccaneers/yp2w2aeahpit2lrq0zbk.jpg,"<urlopen error [Errno 8] nodename nor servname provided, or not known>"
Tampa Bay Buccaneers,staff,Rashad Johnson,saved,https://static.clubs.nfl.com/image/private/t_headshot_desktop/f_auto/buccaneers/org8rbo3wt6569cmodh4.jpg,"<urlopen error [Errno 8] nodename nor servname provided, or not known>"
Tampa Bay Buccaneers,staff,Jeff Kastl,saved,https://static.clubs.nfl.com/image/private/t_headshot_desktop/f_auto/buccaneers/immwjoz2nqbhkon2zj1z.jpg,"<urlopen error [Errno 8] nodename nor servname provided, or not known>"
Tampa Bay Buccaneers,staff,Bryan McClendon,saved,https://static.clubs.nfl.com/image/upload/t_headshot_desktop/f_auto/buccaneers/tkqqyekpzefb8cysh5er.jpg,
Tampa Bay Buccaneers,staff,Andrew Mitchell,saved,https://static.clubs.nfl.com/image/upload/t_headshot_desktop/f_png/buccaneers/ofqsgovrp8ocmscwxim9.png,
Tampa Bay Buccaneers,staff,Justin Peelle,saved,https://static.clubs.nfl.com/image/upload/t_headshot_desktop/f_auto/v1713890667/buccaneers/chieyffdvx7yqzixtrag.jpg,
Tampa Bay Buccaneers,staff,Skip Peete,saved,https://static.clubs.nfl.com/image/private/t_headshot_desktop/f_auto/buccaneers/pcemaj2r1aqe4zqb0s5x.jpg,"<urlopen error [Errno 8] nodename nor servname provided, or not known>"
Tampa Bay Buccaneers,staff,Luke Smith,saved,https://static.clubs.nfl.com/image/upload/t_headshot_desktop/f_auto/buccaneers/talnawbbzb6b3pydgsvc.jpg,
Tampa Bay Buccaneers,staff,Blaine Stewart,saved,https://static.clubs.nfl.com/image/upload/t_headshot_desktop/f_auto/buccaneers/a3raqjp90iuz5hk67mxc.jpg,
Tampa Bay Buccaneers,staff,Chad Wade,saved,https://static.clubs.nfl.com/image/private/t_headshot_desktop/f_auto/buccaneers/nm8yzql3q0jddjby1t5m.jpg,"<urlopen error [Errno 8] nodename nor servname provided, or not known>"
Tampa Bay Buccaneers,staff,Deandre Ward Sr.,saved,https://static.clubs.nfl.com/image/private/t_headshot_desktop/f_auto/buccaneers/xgae8kd3e61wg6aq6lqa.jpg,"<urlopen error [Errno 8] nodename nor servname provided, or not known>"
Tampa Bay Buccaneers,staff,Marcus West,saved,https://static.clubs.nfl.com/image/upload/t_headshot_desktop/f_auto/buccaneers/krouvtoobmmbueobs2qa.jpg,
Tampa Bay Buccaneers,staff,Chandler Whitmer,saved,https://static.clubs.nfl.com/image/upload/t_headshot_desktop/f_auto/buccaneers/td0zgskmznefahlkbyst.jpg,
Tampa Bay Buccaneers,staff,Ken Zampese,saved,https://static.clubs.nfl.com/image/upload/t_headshot_desktop/f_auto/buccaneers/iknz9prmcvmvsbxcygus.jpg,
Tennessee Titans,roster,Elic Ayomanor,saved,https://a.espncdn.com/i/headshots/nfl/players/full/4883647.png,
Tennessee Titans,roster,Daniel Bellinger,saved,https://a.espncdn.com/i/headshots/nfl/players/full/4361516.png,
Tennessee Titans,roster,Fernando Carmona,saved,https://a.espncdn.com/i/headshots/nfl/players/full/4710000.png,
Tennessee Titans,roster,Julius Chestnut,saved,https://a.espncdn.com/i/headshots/nfl/players/full/4367567.png,
Tennessee Titans,roster,Pat Coogan,saved,https://a.espncdn.com/i/headshots/nfl/players/full/4596542.png,
Tennessee Titans,roster,Brandon Crenshaw-Dickson,saved,https://a.espncdn.com/i/headshots/nfl/players/full/4426987.png,
Tennessee Titans,roster,Chimere Dike,saved,https://a.espncdn.com/i/headshots/nfl/players/full/4431268.png,
Tennessee Titans,roster,Kylen Granson,saved,https://a.espncdn.com/i/headshots/nfl/players/full/4039160.png,
Tennessee Titans,roster,Gunnar Helm,saved,https://a.espncdn.com/i/headshots/nfl/players/full/4686728.png,
Tennessee Titans,roster,James Hudson III,saved,https://a.espncdn.com/i/headshots/nfl/players/full/4258181.png,
Tennessee Titans,roster,JC Latham,saved,https://a.espncdn.com/i/headshots/nfl/players/full/4431437.png,
Tennessee Titans,roster,Atonio Mafi,saved,https://a.espncdn.com/i/headshots/nfl/players/full/4367202.png,
Tennessee Titans,roster,David Martin-Robinson,saved,https://a.espncdn.com/i/headshots/nfl/players/full/4360978.png,
Tennessee Titans,roster,Dan Moore Jr.,saved,https://a.espncdn.com/i/headshots/nfl/players/full/4240920.png,
Tennessee Titans,roster,Tony Pollard,saved,https://a.espncdn.com/i/headshots/nfl/players/full/3916148.png,
Tennessee Titans,roster,Calvin Ridley,saved,https://a.espncdn.com/i/headshots/nfl/players/full/3925357.png,
Tennessee Titans,roster,Wan'Dale Robinson,saved,https://a.espncdn.com/i/headshots/nfl/players/full/4569587.png,
Tennessee Titans,roster,Austin Schlottmann,saved,https://a.espncdn.com/i/headshots/nfl/players/full/4038544.png,
Tennessee Titans,roster,Nicholas Singleton,saved,https://a.espncdn.com/i/headshots/nfl/players/full/4685555.png,
Tennessee Titans,roster,Peter Skoronski,saved,https://a.espncdn.com/i/headshots/nfl/players/full/4429100.png,
Tennessee Titans,roster,Jackson Slater,saved,https://a.espncdn.com/i/headshots/nfl/players/full/4876319.png,
Tennessee Titans,roster,Tyjae Spears,saved,https://a.espncdn.com/i/headshots/nfl/players/full/4428557.png,
Tennessee Titans,roster,Carnell Tate,saved,https://a.espncdn.com/i/headshots/nfl/players/full/4871023.png,
Tennessee Titans,roster,Mitchell Trubisky,saved,https://a.espncdn.com/i/headshots/nfl/players/full/3039707.png,
Tennessee Titans,roster,Cam Ward,saved,https://a.espncdn.com/i/headshots/nfl/players/full/4688380.png,
Tennessee Titans,roster,Tony Adams,saved,https://a.espncdn.com/i/headshots/nfl/players/full/4240532.png,
Tennessee Titans,roster,Cody Barton,saved,https://a.espncdn.com/i/headshots/nfl/players/full/3926229.png,
Tennessee Titans,roster,Terrell Burgess,saved,https://a.espncdn.com/i/headshots/nfl/players/full/4035663.png,
Tennessee Titans,roster,Mohamoud Diabate,saved,https://a.espncdn.com/i/headshots/nfl/players/full/4567403.png,
Tennessee Titans,roster,Jordan Elliott,saved,https://a.espncdn.com/i/headshots/nfl/players/full/4039052.png,
Tennessee Titans,roster,Keldric Faulk,saved,https://a.espncdn.com/i/headshots/nfl/players/full/4870707.png,
Tennessee Titans,roster,Cor'Dale Flott,saved,https://a.espncdn.com/i/headshots/nfl/players/full/4429607.png,
Tennessee Titans,roster,John Franklin-Myers,saved,https://a.espncdn.com/i/headshots/nfl/players/full/3120464.png,
Tennessee Titans,roster,Cedric Gray,saved,https://a.espncdn.com/i/headshots/nfl/players/full/4429834.png,
Tennessee Titans,roster,Erick Hallett II,saved,https://a.espncdn.com/i/headshots/nfl/players/full/4373320.png,
Tennessee Titans,roster,Marcus Harris,saved,https://a.espncdn.com/i/headshots/nfl/players/full/4570469.png,
Tennessee Titans,roster,Anthony Hill Jr.,saved,https://a.espncdn.com/i/headshots/nfl/players/full/4870805.png,
Tennessee Titans,roster,Amani Hooker,saved,https://a.espncdn.com/i/headshots/nfl/players/full/4036134.png,
Tennessee Titans,roster,Jermaine Johnson II,saved,https://a.espncdn.com/i/headshots/nfl/players/full/4567962.png,
Tennessee Titans,roster,Jaylon Jones,saved,https://a.espncdn.com/i/headshots/nfl/players/full/4047655.png,
Tennessee Titans,roster,Truman Jones,saved,https://a.espncdn.com/i/headshots/nfl/players/full/4367828.png,
Tennessee Titans,roster,Jackie Marshall,saved,https://a.espncdn.com/i/headshots/nfl/players/full/5081785.png,
Tennessee Titans,roster,Jacob Martin,saved,https://a.espncdn.com/i/headshots/nfl/players/full/3138764.png,
Tennessee Titans,roster,Oluwafemi Oladejo,saved,https://a.espncdn.com/i/headshots/nfl/players/full/4876057.png,
Tennessee Titans,roster,Owen Pappoe,saved,https://a.espncdn.com/i/headshots/nfl/players/full/4567219.png,
Tennessee Titans,roster,Micah Robinson,saved,https://a.espncdn.com/i/headshots/nfl/players/full/4695280.png,
Tennessee Titans,roster,Jeffery Simmons,saved,https://a.espncdn.com/i/headshots/nfl/players/full/4035369.png,
Tennessee Titans,roster,Nazir Stackhouse,saved,https://a.espncdn.com/i/headshots/nfl/players/full/4429142.png,
Tennessee Titans,roster,Alontae Taylor,saved,https://a.espncdn.com/i/headshots/nfl/players/full/4369835.png,
Tennessee Titans,roster,Solomon Thomas,saved,https://a.espncdn.com/i/headshots/nfl/players/full/3117258.png,
Tennessee Titans,roster,James Williams Sr.,saved,https://a.espncdn.com/i/headshots/nfl/players/full/4431613.png,
Tennessee Titans,roster,Kevin Winston Jr.,saved,https://a.espncdn.com/i/headshots/nfl/players/full/4685617.png,
Tennessee Titans,roster,Morgan Cox,saved,https://a.espncdn.com/i/headshots/nfl/players/full/13848.png,
Tennessee Titans,roster,Joey Slye,saved,https://a.espncdn.com/i/headshots/nfl/players/full/3124084.png,
Tennessee Titans,roster,Tommy Townsend,saved,https://a.espncdn.com/i/headshots/nfl/players/full/3915398.png,
Tennessee Titans,roster,Kendell Brooks,saved,https://a.espncdn.com/i/headshots/nfl/players/full/4585317.png,
Tennessee Titans,roster,Milo Eifler,saved,https://a.espncdn.com/i/headshots/nfl/players/full/4371940.png,
Tennessee Titans,roster,Jaylen Harrell,saved,https://a.espncdn.com/i/headshots/nfl/players/full/4429058.png,
Tennessee Titans,roster,Andre James,saved,https://a.espncdn.com/i/headshots/nfl/players/full/3932244.png,
Tennessee Titans,roster,Jaren Kanak,saved,https://a.espncdn.com/i/headshots/nfl/players/full/4877034.png,
Tennessee Titans,roster,Tanoh Kpassagnon,saved,https://a.espncdn.com/i/headshots/nfl/players/full/2982313.png,
Tennessee Titans,roster,Dorian Mausi,saved,https://a.espncdn.com/i/headshots/nfl/players/full/4573318.png,
Tennessee Titans,roster,Joshua Williams,saved,https://a.espncdn.com/i/headshots/nfl/players/full/4917635.png,
Tennessee Titans,roster,Michael Carter,saved,https://a.espncdn.com/i/headshots/nfl/players/full/4240657.png,
Tennessee Titans,roster,Garrett Dellinger,saved,https://a.espncdn.com/i/headshots/nfl/players/full/4431252.png,
Tennessee Titans,roster,Mario Goodrich III,saved,https://a.espncdn.com/i/headshots/nfl/players/full/4360318.png,
Tennessee Titans,roster,Jalyn Holmes,saved,https://a.espncdn.com/i/headshots/nfl/players/full/3121414.png,
Tennessee Titans,roster,Hendon Hooker,saved,https://a.espncdn.com/i/headshots/nfl/players/full/4240858.png,
Tennessee Titans,roster,Timmy Horne,saved,https://a.espncdn.com/i/headshots/nfl/players/full/4045701.png,
Tennessee Titans,roster,Jalen McMurray,saved,https://a.espncdn.com/i/headshots/nfl/players/full/4683455.png,
Tennessee Titans,roster,Rasheed Miller,saved,https://a.espncdn.com/i/headshots/nfl/players/full/4568699.png,
Tennessee Titans,roster,Tyren Montgomery,saved,https://a.espncdn.com/i/headshots/nfl/players/full/5103197.png,
Tennessee Titans,roster,Drew Moss,saved,https://a.espncdn.com/i/headshots/nfl/players/full/4879480.png,
Tennessee Titans,roster,Kalel Mullings,saved,https://a.espncdn.com/i/headshots/nfl/players/full/4429121.png,
Tennessee Titans,roster,Isaiah Oliver,saved,https://a.espncdn.com/i/headshots/nfl/players/full/3915437.png,
Tennessee Titans,roster,K.J. Osborn,saved,https://a.espncdn.com/i/headshots/nfl/players/full/3916566.png,
Tennessee Titans,roster,Xavier Restrepo,saved,https://a.espncdn.com/i/headshots/nfl/players/full/4431353.png,
Tennessee Titans,roster,Laki Tasi,saved,https://a.espncdn.com/i/headshots/nfl/players/full/5278710.png,
Tennessee Titans,roster,Joel Wilson,saved,https://a.espncdn.com/i/headshots/nfl/players/full/4362570.png,
Tennessee Titans,staff,Robert Saleh,saved,https://static.clubs.nfl.com/image/upload/t_editorial_landscape_12_desktop/titans/fflteh2nl88z9oocmsnj,"<urlopen error [Errno 8] nodename nor servname provided, or not known>"
Tennessee Titans,staff,Brian Daboll,saved,https://static.clubs.nfl.com/image/upload/t_headshot_desktop/f_auto/titans/a9bztzhfpemeemalfxkn.jpg,
Tennessee Titans,staff,Carmen Bricillo,saved,https://static.clubs.nfl.com/image/upload/t_headshot_desktop/f_auto/titans/xgwizclg11psqprygcky.jpg,
Tennessee Titans,staff,Trevor Browder,saved,https://static.clubs.nfl.com/image/upload/t_headshot_desktop/f_auto/titans/u6rnagdso6kmuasnt0zu.jpg,
Tennessee Titans,staff,Randy Jordan,saved,https://static.clubs.nfl.com/image/upload/t_headshot_desktop/f_auto/titans/mdloe06vvxw7dw6ouzbm.jpg,
Tennessee Titans,staff,Cade Knox,saved,https://static.clubs.nfl.com/image/upload/t_headshot_desktop/f_auto/titans/p0otfm8duxkseghavrml.jpg,
Tennessee Titans,staff,Greg Lewis,saved,https://static.clubs.nfl.com/image/upload/t_headshot_desktop/f_auto/titans/bn2lokwp3e5yas5z0ljp.jpg,
Tennessee Titans,staff,John Rudnicki,saved,https://static.clubs.nfl.com/image/upload/t_headshot_desktop/f_auto/titans/otekigwajzlhfrtvcyu0.jpg,
Tennessee Titans,staff,Luke Stocker,saved,https://static.clubs.nfl.com/image/upload/t_headshot_desktop/f_auto/titans/mn2ar61wfisjqrggljka.jpg,
Tennessee Titans,staff,Shea Tierney,saved,https://static.clubs.nfl.com/image/upload/t_headshot_desktop/f_auto/titans/ksrfroogurvbkksdohhz.jpg,
Tennessee Titans,staff,Isaac Williams,saved,https://static.clubs.nfl.com/image/upload/t_headshot_desktop/f_auto/titans/bljxqxcbxuxibndu0g8m.jpg,
Tennessee Titans,staff,Gus Bradley,saved,https://static.clubs.nfl.com/image/upload/t_headshot_desktop/f_auto/titans/m7yrk4kr4dboiqajfezt.jpg,
Tennessee Titans,staff,Ben Bloom,saved,https://static.clubs.nfl.com/image/upload/t_headshot_desktop/f_auto/v1775760493/titans/h1e23v4e3vhxiftkdgku.jpg,
Tennessee Titans,staff,Dave Borgonzi,saved,https://static.clubs.nfl.com/image/upload/t_headshot_desktop/f_auto/titans/ldxiyc8h207zlycijxly.jpg,
Tennessee Titans,staff,Dalton Hilliard,saved,https://static.clubs.nfl.com/image/upload/t_headshot_desktop/f_auto/titans/vpb66vo5oytodfrkocr7.jpg,
Tennessee Titans,staff,Marquand Manuel,saved,https://static.clubs.nfl.com/image/upload/t_headshot_desktop/f_auto/titans/orravlbufrwghqhwab8p.jpg,
Tennessee Titans,staff,Tony Oden,saved,https://static.clubs.nfl.com/image/upload/t_headshot_desktop/f_auto/titans/jybtefiqy78sdwh2xllz.jpg,
Tennessee Titans,staff,Ahmed Saleh,saved,https://static.clubs.nfl.com/image/upload/t_headshot_desktop/f_auto/titans/yy8ykwvztlikj0ovjjwd.jpg,
Tennessee Titans,staff,Tanzel Smart,saved,https://static.clubs.nfl.com/image/upload/t_headshot_desktop/f_auto/titans/jqlgy5dl7zgcjewgaqcq.jpg,
Tennessee Titans,staff,Aaron Whitecotton,saved,https://static.clubs.nfl.com/image/upload/t_headshot_desktop/f_auto/titans/fbrxlymm4o8bzjuj1m1i.jpg,
Tennessee Titans,staff,John Fassel,saved,https://static.clubs.nfl.com/image/upload/t_headshot_desktop/f_auto/titans/n2f3l06dhrdz8rjm5fh5.jpg,
Tennessee Titans,staff,Rayna Stewart,saved,https://static.clubs.nfl.com/image/upload/t_headshot_desktop/f_auto/titans/o4nqhww36h6aaxit9qyj.jpg,
Tennessee Titans,staff,Zac Woodfin,saved,https://static.clubs.nfl.com/image/upload/t_headshot_desktop/f_auto/titans/z5zjztu2gvaqlgw8rzei.jpg,
Tennessee Titans,staff,Brian Bell,saved,https://static.clubs.nfl.com/image/upload/t_headshot_desktop/f_auto/titans/xcmoiiesmxoqhqujswlj.jpg,
Tennessee Titans,staff,Dave Puloka,saved,https://static.clubs.nfl.com/image/upload/t_headshot_desktop/f_auto/titans/dlzngfktzp6y2ufhlije.jpg,
Tennessee Titans,staff,Brent Callaway,saved,https://static.clubs.nfl.com/image/upload/t_headshot_desktop/f_auto/titans/hqva8xxgaxglisugexkl.jpg,
Tennessee Titans,staff,John Shaw,saved,https://static.clubs.nfl.com/image/upload/t_headshot_desktop/f_auto/titans/tgi1qctnqk5f0aiewex8.jpg,
Tennessee Titans,staff,Rob Dadona,saved,https://static.clubs.nfl.com/image/upload/t_headshot_desktop/f_auto/v1775760217/titans/utvlf2ic49rivnrtx0wr.jpg,
Washington Commanders,roster,Nick Allegretti,saved,https://a.espncdn.com/i/headshots/nfl/players/full/3115922.png,
Washington Commanders,roster,Kaytron Allen,saved,https://a.espncdn.com/i/headshots/nfl/players/full/4685246.png,
Washington Commanders,roster,John Bates,saved,https://a.espncdn.com/i/headshots/nfl/players/full/4048228.png,
Washington Commanders,roster,Dyami Brown,saved,https://a.espncdn.com/i/headshots/nfl/players/full/4361577.png,
Washington Commanders,roster,Treylon Burks,saved,https://a.espncdn.com/i/headshots/nfl/players/full/4567156.png,
Washington Commanders,roster,Brandon Coleman,saved,https://a.espncdn.com/i/headshots/nfl/players/full/4685030.png,
Washington Commanders,roster,Josh Conerly Jr.,saved,https://a.espncdn.com/i/headshots/nfl/players/full/4685326.png,
Washington Commanders,roster,Sam Cosmi,saved,https://a.espncdn.com/i/headshots/nfl/players/full/4262199.png,
Washington Commanders,roster,Jacory Croskey-Merritt,saved,https://a.espncdn.com/i/headshots/nfl/players/full/4575131.png,
Washington Commanders,roster,Jayden Daniels,saved,https://a.espncdn.com/i/headshots/nfl/players/full/4426348.png,
Washington Commanders,roster,Stefon Diggs,saved,https://a.espncdn.com/i/headshots/nfl/players/full/2976212.png,
Washington Commanders,roster,Julian Good-Jones,saved,https://a.espncdn.com/i/headshots/nfl/players/full/3917949.png,
Washington Commanders,roster,Matt Gulbin,saved,https://a.espncdn.com/i/headshots/nfl/players/full/4683463.png,
Washington Commanders,roster,Athan Kaliakmanis,saved,https://a.espncdn.com/i/headshots/nfl/players/full/4432722.png,
Washington Commanders,roster,Jaylin Lane,saved,https://a.espncdn.com/i/headshots/nfl/players/full/4602667.png,
Washington Commanders,roster,Marcus Mariota,saved,https://a.espncdn.com/i/headshots/nfl/players/full/2576980.png,
Washington Commanders,roster,Luke McCaffrey,saved,https://a.espncdn.com/i/headshots/nfl/players/full/4426948.png,
Washington Commanders,roster,Terry McLaurin,saved,https://a.espncdn.com/i/headshots/nfl/players/full/3121422.png,
Washington Commanders,roster,Chig Okonkwo,saved,https://a.espncdn.com/i/headshots/nfl/players/full/4360635.png,
Washington Commanders,roster,Lucas Patrick,saved,https://a.espncdn.com/i/headshots/nfl/players/full/2576736.png,
Washington Commanders,roster,Chris Paul,saved,https://a.espncdn.com/i/headshots/nfl/players/full/4244615.png,
Washington Commanders,roster,Ben Sinnott,saved,https://a.espncdn.com/i/headshots/nfl/players/full/4690923.png,
Washington Commanders,roster,Tanoa Togiai,saved,https://a.espncdn.com/i/headshots/nfl/players/full/4605488.png,
Washington Commanders,roster,Rachaad White,saved,https://a.espncdn.com/i/headshots/nfl/players/full/4697815.png,
Washington Commanders,roster,Antonio Williams,saved,https://a.espncdn.com/i/headshots/nfl/players/full/5081432.png,
Washington Commanders,roster,Andrew Wylie,saved,https://a.espncdn.com/i/headshots/nfl/players/full/3042702.png,
Washington Commanders,roster,Colson Yankoff,saved,https://a.espncdn.com/i/headshots/nfl/players/full/4361088.png,
Washington Commanders,roster,Dorance Armstrong,saved,https://a.espncdn.com/i/headshots/nfl/players/full/3928979.png,
Washington Commanders,roster,Ricky Barber,saved,https://a.espncdn.com/i/headshots/nfl/players/full/4428343.png,
Washington Commanders,roster,Percy Butler,saved,https://a.espncdn.com/i/headshots/nfl/players/full/4363097.png,
Washington Commanders,roster,K'Lavon Chaisson,saved,https://a.espncdn.com/i/headshots/nfl/players/full/4242205.png,
Washington Commanders,roster,Leo Chenal,saved,https://a.espncdn.com/i/headshots/nfl/players/full/4426901.png,
Washington Commanders,roster,Nick Cross,saved,https://a.espncdn.com/i/headshots/nfl/players/full/4426403.png,
Washington Commanders,roster,Rasul Douglas,saved,https://a.espncdn.com/i/headshots/nfl/players/full/3943270.png,
Washington Commanders,roster,Javontae Jean-Baptiste,saved,https://a.espncdn.com/i/headshots/nfl/players/full/4361357.png,
Washington Commanders,roster,Joshua Josephs,saved,https://a.espncdn.com/i/headshots/nfl/players/full/5081392.png,
Washington Commanders,roster,Ale Kaho,saved,https://a.espncdn.com/i/headshots/nfl/players/full/4361090.png,
Washington Commanders,roster,Javon Kinlaw,saved,https://a.espncdn.com/i/headshots/nfl/players/full/4259491.png,
Washington Commanders,roster,Frankie Luvu,saved,https://a.espncdn.com/i/headshots/nfl/players/full/3127273.png,
Washington Commanders,roster,Quan Martin,saved,https://a.espncdn.com/i/headshots/nfl/players/full/4360378.png,
Washington Commanders,roster,Kain Medrano,saved,https://a.espncdn.com/i/headshots/nfl/players/full/4427984.png,
Washington Commanders,roster,Fabian Moreau,saved,https://a.espncdn.com/i/headshots/nfl/players/full/2971586.png,
Washington Commanders,roster,Charles Omenihu,saved,https://a.espncdn.com/i/headshots/nfl/players/full/3929865.png,
Washington Commanders,roster,Odafe Oweh,saved,https://a.espncdn.com/i/headshots/nfl/players/full/4361422.png,
Washington Commanders,roster,Tyler Owens,saved,https://a.espncdn.com/i/headshots/nfl/players/full/4572460.png,
Washington Commanders,roster,Daron Payne,saved,https://a.espncdn.com/i/headshots/nfl/players/full/3925354.png,
Washington Commanders,roster,Jeremy Reaves,saved,https://a.espncdn.com/i/headshots/nfl/players/full/3125248.png,
Washington Commanders,roster,Amik Robertson,saved,https://a.espncdn.com/i/headshots/nfl/players/full/4239694.png,
Washington Commanders,roster,Mike Sainristil,saved,https://a.espncdn.com/i/headshots/nfl/players/full/4428414.png,
Washington Commanders,roster,Tim Settle,saved,https://a.espncdn.com/i/headshots/nfl/players/full/3929956.png,
Washington Commanders,roster,Sonny Styles,saved,https://a.espncdn.com/i/headshots/nfl/players/full/5081807.png,
Washington Commanders,roster,Shy Tuttle,saved,https://a.espncdn.com/i/headshots/nfl/players/full/3886601.png,
Washington Commanders,roster,Isaac Yiadom,saved,https://a.espncdn.com/i/headshots/nfl/players/full/3122797.png,
Washington Commanders,roster,Tyler Ott,saved,https://a.espncdn.com/i/headshots/nfl/players/full/17378.png,
Washington Commanders,roster,Drew Stevens,saved,https://a.espncdn.com/i/headshots/nfl/players/full/5081335.png,
Washington Commanders,roster,Tress Way,saved,https://a.espncdn.com/i/headshots/nfl/players/full/16166.png,
Washington Commanders,roster,Trey Amos,saved,https://a.espncdn.com/i/headshots/nfl/players/full/4574689.png,
Washington Commanders,roster,Jordan Magee,saved,https://a.espncdn.com/i/headshots/nfl/players/full/4568617.png,
Washington Commanders,roster,Jeremy McNichols,saved,https://a.espncdn.com/i/headshots/nfl/players/full/3127586.png,
Washington Commanders,roster,Jer'Zhan Newton,saved,https://a.espncdn.com/i/headshots/nfl/players/full/4430560.png,
Washington Commanders,roster,Laremy Tunsil,saved,https://a.espncdn.com/i/headshots/nfl/players/full/3051890.png,
Washington Commanders,roster,Deatrich Wise Jr.,saved,https://a.espncdn.com/i/headshots/nfl/players/full/2980080.png,
Washington Commanders,roster,Jaden Bradley,saved,https://a.espncdn.com/i/headshots/nfl/players/full/4683111.png,
Washington Commanders,roster,Byron Cowart,saved,https://a.espncdn.com/i/headshots/nfl/players/full/3916922.png,
Washington Commanders,roster,Fred Davis II,saved,https://a.espncdn.com/i/headshots/nfl/players/full/4686092.png,
Washington Commanders,roster,Sam Hartman,saved,https://a.espncdn.com/i/headshots/nfl/players/full/4361994.png,
Washington Commanders,roster,Robert Henry Jr.,saved,https://a.espncdn.com/i/headshots/nfl/players/full/5151317.png,
Washington Commanders,roster,Van Jefferson,saved,https://a.espncdn.com/i/headshots/nfl/players/full/3930066.png,
Washington Commanders,roster,Marvin Jones Jr.,saved,https://a.espncdn.com/i/headshots/college-football/players/full/4685425.png,
Washington Commanders,roster,Austin Keys,saved,https://a.espncdn.com/i/headshots/nfl/players/full/4429185.png,
Washington Commanders,roster,Jeffrey M'ba,saved,https://a.espncdn.com/i/headshots/nfl/players/full/5081056.png,
Washington Commanders,roster,Esa Pole,saved,https://a.espncdn.com/i/headshots/nfl/players/full/5153070.png,
Washington Commanders,roster,Craig Reynolds,saved,https://a.espncdn.com/i/headshots/nfl/players/full/4421446.png,
Washington Commanders,roster,Trent Scott,saved,https://a.espncdn.com/i/headshots/nfl/players/full/3123303.png,
Washington Commanders,roster,Terell Smith,saved,https://a.espncdn.com/i/headshots/nfl/players/full/4360935.png,
Washington Commanders,roster,Jack Westover,saved,https://a.espncdn.com/i/headshots/nfl/players/full/4361100.png,
Washington Commanders,staff,Dan Quinn,saved,https://a.espncdn.com/i/headshots/nfl/coaches/65/2485644.jpg,
Washington Commanders,staff,David Blough,saved,https://static.clubs.nfl.com/image/upload/t_editorial_landscape_6_desktop/f_auto/commanders/p7huagfywwgrwcwsyfp5.jpg,"<urlopen error [Errno 8] nodename nor servname provided, or not known>"
Washington Commanders,staff,Larry Izzo,saved,https://static.clubs.nfl.com/image/upload/t_editorial_landscape_6_desktop/f_auto/commanders/ssuyuxtll4nvceek0wjb.jpg,"<urlopen error [Errno 8] nodename nor servname provided, or not known>"
Washington Commanders,staff,Daronte Jones,saved,https://static.clubs.nfl.com/image/upload/t_editorial_landscape_6_desktop/f_auto/commanders/zq0bffhhxs8ghslzive6.jpg,"<urlopen error [Errno 8] nodename nor servname provided, or not known>"
Washington Commanders,staff,George Banko,saved,https://static.clubs.nfl.com/image/upload/t_headshot_desktop/f_auto/commanders/qcjgh3blg3nw3mzeiyoa.jpg,
Washington Commanders,staff,Nick Charlton,saved,https://static.clubs.nfl.com/image/private/t_headshot_desktop/f_png/commanders/lubbkpulk97wr1h5wgbq.png,"<urlopen error [Errno 8] nodename nor servname provided, or not known>"
Washington Commanders,staff,Andre Coleman,saved,https://static.clubs.nfl.com/image/upload/t_headshot_desktop/f_auto/commanders/oojz25vpxchlzsofpim5.jpg,
Washington Commanders,staff,Tommy Donatell,saved,https://static.clubs.nfl.com/image/upload/t_headshot_desktop/f_auto/commanders/hfjfttjaoaqt6yh0d5zv.jpg,
Washington Commanders,staff,Bobby Engram,saved,https://static.clubs.nfl.com/image/upload/t_headshot_desktop/f_auto/commanders/g8uxpn9cjgswenpj8dtl.jpg,
Washington Commanders,staff,Danny Etling,saved,https://static.clubs.nfl.com/image/upload/t_headshot_desktop/f_auto/commanders/r6dxt3p9aos12erkmnnb.jpg,
Washington Commanders,staff,William Gay,saved,https://static.clubs.nfl.com/image/upload/t_headshot_desktop/f_auto/commanders/glzju3lc9jwgpftlptm4.jpg,
Washington Commanders,staff,John Glenn,saved,https://static.clubs.nfl.com/image/upload/t_headshot_desktop/f_auto/commanders/kbnywavlt7jh3pidploe.jpg,
Washington Commanders,staff,Eric Henderson,saved,https://static.clubs.nfl.com/image/upload/t_headshot_desktop/f_auto/commanders/xxdlist22xnnlasqy6v1.jpg,
Washington Commanders,staff,Sarah Hogan,saved,https://static.clubs.nfl.com/image/upload/t_headshot_desktop/f_auto/commanders/rwm6avxjqjj7fmg2y5yk.jpg,
Washington Commanders,staff,Luke Johnson,saved,https://static.clubs.nfl.com/image/upload/t_headshot_desktop/f_auto/commanders/vzhqhz5uwfmcyysv1sst.jpg,
Washington Commanders,staff,Alex Karamihas,saved,https://static.clubs.nfl.com/image/upload/t_headshot_desktop/f_auto/commanders/rfbkl7g0fl4nplmgum01.jpg,
Washington Commanders,staff,Anthony Lynn,saved,https://static.clubs.nfl.com/image/upload/t_headshot_desktop/f_auto/commanders/zbts4oe82ob0upswue01.jpg,
Washington Commanders,staff,Jesse Madden,saved,https://static.clubs.nfl.com/image/upload/t_headshot_desktop/f_auto/commanders/v1kdhrq4ud73wx6t6fdb.jpg,
Washington Commanders,staff,Ken Norton Jr.,saved,https://static.clubs.nfl.com/image/upload/t_headshot_desktop/f_auto/commanders/d9kfkhwnnwdezl5rgvra.jpg,
Washington Commanders,staff,John Pagano,saved,https://static.clubs.nfl.com/image/upload/t_headshot_desktop/f_auto/commanders/gsxy0s2xjcb0rvwznqzw.jpg,
Washington Commanders,staff,David Raih,saved,https://static.clubs.nfl.com/image/upload/t_headshot_desktop/f_auto/commanders/qrqetvnkle9x95klif0k.jpg,
Washington Commanders,staff,Brian Schneider,saved,https://static.clubs.nfl.com/image/upload/t_headshot_desktop/f_auto/commanders/jspp93r6afkjvz0b1wpk.jpg,
Washington Commanders,staff,Darnell Stapleton,saved,https://static.clubs.nfl.com/image/upload/t_headshot_desktop/f_auto/commanders/w6fl3qi8cfoooddjdaa8.jpg,
Washington Commanders,staff,Brian Stoldt,saved,https://static.clubs.nfl.com/image/upload/t_headshot_desktop/f_auto/commanders/shy8gqepj6r5gi9sup14.jpg,
Washington Commanders,staff,Darryl Tapp,saved,https://static.clubs.nfl.com/image/upload/t_headshot_desktop/f_auto/commanders/z2qmqyc5vutmukj8gybs.jpg,
Washington Commanders,staff,Shane Toub,saved,https://static.clubs.nfl.com/image/upload/t_headshot_desktop/f_auto/commanders/iir8f24fjqydfzpffpqd.jpg,
Washington Commanders,staff,Wes Welker,saved,https://static.clubs.nfl.com/image/upload/t_headshot_desktop/f_auto/commanders/bgfyedfjtfaqhmqogirq.jpg,
Washington Commanders,staff,D.J. Williams,saved,https://static.clubs.nfl.com/image/upload/t_headshot_desktop/f_auto/commanders/j4ryuejfpyd10c4zqprf.jpg,
